episode, reward, success, duration, steps, total_steps, memory length, avg_critic_loss, avg_actor_loss
1401, -5.375446796417236, 4, 0.22493975599991245, 1, 1238335,                                             68658, 20.812732696533203, 554.10595703125
1402, -6337.22868514061, 3, 26.625035499000205, 959, 1239294,                                             69617, 32.58977127075195, 527.843994140625
1403, -6145.827626287937, 4, 53.41387961200007, 1863, 1241157,                                             71480, 31.709373474121094, 523.2623901367188
1404, -5946.35211956501, 2, 42.05673108400015, 1286, 1242443,                                             72766, 31.012706756591797, 517.6262817382812
1405, -4956.319558382034, 2, 23.59738247999985, 725, 1243168,                                             73491, 31.36305046081543, 517.8856201171875
1406, -9315.776855170727, 4, 53.29103857000018, 1900, 1245068,                                             75391, 31.693544387817383, 514.5183715820312
1407, -5750.984086513519, 3, 28.330763929000113, 995, 1246063,                                             76386, 31.591951370239258, 516.2752685546875
1408, 2359.8136039972305, 1, 4.3152897090003535, 139, 1246202,                                             76525, 30.171390533447266, 510.255615234375
1409, -4622.581961989403, 3, 22.647087933999956, 794, 1246996,                                             77319, 30.861160278320312, 513.10986328125
1410, -4692.2826989889145, 3, 24.19845623500032, 861, 1247857,                                             78180, 30.616567611694336, 511.9190673828125
1411, -3879.4927755594254, 2, 15.95434855900021, 557, 1248414,                                             78737, 31.581298828125, 512.61328125
1412, -5164.627900660038, 3, 22.976295927000137, 818, 1249232,                                             79555, 31.652814865112305, 512.7713012695312
1413, -8091.982652425766, 2, 42.369382266999764, 1504, 1250736,                                             81059, 31.735374450683594, 511.30242919921875
1414, -7551.703318238258, 4, 57.441121503999966, 2040, 1252776,                                             83099, 32.26909637451172, 513.1942138671875
1415, -5529.943559646606, 3, 31.018929132000267, 1091, 1253867,                                             84190, 31.831491470336914, 510.93011474609375
1416, -6508.746224939823, 4, 51.426590204999684, 1841, 1255708,                                             86031, 32.477134704589844, 512.1401977539062
1417, -5764.097094237804, 3, 30.920994493999842, 1176, 1256884,                                             87207, 32.46350860595703, 510.4048767089844
1418, -4276.84342956543, 3, 19.968155416000172, 689, 1257573,                                             87896, 31.181861877441406, 510.3656921386719
1419, -5775.219408631325, 3, 32.84559451400037, 1133, 1258706,                                             89029, 31.685609817504883, 510.89959716796875
1420, -6273.695493817329, 3, 28.5006612709999, 1000, 1259706,                                             90029, 32.361000061035156, 511.4250793457031
1421, -5115.8551466465, 3, 25.945199444999616, 907, 1260613,                                             90936, 32.56097412109375, 512.4981689453125
1422, -5529.831654667854, 3, 26.58756620000031, 936, 1261549,                                             91872, 32.54090118408203, 510.7124938964844
1423, -5599.964992940426, 3, 31.151932873000078, 1077, 1262626,                                             92949, 32.62982177734375, 509.477783203125
1424, -4725.747613310814, 3, 22.929470279999805, 812, 1263438,                                             93761, 32.727230072021484, 510.4515075683594
1425, -5580.431792497635, 4, 51.79845682500036, 1829, 1265267,                                             95590, 32.02763366699219, 507.1292724609375
1426, -5829.561081528664, 3, 25.387135147999288, 899, 1266166,                                             96489, 31.85706901550293, 504.01080322265625
1427, -6066.7776700258255, 3, 33.61396275199968, 1175, 1267341,                                             97664, 31.99677276611328, 505.3358459472656
1428, -5308.453355193138, 3, 24.264358053999786, 860, 1268201,                                             98524, 31.787935256958008, 506.6910705566406
1429, -7288.94972294569, 4, 56.38538890399923, 1975, 1270176,                                             100499, 32.505577087402344, 505.48040771484375
1430, -4862.414466738701, 3, 22.57470058600029, 778, 1270954,                                             101277, 32.2230110168457, 503.5047302246094
1431, 750.4858319163322, 1, 19.174729000000298, 658, 1271612,                                             101935, 32.57585525512695, 504.3413391113281
1432, -2833.46962171793, 3, 7.304971743999886, 253, 1271865,                                             102188, 33.06275177001953, 505.34490966796875
1433, -5888.095613718033, 3, 28.991803744000208, 1043, 1272908,                                             103231, 32.88051986694336, 504.31658935546875
1434, -6318.378679931164, 3, 28.999293156999556, 1122, 1274030,                                             104353, 32.239383697509766, 502.7750549316406
1435, -6843.696126401424, 4, 53.22038757900009, 1903, 1275933,                                             106256, 32.55940246582031, 502.5719909667969
1436, -5575.447297811508, 3, 27.17199501399955, 940, 1276873,                                             107196, 32.38313674926758, 502.54034423828125
1437, -5573.614721357822, 3, 27.836986492000506, 993, 1277866,                                             108189, 31.91271209716797, 501.8861389160156
1438, -4456.743009388447, 3, 19.570330857000044, 698, 1278564,                                             108887, 31.637054443359375, 499.97711181640625
1439, -4639.157586276531, 3, 23.4908456940002, 841, 1279405,                                             109728, 32.55394744873047, 500.7994689941406
1440, -6755.653501033783, 3, 36.21515167400048, 1274, 1280679,                                             111002, 32.88963317871094, 501.5438537597656
1441, -6312.682482123375, 3, 34.40856057000019, 1199, 1281878,                                             112201, 33.19031524658203, 500.7157897949219
1442, -5536.586861848831, 3, 24.93246902300052, 858, 1282736,                                             113059, 33.6311149597168, 502.4344482421875
1443, -4702.021437764168, 3, 24.40126508100002, 835, 1283571,                                             113894, 33.50110626220703, 502.814208984375
1444, -5022.808700799942, 3, 22.583823242999642, 772, 1284343,                                             114666, 33.88486862182617, 501.3863220214844
1445, -5357.850732207298, 3, 26.545821501999853, 922, 1285265,                                             115588, 33.404640197753906, 500.77325439453125
1446, -7072.1013160943985, 3, 32.73289731400018, 1148, 1286413,                                             116736, 33.308048248291016, 501.3252258300781
1447, -5077.412591934204, 3, 24.236997940999572, 847, 1287260,                                             117583, 33.7722282409668, 500.13262939453125
1448, -3613.9636418819427, 2, 7.9205750029996125, 268, 1287528,                                             117851, 32.64166259765625, 500.5212707519531
1449, -5385.1648007035255, 4, 53.99688648600022, 1876, 1289404,                                             119727, 33.11372756958008, 500.0947265625
1450, -5312.584086894989, 3, 28.350845099999788, 985, 1290389,                                             120712, 34.232627868652344, 502.2561950683594
1451, -5575.218108952045, 3, 30.229619971999455, 1054, 1291443,                                             121766, 33.6038703918457, 500.7865295410156
1452, -5137.24985408783, 3, 25.896314804000212, 906, 1292349,                                             122672, 33.292999267578125, 497.894775390625
1453, -6931.82738083601, 4, 51.634792438999284, 1797, 1294146,                                             124469, 33.521060943603516, 500.3260192871094
1454, -6128.675167441368, 4, 53.91727047999939, 1880, 1296026,                                             126349, 33.31938934326172, 500.95440673828125
1455, -5915.967514634132, 3, 31.850882585999898, 1103, 1297129,                                             127452, 34.07097244262695, 503.85986328125
1456, -6395.637887299061, 4, 57.7298770970001, 1998, 1299127,                                             129450, 33.94794464111328, 501.1546936035156
1457, -5592.885374307632, 3, 28.717581320000136, 986, 1300113,                                             130436, 32.86949157714844, 498.00079345703125
1458, -5671.258818149567, 3, 29.438897162000103, 1008, 1301121,                                             131444, 32.11778259277344, 494.6721496582031
1459, -4697.217331290245, 3, 20.17549192399929, 700, 1301821,                                             132144, 32.35762405395508, 494.3028564453125
1460, 2343.186748713255, 1, 6.242196248000255, 217, 1302038,                                             132361, 30.324031829833984, 491.2151184082031
1461, -5258.188073992729, 3, 23.05949524299922, 792, 1302830,                                             133153, 32.31142044067383, 495.33123779296875
1462, -5523.776712656021, 3, 30.857461701999455, 1064, 1303894,                                             134217, 32.48599624633789, 494.9676818847656
1463, -6146.920967102051, 3, 30.075424826000017, 1042, 1304936,                                             135259, 32.742862701416016, 495.751220703125
1464, 960.7224287390709, 1, 16.85864708200006, 596, 1305532,                                             135855, 32.27517318725586, 492.2508850097656
1465, -3847.1988961696625, 3, 10.93435791399952, 371, 1305903,                                             136226, 33.318763732910156, 492.2235412597656
1466, -6911.126353383064, 4, 57.777934202000324, 2010, 1307913,                                             138236, 32.37735366821289, 492.7639465332031
1467, -7298.881201505661, 4, 58.09747222199985, 2000, 1309913,                                             140236, 31.849903106689453, 491.41619873046875
1468, -5547.087685704231, 3, 30.435363414000676, 1044, 1310957,                                             141280, 31.768177032470703, 489.12603759765625
1469, -8234.870666146278, 3, 39.38831862299958, 1352, 1312309,                                             142632, 32.02806854248047, 489.7809753417969
1470, -6334.066826224327, 4, 58.48850534699977, 2027, 1314336,                                             144659, 31.74459457397461, 486.2007141113281
1471, -5934.081775426865, 3, 31.769730308999897, 1114, 1315450,                                             145773, 31.22694206237793, 483.4870910644531
1472, -6846.589320063591, 3, 35.56424712399985, 1229, 1316679,                                             147002, 30.046669006347656, 483.13995361328125
1473, -4900.727575302124, 3, 23.07870823600024, 805, 1317484,                                             147807, 30.107393264770508, 480.652587890625
1474, -6308.171559453011, 3, 31.700918190000266, 1100, 1318584,                                             148907, 30.469133377075195, 479.91937255859375
1475, -6047.097703337669, 2, 34.636249214999225, 1183, 1319767,                                             150090, 30.92411994934082, 481.41107177734375
1476, -6664.911806464195, 3, 27.28148074799992, 949, 1320716,                                             151039, 30.161846160888672, 479.1888427734375
1477, -5835.44584441185, 4, 53.746180025000285, 1856, 1322572,                                             152895, 30.80777931213379, 481.1857604980469
1478, -6433.28310072422, 4, 58.77794597400043, 2017, 1324589,                                             154912, 30.36886978149414, 480.0616760253906
1479, -4534.509622335434, 3, 21.429685262999556, 745, 1325334,                                             155657, 30.86107635498047, 479.06024169921875
1480, -4935.091451525688, 3, 25.547146832999715, 867, 1326201,                                             156524, 30.336427688598633, 476.21807861328125
1481, -1500.971978187561, 1, 35.62558391099992, 1226, 1327427,                                             157750, 30.4716854095459, 477.02783203125
1482, -4898.143463730812, 2, 26.437770963999355, 909, 1328336,                                             158659, 30.881420135498047, 478.1287536621094
1483, 2335.8903656601906, 1, 4.321353092999743, 139, 1328475,                                             158798, 30.068147659301758, 476.5220947265625
1484, -4073.707255721092, 3, 17.54407879200062, 598, 1329073,                                             159396, 31.4040584564209, 478.479248046875
1485, -5706.596021413803, 3, 29.54869065300045, 1027, 1330100,                                             160423, 30.290348052978516, 477.1680603027344
1486, -7004.2131959199905, 4, 57.819860366000285, 1994, 1332094,                                             162417, 29.65680503845215, 473.7774353027344
1487, -7471.117468595505, 3, 32.846814122999604, 1138, 1333232,                                             163555, 29.214092254638672, 473.70672607421875
1488, -7526.743190646172, 4, 57.744530707000195, 2005, 1335237,                                             165560, 29.899890899658203, 473.2077941894531
1489, -6817.055346131325, 4, 57.82877967700006, 1997, 1337234,                                             167557, 29.30489730834961, 470.2540283203125
1490, -6814.186900854111, 3, 35.611366576000364, 1236, 1338470,                                             168793, 29.48430633544922, 470.6387939453125
1491, -7625.7457773685455, 4, 53.600891856999624, 1858, 1340328,                                             170651, 29.423852920532227, 469.7256164550781
1492, -5645.637726426125, 3, 34.89963214199997, 1202, 1341530,                                             171853, 28.951749801635742, 468.5260925292969
1493, -6444.562569081783, 3, 34.852847190999455, 1205, 1342735,                                             173058, 29.10315704345703, 466.6541442871094
1494, -8460.71184027195, 4, 58.35820038699967, 2030, 1344765,                                             175088, 28.80926513671875, 469.27691650390625
1495, -5994.901432991028, 3, 28.869522911000786, 998, 1345763,                                             176086, 28.598432540893555, 466.3036193847656
1496, -2641.8536840081215, 1, 50.51733386700016, 1731, 1347494,                                             177817, 29.010799407958984, 465.7814636230469
1497, -4826.752766311169, 3, 28.356630491999567, 959, 1348453,                                             178776, 29.031808853149414, 465.96636962890625
1498, -5500.238885879517, 3, 29.5301631300008, 1021, 1349474,                                             179797, 28.702260971069336, 464.625732421875
1499, -5325.048632740974, 3, 29.601824136999312, 1016, 1350490,                                             180813, 28.25957489013672, 463.43951416015625
1500, -5739.709736466408, 3, 32.123606096, 1104, 1351594,                                             181917, 28.94359588623047, 461.9781188964844
1501, -5773.988821387291, 3, 31.40661897100017, 1076, 1352670,                                             182993, 28.847482681274414, 464.38482666015625
1502, -5383.052245259285, 3, 29.197666239999307, 1018, 1353688,                                             184011, 29.15792465209961, 464.0491027832031
1503, -6190.745064020157, 4, 57.162642667, 1988, 1355676,                                             185999, 28.845809936523438, 461.3439636230469
1504, -5055.1284883618355, 3, 30.40178447499966, 1034, 1356710,                                             187033, 28.14463233947754, 461.0534362792969
1505, -5659.480992376804, 3, 29.91181237100045, 1028, 1357738,                                             188061, 27.772686004638672, 459.73773193359375
1506, -6720.987382173538, 3, 25.425902394999866, 870, 1358608,                                             188931, 28.00139045715332, 458.82568359375
1507, -3221.7354843616486, 2, 6.736980312000014, 226, 1358834,                                             189157, 29.17890739440918, 458.6156311035156
1508, -5716.423238635063, 3, 30.76781119200041, 1049, 1359883,                                             190206, 28.115877151489258, 458.17388916015625
1509, -5353.594071149826, 3, 30.80957873599982, 1047, 1360930,                                             191253, 28.253507614135742, 458.3169250488281
1510, -4142.905834436417, 3, 19.546460340999147, 662, 1361592,                                             191915, 28.71407699584961, 459.0447082519531
1511, -6012.037660598755, 3, 37.73287239599995, 1284, 1362876,                                             193199, 28.78752326965332, 458.63189697265625
1512, -6924.708529055119, 3, 27.99229143299999, 1018, 1363894,                                             194217, 28.148155212402344, 457.0048522949219
1513, -6625.0284160375595, 3, 32.78208440100025, 1186, 1365080,                                             195403, 27.851377487182617, 456.03009033203125
1514, -4865.365723848343, 3, 26.38580624899987, 912, 1365992,                                             196315, 27.643505096435547, 456.72705078125
1515, -5368.950355887413, 3, 26.567613745000017, 980, 1366972,                                             197295, 27.608835220336914, 454.2488708496094
1516, -5457.020522594452, 3, 27.879790302999936, 1019, 1367991,                                             198314, 27.061370849609375, 453.2866516113281
1517, -5589.851469993591, 4, 53.11389665700062, 1891, 1369882,                                             200205, 27.685108184814453, 451.9617919921875
1518, -3500.880918264389, 2, 7.316671383999164, 240, 1370122,                                             200445, 26.973194122314453, 451.5683288574219
1519, -6181.746618032455, 3, 31.488160454000536, 1086, 1371208,                                             201531, 27.451099395751953, 451.1793518066406
1520, 1443.3311794996262, 1, 12.541930688999855, 447, 1371655,                                             201978, 27.60672950744629, 450.084716796875
1521, -2862.822049498558, 3, 8.722442668999975, 283, 1371938,                                             202261, 27.4923038482666, 451.6797790527344
1522, -6429.770693838596, 3, 34.51772419200006, 1203, 1373141,                                             203464, 27.750507354736328, 451.0964660644531
1523, -5439.148136615753, 4, 51.89543140099977, 1768, 1374909,                                             205232, 26.863361358642578, 448.97186279296875
1524, -8160.309023678303, 4, 55.59288960899994, 1923, 1376832,                                             207155, 27.201623916625977, 448.0343017578125
1525, -5665.162762641907, 3, 31.418975821999993, 1080, 1377912,                                             208235, 26.6947021484375, 446.7360534667969
1526, -5419.914079129696, 3, 29.875639647000753, 1016, 1378928,                                             209251, 26.899822235107422, 444.7778015136719
1527, -5594.682514607906, 3, 30.58650917399973, 1068, 1379996,                                             210319, 25.68414878845215, 444.5042724609375
1528, -5640.310969591141, 3, 31.40721029100041, 1071, 1381067,                                             211390, 25.800546646118164, 444.3976135253906
1529, -5432.505999088287, 3, 31.279424205000396, 1056, 1382123,                                             212446, 25.770709991455078, 441.4412536621094
1530, -6041.596963405609, 3, 31.242782299000282, 1070, 1383193,                                             213516, 25.637935638427734, 443.1278076171875
1531, -6020.540821790695, 3, 33.86893402200076, 1147, 1384340,                                             214663, 25.693693161010742, 441.8363037109375
1532, -6578.427080154419, 4, 58.05063688900009, 1999, 1386339,                                             216662, 25.964691162109375, 442.1615295410156
1533, -3428.299876153469, 2, 12.744137648000105, 435, 1386774,                                             217097, 25.76468276977539, 443.5904846191406
1534, -4624.435402214527, 3, 23.823057078000602, 787, 1387561,                                             217884, 25.7550048828125, 440.4326477050781
1535, -4618.715474486351, 3, 23.224554870999782, 798, 1388359,                                             218682, 26.825590133666992, 441.7022705078125
1536, -5280.059416294098, 3, 26.07368544000019, 871, 1389230,                                             219553, 25.453981399536133, 438.57086181640625
1537, -4955.635402679443, 3, 22.77916718599954, 786, 1390016,                                             220339, 25.463932037353516, 440.2791442871094
1538, -5520.440781116486, 3, 27.577624716999708, 947, 1390963,                                             221286, 25.70785140991211, 439.619140625
1539, -6348.647647738457, 4, 57.04927671299993, 1952, 1392915,                                             223238, 25.44474220275879, 439.2772521972656
1540, -3684.2238658070564, 2, 17.060738640000636, 583, 1393498,                                             223821, 25.38519859313965, 438.4283447265625
1541, 2317.1037042737007, 1, 4.7887566119998155, 160, 1393658,                                             223981, 25.253284454345703, 437.9449157714844
1542, -2911.0324209332466, 2, 9.139414445000511, 308, 1393966,                                             224289, 25.643999099731445, 441.4549560546875
1543, -5762.440418124199, 4, 57.20253853699978, 1986, 1395952,                                             226275, 25.879749298095703, 438.8718566894531
1544, -8257.326463103294, 2, 45.16909116499937, 1547, 1397499,                                             227822, 25.814586639404297, 438.4689025878906
1545, -7221.962665081024, 3, 32.04770331800046, 1077, 1398576,                                             228899, 25.424423217773438, 438.5987548828125
1546, -3178.3441922068596, 2, 10.80212174099961, 363, 1398939,                                             229262, 25.67104148864746, 439.74310302734375
1547, -2909.415095806122, 2, 5.115361073999338, 167, 1399106,                                             229429, 25.027469635009766, 436.8531494140625
1548, -5496.0115903019905, 3, 31.84226763300012, 1081, 1400187,                                             230510, 26.23778533935547, 440.673095703125
1549, -2961.3857551813126, 2, 7.737068480000744, 265, 1400452,                                             230775, 26.89767837524414, 439.3050537109375
1550, -5750.7589111328125, 4, 55.2014488750001, 1902, 1402354,                                             232677, 26.37460708618164, 440.6649475097656
1551, -9315.008477687836, 4, 55.26991678300146, 1894, 1404248,                                             234571, 26.942201614379883, 440.1783142089844
1552, -6096.9399844408035, 4, 54.591973556000084, 1888, 1406136,                                             236459, 26.41620445251465, 437.11865234375
1553, -4656.835135996342, 3, 24.149139552000634, 827, 1406963,                                             237286, 26.092670440673828, 435.61962890625
1554, -5777.61014688015, 2, 34.41450993699982, 1173, 1408136,                                             238459, 26.081735610961914, 436.50634765625
1555, -4267.565596818924, 3, 21.868875366000793, 747, 1408883,                                             239206, 26.259836196899414, 436.8750305175781
1556, -4616.980980873108, 3, 23.808075212000404, 811, 1409694,                                             240017, 25.650957107543945, 437.8053283691406
1557, 1113.8146939873695, 1, 16.34392709199892, 545, 1410239,                                             240562, 26.30296516418457, 437.224853515625
1558, -2776.1192331314087, 3, 6.733424833000754, 224, 1410463,                                             240786, 26.013591766357422, 435.5559997558594
1559, -5169.207099437714, 2, 29.19687923099991, 1013, 1411476,                                             241799, 26.6933650970459, 436.9585876464844
1560, -5070.442184686661, 2, 19.65779357700012, 655, 1412131,                                             242454, 26.525936126708984, 436.116943359375
1561, -5660.747816026211, 4, 57.50124928900004, 1956, 1414087,                                             244410, 26.519012451171875, 436.01898193359375
1562, -6280.838156700134, 3, 34.1248794080002, 1166, 1415253,                                             245576, 26.572805404663086, 434.8100891113281
1563, -6540.187563359737, 4, 55.60146830099984, 1911, 1417164,                                             247487, 26.502676010131836, 437.0274963378906
1564, -7362.798923492432, 3, 37.24476108700037, 1274, 1418438,                                             248761, 26.283052444458008, 433.7701721191406
1565, -9792.496276021004, 4, 56.827418586999556, 1953, 1420391,                                             250714, 26.10185432434082, 434.4586181640625
1566, -5180.185731649399, 3, 30.351224705000277, 1035, 1421426,                                             251749, 26.167835235595703, 435.7229309082031
1567, -6817.4275379776955, 2, 31.806183593998867, 1083, 1422509,                                             252832, 26.335004806518555, 436.3023681640625
1568, -9315.00944930315, 4, 52.67089643700092, 1806, 1424315,                                             254638, 26.526226043701172, 437.7803955078125
1569, -7907.572715640068, 2, 33.646182296000916, 1143, 1425458,                                             255781, 27.46933937072754, 439.1901550292969
1570, -6953.118899106979, 4, 57.95564572600051, 1986, 1427444,                                             257767, 27.675188064575195, 438.7740173339844
1571, -2974.6314245462418, 2, 6.9979779299992515, 235, 1427679,                                             258002, 26.419710159301758, 436.1191101074219
1572, -5634.1838718652725, 3, 22.684222408001006, 767, 1428446,                                             258769, 27.742908477783203, 439.8019104003906
1573, 2374.9333592653275, 1, 4.1274052940007095, 142, 1428588,                                             258911, 28.77901840209961, 439.7689514160156
1574, -6927.069260239601, 4, 57.63718225199955, 1960, 1430548,                                             260871, 27.341245651245117, 438.3349609375
1575, -5227.845977306366, 3, 26.847643533001246, 915, 1431463,                                             261786, 27.57027816772461, 438.3866882324219
1576, -5277.053293466568, 3, 26.398585389999425, 894, 1432357,                                             262680, 26.466867446899414, 434.71539306640625
1577, -6518.402431964874, 3, 28.349201823999465, 960, 1433317,                                             263640, 26.736148834228516, 435.3189392089844
1578, -5356.855875611305, 3, 23.17330762200072, 789, 1434106,                                             264429, 27.464662551879883, 437.3580017089844
1579, -9218.432925105095, 4, 57.18905562399959, 1941, 1436047,                                             266370, 26.958560943603516, 436.6344909667969
1580, -4874.607209682465, 3, 25.83688010900005, 880, 1436927,                                             267250, 27.044218063354492, 436.4320373535156
1581, -3266.5183745622635, 2, 8.798889843001234, 284, 1437211,                                             267534, 27.35592269897461, 440.85845947265625
1582, -3530.157458424568, 2, 16.954888505999406, 576, 1437787,                                             268110, 27.448238372802734, 438.3063659667969
1583, -5301.026874959469, 2, 19.16724690099909, 635, 1438422,                                             268745, 27.244300842285156, 440.6719970703125
1584, -3038.4974806904793, 3, 10.812250058001155, 359, 1438781,                                             269104, 27.095491409301758, 441.2455139160156
1585, -8281.262019515038, 2, 27.056390675999864, 923, 1439704,                                             270027, 27.806171417236328, 439.6784973144531
1586, 1784.2059672474861, 1, 9.520958318998964, 309, 1440013,                                             270336, 27.270410537719727, 440.3976135253906
1587, 1736.4898936152458, 1, 11.33388979099982, 373, 1440386,                                             270709, 27.60725975036621, 440.2384948730469
1588, -2800.057258427143, 3, 9.809153219001018, 322, 1440708,                                             271031, 27.752960205078125, 440.52313232421875
1589, 2334.1208388209343, 1, 4.322894615999758, 144, 1440852,                                             271175, 28.414770126342773, 440.27447509765625
1590, 1740.610674917698, 1, 11.524775312998827, 377, 1441229,                                             271552, 28.4453067779541, 438.4150085449219
1591, -2601.8332245349884, 3, 5.8324395540003025, 195, 1441424,                                             271747, 28.572778701782227, 440.3150939941406
1592, -3542.231614291668, 2, 14.421908041000279, 488, 1441912,                                             272235, 27.841249465942383, 440.96014404296875
1593, -3324.60209608078, 2, 13.333615759998793, 445, 1442357,                                             272680, 28.040462493896484, 441.45794677734375
1594, 2214.3932178020477, 1, 7.88598449500023, 273, 1442630,                                             272953, 27.332748413085938, 439.47564697265625
1595, -7273.806356489658, 4, 52.12321017200156, 1766, 1444396,                                             274719, 28.80000114440918, 442.9601745605469
1596, -7444.041820049286, 2, 36.889354752000145, 1266, 1445662,                                             275985, 29.250648498535156, 445.3602294921875
1597, -3926.3608793616295, 3, 18.01468176600065, 617, 1446279,                                             276602, 28.803510665893555, 446.2027587890625
1598, -4842.275315284729, 2, 11.128104438001174, 367, 1446646,                                             276969, 29.504709243774414, 450.09783935546875
1599, -3674.357081949711, 2, 12.951881435999894, 452, 1447098,                                             277421, 30.601221084594727, 447.6445617675781
1600, 2244.097714841366, 1, 4.92769245800082, 162, 1447260,                                             277583, 29.442367553710938, 452.50592041015625
1601, -4773.946735262871, 3, 23.613804690001416, 796, 1448056,                                             278379, 29.009130477905273, 447.4462585449219
1602, -2839.8745210170746, 2, 5.317472455000825, 168, 1448224,                                             278547, 31.249095916748047, 451.7977600097656
1603, -3380.121337890625, 2, 6.320680641998479, 207, 1448431,                                             278754, 30.881898880004883, 448.3114318847656
1604, -2750.8956612348557, 2, 7.538079500000094, 261, 1448692,                                             279015, 29.609037399291992, 446.99676513671875
1605, -6630.601459026337, 3, 32.92149900000004, 1113, 1449805,                                             280128, 30.1440372467041, 449.77435302734375
1606, -5320.8933300971985, 3, 25.78143517999888, 870, 1450675,                                             280998, 30.286733627319336, 446.64959716796875
1607, -3667.5692976117134, 2, 18.21492276400022, 615, 1451290,                                             281613, 29.233165740966797, 450.1641845703125
1608, -4745.408082485199, 3, 23.533361873000104, 808, 1452098,                                             282421, 30.2161922454834, 447.8819580078125
1609, -1796.84915214777, 1, 35.98603181600083, 1229, 1453327,                                             283650, 29.714599609375, 448.4282531738281
1610, -7089.082878470421, 4, 53.41998236699874, 1820, 1455147,                                             285470, 29.815025329589844, 448.84527587890625
1611, -5528.799616456032, 3, 27.853748375000578, 932, 1456079,                                             286402, 29.751413345336914, 448.55364990234375
1612, -7689.953082203865, 3, 29.85383860299953, 1015, 1457094,                                             287417, 29.93471336364746, 448.61395263671875
1613, -5992.706657648087, 3, 35.18687069400039, 1191, 1458285,                                             288608, 29.602352142333984, 450.9907531738281
1614, -6048.121068120003, 3, 31.746100452000974, 1090, 1459375,                                             289698, 29.359067916870117, 449.127685546875
1615, -4701.431499838829, 3, 25.70200345899866, 861, 1460236,                                             290559, 29.123947143554688, 449.07568359375
1616, -1978.9250991940498, 1, 44.79768362499999, 1515, 1461751,                                             292074, 29.81902503967285, 451.11785888671875
1617, -3799.746248960495, 2, 19.925145155999417, 675, 1462426,                                             292749, 29.670595169067383, 450.1539001464844
1618, -4930.2449206113815, 3, 24.198730246000196, 820, 1463246,                                             293569, 29.771413803100586, 451.57965087890625
1619, -8015.181729793549, 4, 56.591530958001385, 1934, 1465180,                                             295503, 29.349720001220703, 450.480712890625
1620, -8372.339460134506, 4, 56.7232426949995, 1931, 1467111,                                             297434, 29.894794464111328, 450.50927734375
1621, -4192.63802421093, 2, 16.93458074999944, 573, 1467684,                                             298007, 29.725189208984375, 448.26483154296875
1622, -938.9960758686066, 1, 23.998758057001396, 832, 1468516,                                             298839, 29.36566162109375, 451.0373229980469
1623, -1831.9082004725933, 1, 44.751375690000714, 1510, 1470026,                                             300349, 29.42938232421875, 449.9189147949219
1624, -8508.266144573689, 4, 57.44070767199992, 1944, 1471970,                                             302293, 28.551055908203125, 448.1641540527344
1625, -3466.626284122467, 2, 7.335068984000827, 240, 1472210,                                             302533, 26.994951248168945, 446.7980041503906
1626, -8402.932691216469, 3, 30.249410104999697, 1031, 1473241,                                             303564, 29.164663314819336, 450.9648742675781
1627, -6935.932341814041, 4, 55.29885436800032, 1880, 1475121,                                             305444, 28.615358352661133, 450.4568786621094
1628, -7217.244874596596, 4, 56.6507579120007, 1916, 1477037,                                             307360, 28.601409912109375, 448.6612854003906
1629, -6511.431715726852, 3, 23.77371724799923, 811, 1477848,                                             308171, 28.670991897583008, 450.2714538574219
1630, -4755.342296600342, 3, 22.759327070001746, 774, 1478622,                                             308945, 28.111021041870117, 448.6786193847656
1631, -3954.4818453788757, 3, 12.996002625000983, 448, 1479070,                                             309393, 29.121129989624023, 450.60272216796875
1632, -3355.895839214325, 2, 10.122249537000243, 336, 1479406,                                             309729, 28.850723266601562, 452.0180358886719
1633, -7076.643921494484, 3, 23.031479324999964, 791, 1480197,                                             310520, 28.611129760742188, 451.8836669921875
1634, -3121.5901103019714, 2, 12.348360117000993, 413, 1480610,                                             310933, 28.48015022277832, 453.1998596191406
1635, -4039.7122514247894, 2, 15.54199061899999, 524, 1481134,                                             311457, 29.311185836791992, 454.26922607421875
1636, -4473.076290369034, 2, 13.351987555999585, 449, 1481583,                                             311906, 29.044673919677734, 454.94415283203125
1637, -4929.467962145805, 2, 21.690038541999456, 732, 1482315,                                             312638, 29.24070167541504, 454.48651123046875
1638, -3560.3120592832565, 2, 16.7621338200006, 568, 1482883,                                             313206, 29.300540924072266, 455.2705383300781
1639, -5987.825287044048, 2, 24.794307417998425, 836, 1483719,                                             314042, 29.676082611083984, 454.8298034667969
1640, -3089.8432072401047, 2, 5.9331881899997825, 199, 1483918,                                             314241, 29.318138122558594, 457.14093017578125
1641, -3466.505361020565, 2, 15.954433509999944, 533, 1484451,                                             314774, 29.18861961364746, 456.7410888671875
1642, -1617.3205989599228, 1, 16.722563982999418, 564, 1485015,                                             315338, 30.085351943969727, 458.6585693359375
1643, 1696.8375266194344, 1, 10.324194308001097, 343, 1485358,                                             315681, 30.295753479003906, 459.33660888671875
1644, -2552.840224802494, 2, 3.726639680000517, 121, 1485479,                                             315802, 29.79531478881836, 458.5325927734375
1645, -2939.3358430862427, 2, 5.532035768999776, 186, 1485665,                                             315988, 29.16891098022461, 457.9820251464844
1646, -3717.5838307142258, 2, 9.521797192999657, 351, 1486016,                                             316339, 29.993850708007812, 454.79931640625
1647, -3784.8584926128387, 2, 12.88520957000037, 482, 1486498,                                             316821, 31.27363395690918, 458.46087646484375
1648, -3361.722150683403, 2, 13.754454956999325, 459, 1486957,                                             317280, 30.544147491455078, 462.36419677734375
1649, -3005.6786444187164, 2, 7.697032161000607, 244, 1487201,                                             317524, 30.974584579467773, 462.499755859375
1650, 1768.1287848949432, 1, 9.531101316999411, 302, 1487503,                                             317826, 30.538867950439453, 462.0201110839844
1651, -5117.561566740274, 2, 15.078009621998717, 521, 1488024,                                             318347, 30.994226455688477, 460.3998107910156
1652, -3127.327618777752, 2, 9.496873477999543, 327, 1488351,                                             318674, 30.88700294494629, 463.3869934082031
1653, -3217.464814543724, 3, 11.949253007000152, 403, 1488754,                                             319077, 32.11135482788086, 461.5877380371094
1654, -3329.0266941189766, 2, 14.237435932998778, 480, 1489234,                                             319557, 31.118927001953125, 462.4311218261719
1655, -3143.813809096813, 2, 9.139740778999112, 299, 1489533,                                             319856, 31.712305068969727, 463.369873046875
1656, -3591.9618777632713, 2, 13.350767383000857, 455, 1489988,                                             320311, 31.30525779724121, 460.8590087890625
1657, -2733.6428436636925, 2, 7.453672806999748, 262, 1490250,                                             320573, 31.150529861450195, 461.3908996582031
1658, -4625.588604688644, 3, 22.759593341001164, 779, 1491029,                                             321352, 32.262184143066406, 463.8837890625
1659, -2894.083923459053, 2, 11.366197740000644, 392, 1491421,                                             321744, 31.75318717956543, 466.7451477050781
1660, -3242.1998722553253, 2, 7.296776573000898, 231, 1491652,                                             321975, 32.78799819946289, 464.7060241699219
1661, -6384.1235855817795, 2, 32.12802263999947, 1097, 1492749,                                             323072, 32.34730911254883, 463.08453369140625
1662, 2342.731549024582, 1, 4.328482406999683, 137, 1492886,                                             323209, 31.86376190185547, 465.9711608886719
1663, -7635.366495907307, 4, 56.9310521790012, 1930, 1494816,                                             325139, 32.32427215576172, 465.4527282714844
1664, -5691.8231192827225, 3, 30.263895844000217, 1028, 1495844,                                             326167, 31.322513580322266, 463.9831237792969
1665, -7351.515496253967, 4, 55.06180662400038, 1876, 1497720,                                             328043, 31.3681697845459, 462.195068359375
1666, -4344.08673787117, 3, 20.765134840999963, 702, 1498422,                                             328745, 30.75139617919922, 462.8831481933594
1667, -5319.365483880043, 3, 25.338357471000563, 860, 1499282,                                             329605, 31.392902374267578, 462.4546813964844
1668, -5733.966635346413, 4, 53.939898078000624, 1832, 1501114,                                             331437, 30.738340377807617, 462.55810546875
1669, -8761.951883554459, 3, 32.09520557400174, 1084, 1502198,                                             332521, 31.526735305786133, 463.4084777832031
1670, -6296.428293466568, 3, 34.709495364999384, 1180, 1503378,                                             333701, 30.71572494506836, 462.66876220703125
1671, -6900.153292655945, 3, 30.863293737000276, 1051, 1504429,                                             334752, 30.568471908569336, 462.47210693359375
1672, -5999.401506185532, 3, 30.243422899000507, 1011, 1505440,                                             335763, 31.527278900146484, 463.0630798339844
1673, -6813.956564664841, 3, 35.50564280800063, 1203, 1506643,                                             336966, 30.748762130737305, 463.4785461425781
1674, -5815.425178349018, 3, 30.381788376998884, 1024, 1507667,                                             337990, 31.097633361816406, 464.0655212402344
1675, -5816.342451095581, 3, 29.71796258500035, 999, 1508666,                                             338989, 30.597570419311523, 464.2720031738281
1676, -9144.370877623558, 3, 32.73399315900133, 1112, 1509778,                                             340101, 30.615684509277344, 462.1547546386719
1677, -6938.3616045713425, 4, 54.76627921399995, 1856, 1511634,                                             341957, 30.379196166992188, 463.6052551269531
1678, -6216.34784591198, 4, 51.740466176001064, 1740, 1513374,                                             343697, 30.403989791870117, 463.891357421875
1679, -2846.202200651169, 2, 7.101795626000239, 243, 1513617,                                             343940, 30.121383666992188, 464.3984680175781
1680, -4628.706050992012, 3, 21.265861235000557, 700, 1514317,                                             344640, 30.728252410888672, 464.6586608886719
1681, 2289.051803946495, 1, 4.862418798000363, 167, 1514484,                                             344807, 31.88243293762207, 464.6134033203125
1682, -6345.061637639999, 4, 57.586163991998546, 1951, 1516435,                                             346758, 30.628292083740234, 465.01568603515625
1683, -4676.092586994171, 3, 24.23522057899936, 815, 1517250,                                             347573, 30.288911819458008, 466.1225891113281
1684, -5240.11527889967, 3, 26.326434353999502, 893, 1518143,                                             348466, 30.32425308227539, 464.1332702636719
1685, -7456.203724145889, 3, 34.54168274699987, 1165, 1519308,                                             349631, 30.494155883789062, 466.94989013671875
1686, -2927.185212612152, 2, 6.535914557998694, 218, 1519526,                                             349849, 29.564836502075195, 466.3308410644531
1687, -6155.098310351372, 4, 56.939955096999256, 1937, 1521463,                                             351786, 31.075847625732422, 467.8742370605469
1688, -2742.836486041546, 1, 50.73148741300065, 1701, 1523164,                                             353487, 30.867387771606445, 468.06536865234375
1689, -5347.273558795452, 4, 55.29417152199858, 1855, 1525019,                                             355342, 31.400819778442383, 468.0979919433594
1690, -5812.168315768242, 3, 28.129348368000137, 933, 1525952,                                             356275, 31.256839752197266, 468.7210998535156
1691, 2326.9519047141075, 1, 4.602903307000815, 146, 1526098,                                             356421, 30.63113021850586, 467.1408996582031
1692, -6742.635404109955, 4, 53.45422879100079, 1797, 1527895,                                             358218, 31.132890701293945, 468.6483459472656
1693, -6817.684857368469, 4, 57.35761046399966, 1944, 1529839,                                             360162, 31.201278686523438, 467.95355224609375
1694, -4545.83628988266, 3, 21.918293160000758, 731, 1530570,                                             360893, 30.79605484008789, 465.6526184082031
1695, -5099.543644785881, 2, 22.137371905999316, 741, 1531311,                                             361634, 30.485637664794922, 467.1383972167969
1696, -6228.731372714043, 4, 55.07691369599888, 1875, 1533186,                                             363509, 30.917049407958984, 466.578857421875
1697, -5193.6086413264275, 3, 27.623294213000918, 922, 1534108,                                             364431, 31.09838104248047, 464.8729248046875
1698, -7110.6785289645195, 4, 53.42613881699981, 1794, 1535902,                                             366225, 30.414684295654297, 465.4395751953125
1699, -6790.8969358205795, 4, 54.93311574600011, 1842, 1537744,                                             368067, 29.981185913085938, 463.7721252441406
1700, -5208.571937203407, 3, 26.755055507999714, 889, 1538633,                                             368956, 30.097524642944336, 463.8948974609375
1701, -6532.146100759506, 3, 30.433573738999257, 1001, 1539634,                                             369957, 30.490938186645508, 465.22662353515625
1702, -6571.311887860298, 3, 34.333697060001214, 1151, 1540785,                                             371108, 30.239856719970703, 462.6916198730469
1703, -6131.92583835125, 4, 56.7614818990005, 1902, 1542687,                                             373010, 30.06463623046875, 464.27764892578125
1704, -5630.977515220642, 3, 26.301967154000522, 888, 1543575,                                             373898, 29.706825256347656, 462.9966125488281
1705, -10912.458650708199, 3, 34.723651927999526, 1173, 1544748,                                             375071, 29.118295669555664, 461.7568664550781
1706, -5823.641742944717, 4, 55.14570794800056, 1856, 1546604,                                             376927, 29.313152313232422, 463.0051574707031
1707, -9550.198303818703, 2, 49.199615146000724, 1662, 1548266,                                             378589, 30.017850875854492, 462.9890441894531
1708, -4781.471286654472, 3, 24.130125690999193, 810, 1549076,                                             379399, 29.648170471191406, 462.816162109375
1709, -5860.07210534811, 3, 26.294154693001474, 889, 1549965,                                             380288, 29.29665756225586, 461.30975341796875
1710, -4570.943325638771, 3, 19.950751682999908, 665, 1550630,                                             380953, 30.113630294799805, 462.96197509765625
1711, -6540.826606154442, 4, 55.210118902999966, 1848, 1552478,                                             382801, 29.98125648498535, 463.6424560546875
1712, -6215.441627979279, 2, 41.20079644899852, 1373, 1553851,                                             384174, 29.381181716918945, 462.17767333984375
1713, 2205.0091017484665, 1, 7.662487039000553, 256, 1554107,                                             384430, 30.64520263671875, 464.5485534667969
1714, -4033.4659782648087, 2, 15.15624811700036, 499, 1554606,                                             384929, 30.807313919067383, 463.62628173828125
1715, -6966.743505477905, 2, 13.205237832000421, 451, 1555057,                                             385380, 30.572114944458008, 464.0394287109375
1716, -3599.4459869861603, 2, 9.326011592000214, 302, 1555359,                                             385682, 29.835527420043945, 464.7331237792969
1717, -3895.8048461675644, 3, 15.961481928001376, 539, 1555898,                                             386221, 30.672361373901367, 464.43951416015625
1718, -3611.540347099304, 2, 13.879202492998957, 455, 1556353,                                             386676, 31.345827102661133, 467.1572570800781
1719, -3352.1404168605804, 2, 7.518787879998854, 242, 1556595,                                             386918, 28.906402587890625, 463.4682922363281
1720, -3854.1799412965775, 2, 15.950640948, 515, 1557110,                                             387433, 29.901899337768555, 466.6614074707031
1721, -6441.129499018192, 4, 49.392825539000114, 1682, 1558792,                                             389115, 29.81259536743164, 466.96588134765625
1722, -6635.786516785622, 4, 55.432483229000354, 1916, 1560708,                                             391031, 30.225244522094727, 466.5278015136719
1723, -9030.258677721024, 2, 54.84308188799878, 1864, 1562572,                                             392895, 30.16634178161621, 467.4454650878906
1724, -8054.931929945946, 2, 45.4348398789989, 1515, 1564087,                                             394410, 30.609853744506836, 467.2466125488281
1725, -4868.262681007385, 3, 21.846157975000096, 740, 1564827,                                             395150, 30.686269760131836, 469.77252197265625
1726, -4509.9696172475815, 3, 21.572183583999504, 726, 1565553,                                             395876, 30.525205612182617, 467.2904052734375
1727, -4939.548810958862, 3, 24.602861146000578, 834, 1566387,                                             396710, 30.837543487548828, 468.0193786621094
1728, -5638.466843247414, 3, 29.323633097999846, 981, 1567368,                                             397691, 30.32912826538086, 467.2411804199219
1729, -5793.884194016457, 3, 26.382542639999883, 899, 1568267,                                             398590, 31.04029083251953, 468.6795654296875
1730, -5263.588233828545, 3, 27.80188324700066, 921, 1569188,                                             399511, 30.14097023010254, 468.46856689453125
1731, -4435.755326151848, 3, 23.46324807900055, 791, 1569979,                                             400302, 30.80779457092285, 469.25830078125
1732, -3976.6898686885834, 2, 14.539515087999462, 479, 1570458,                                             400781, 30.862266540527344, 468.8985900878906
1733, -6591.766097545624, 2, 18.702269911000258, 628, 1571086,                                             401409, 31.029088973999023, 468.7827453613281
1734, -5195.152573466301, 4, 52.991293035000126, 1780, 1572866,                                             403189, 30.943513870239258, 469.4094543457031
1735, -4762.630205512047, 3, 24.566194543000165, 801, 1573667,                                             403990, 30.697721481323242, 467.36083984375
1736, -43.97940081357956, 1, 28.853067060001194, 953, 1574620,                                             404943, 31.145896911621094, 469.88104248046875
1737, -8895.772513866425, 3, 53.76889559099982, 1798, 1576418,                                             406741, 30.83734130859375, 469.5740966796875
1738, -6133.255231380463, 3, 27.016845015999934, 899, 1577317,                                             407640, 31.22540855407715, 468.2893371582031
1739, -4108.753244280815, 2, 14.153349763000733, 472, 1577789,                                             408112, 29.97542953491211, 469.5482177734375
1740, -3958.574333012104, 2, 16.200544450999587, 531, 1578320,                                             408643, 31.185903549194336, 469.76043701171875
1741, -5316.230446577072, 3, 27.990289848999964, 951, 1579271,                                             409594, 31.076066970825195, 468.03948974609375
1742, -7692.889522790909, 2, 38.6198274519993, 1284, 1580555,                                             410878, 30.61635971069336, 468.9518737792969
1743, -4690.457639336586, 3, 23.83419963199958, 832, 1581387,                                             411710, 30.616626739501953, 468.44256591796875
1744, -4698.405097663403, 3, 22.977028846000394, 837, 1582224,                                             412547, 31.119258880615234, 466.1684265136719
1745, -6007.599737644196, 2, 16.727304947000448, 529, 1582753,                                             413076, 31.248737335205078, 467.1302490234375
1746, -5306.94034910202, 4, 51.134429943000214, 1743, 1584496,                                             414819, 31.054555892944336, 469.3301696777344
1747, -3758.7972247600555, 2, 14.586621434000335, 496, 1584992,                                             415315, 31.07394027709961, 467.83074951171875
1748, -5725.251749038696, 2, 17.931733866000286, 605, 1585597,                                             415920, 30.5434627532959, 465.7265930175781
1749, -7056.35492682457, 3, 24.371890055999756, 782, 1586379,                                             416702, 30.781402587890625, 467.852783203125
1750, -3276.8908829689026, 2, 12.26732986099887, 396, 1586775,                                             417098, 31.97022247314453, 469.49591064453125
1751, -5165.605511188507, 4, 53.00359796699922, 1772, 1588547,                                             418870, 31.40532112121582, 468.23468017578125
1752, 1090.3975135087967, 1, 16.74867723100033, 563, 1589110,                                             419433, 31.399606704711914, 466.44439697265625
1753, -2628.7201380729675, 3, 8.11448442099936, 251, 1589361,                                             419684, 31.069169998168945, 471.3815612792969
1754, -1981.9204230308533, 1, 42.796120160999635, 1444, 1590805,                                             421128, 31.45069122314453, 468.814453125
1755, -4975.792345881462, 4, 53.09762868500002, 1767, 1592572,                                             422895, 31.343002319335938, 467.89727783203125
1756, -4770.09485912323, 2, 22.11459608900077, 746, 1593318,                                             423641, 31.69393539428711, 470.1284484863281
1757, -4604.4759838581085, 3, 25.145250029001545, 841, 1594159,                                             424482, 31.661134719848633, 469.7368469238281
1758, -5084.257178783417, 3, 26.58863293899958, 878, 1595037,                                             425360, 30.786977767944336, 468.0978088378906
1759, -4930.081798136234, 3, 26.76450723800008, 876, 1595913,                                             426236, 31.569068908691406, 469.1720275878906
1760, -5766.005427122116, 4, 54.278635195998504, 1790, 1597703,                                             428026, 31.325927734375, 467.992919921875
1761, -5389.654299616814, 3, 26.338532919999125, 873, 1598576,                                             428899, 30.75160789489746, 468.63397216796875
1762, -5103.610139191151, 4, 54.19745711299947, 1795, 1600371,                                             430694, 30.983272552490234, 467.9389953613281
1763, -4671.923631072044, 3, 22.35997830800079, 732, 1601103,                                             431426, 31.163549423217773, 467.6192321777344
1764, 2225.2049980163574, 1, 7.938271443001213, 261, 1601364,                                             431687, 31.1451416015625, 467.6412048339844
1765, -4483.869055747986, 3, 19.9526180210014, 651, 1602015,                                             432338, 31.229658126831055, 469.59716796875
1766, -3765.669249653816, 2, 11.010475695000423, 364, 1602379,                                             432702, 31.967296600341797, 468.4023742675781
1767, -7111.444912672043, 3, 35.56278864300111, 1179, 1603558,                                             433881, 30.831716537475586, 469.2377014160156
1768, -5207.38318502903, 3, 30.514249174000724, 1006, 1604564,                                             434887, 30.697654724121094, 466.68756103515625
1769, -9862.93050801754, 2, 43.77005838600053, 1453, 1606017,                                             436340, 31.279813766479492, 468.6127014160156
1770, -4990.947037577629, 3, 25.987415714000235, 863, 1606880,                                             437203, 31.17595863342285, 467.26202392578125
1771, -4788.192995786667, 2, 22.40348720500151, 744, 1607624,                                             437947, 31.249094009399414, 468.363037109375
1772, -3482.744804561138, 2, 14.736906645001, 473, 1608097,                                             438420, 30.674274444580078, 467.0344543457031
1773, -4594.545644402504, 3, 21.03051274599966, 700, 1608797,                                             439120, 32.7445182800293, 468.31597900390625
1774, 2339.1858671307564, 1, 4.711111971999344, 141, 1608938,                                             439261, 30.422449111938477, 464.821044921875
1775, -4986.342199921608, 3, 20.39361396000095, 677, 1609615,                                             439938, 31.074954986572266, 465.3434753417969
1776, -6881.272793292999, 4, 53.73816403300043, 1760, 1611375,                                             441698, 31.207738876342773, 467.182861328125
1777, -3072.2238142490387, 3, 11.382607522000399, 376, 1611751,                                             442074, 32.1573600769043, 467.41375732421875
1778, -3250.643592596054, 2, 12.131237727000553, 385, 1612136,                                             442459, 30.882434844970703, 468.019775390625
1779, -6564.245444178581, 3, 32.34390902300038, 1069, 1613205,                                             443528, 31.33847427368164, 467.8790588378906
1780, -5391.467531085014, 3, 30.387397571001202, 1017, 1614222,                                             444545, 31.704349517822266, 467.1605224609375
1781, -6721.866328597069, 4, 57.768204525998954, 1913, 1616135,                                             446458, 31.459959030151367, 467.7052917480469
1782, -7039.629392206669, 2, 44.84974796999995, 1477, 1617612,                                             447935, 31.24892807006836, 467.1629943847656
1783, -3573.262435555458, 2, 15.92462988599982, 529, 1618141,                                             448464, 31.219865798950195, 467.16058349609375
1784, -5300.975223302841, 3, 29.738114447000044, 977, 1619118,                                             449441, 31.82154083251953, 465.6257019042969
1785, -5483.739233016968, 3, 30.902834307000376, 1011, 1620129,                                             450452, 31.15289306640625, 465.1818542480469
1786, -4828.614414095879, 3, 21.555759973000022, 701, 1620830,                                             451153, 31.74970245361328, 467.00823974609375
1787, -6015.542136311531, 4, 58.20747074999963, 1907, 1622737,                                             453060, 30.751800537109375, 466.1253967285156
1788, -5568.498342633247, 3, 22.09417932499855, 730, 1623467,                                             453790, 31.11072540283203, 468.9153137207031
1789, -5719.438008785248, 3, 31.7643590509997, 1038, 1624505,                                             454828, 31.530357360839844, 467.87164306640625
1790, -1172.4696774482727, 1, 38.223161033, 1261, 1625766,                                             456089, 31.096302032470703, 467.2469787597656
1791, -2467.6218683719635, 2, 3.364377591999073, 105, 1625871,                                             456194, 30.930601119995117, 468.1603698730469
1792, -5331.180582046509, 3, 30.15853143700042, 994, 1626865,                                             457188, 31.23623275756836, 468.84637451171875
1793, -5833.098054409027, 2, 33.126435194000805, 1088, 1627953,                                             458276, 30.516923904418945, 466.15972900390625
1794, -3414.7199759483337, 2, 8.713111670000217, 281, 1628234,                                             458557, 30.237016677856445, 467.3760070800781
1795, -8732.862477600574, 4, 54.40549933299917, 1803, 1630037,                                             460360, 31.376977920532227, 469.38433837890625
1796, -7412.070441961288, 4, 58.03605720700034, 1921, 1631958,                                             462281, 31.720701217651367, 469.3419189453125
1797, -5313.550815582275, 3, 29.667424523999216, 970, 1632928,                                             463251, 31.091445922851562, 468.84814453125
1798, -5380.553561806679, 3, 28.819329468000433, 946, 1633874,                                             464197, 31.45642852783203, 468.9652099609375
1799, -5271.162513256073, 3, 29.330856214999585, 966, 1634840,                                             465163, 31.428783416748047, 471.0144348144531
1800, -5925.497433662415, 4, 55.24731829200027, 1801, 1636641,                                             466964, 30.434701919555664, 467.3384094238281
1801, -5501.705445051193, 4, 49.95764509699984, 1653, 1638294,                                             468617, 30.45465087890625, 466.9710388183594
1802, -5782.402300357819, 3, 29.467911071000344, 967, 1639261,                                             469584, 30.71538734436035, 464.0094909667969
1803, -5490.1742577552795, 2, 28.93695922400002, 957, 1640218,                                             470541, 30.195070266723633, 465.5121765136719
1804, -5000.779546380043, 3, 25.35957264999888, 838, 1641056,                                             471379, 30.41266441345215, 462.881103515625
1805, -7334.388278186321, 2, 38.98066488099903, 1303, 1642359,                                             472682, 30.038249969482422, 464.65191650390625
1806, 2247.958173930645, 1, 4.528747217998898, 150, 1642509,                                             472832, 29.264055252075195, 459.3413391113281
1807, -6077.202856421471, 4, 54.69121816000006, 1806, 1644315,                                             474638, 29.64922523498535, 463.80181884765625
1808, -5672.107499957085, 4, 56.75537787800022, 1868, 1646183,                                             476506, 30.21236228942871, 464.3611145019531
1809, -3316.4026268720627, 2, 13.13010955000027, 429, 1646612,                                             476935, 30.03281593322754, 463.9031982421875
1810, -2959.8109419345856, 2, 7.0055153260000225, 231, 1646843,                                             477166, 29.39349937438965, 464.0576171875
1811, -6697.270740747452, 3, 32.473528720000104, 1052, 1647895,                                             478218, 30.03428077697754, 463.7442321777344
1812, -7128.615125000477, 3, 32.55784143799974, 1069, 1648964,                                             479287, 30.362428665161133, 464.6319580078125
1813, -5288.924548745155, 3, 31.46161558499989, 1031, 1649995,                                             480318, 30.287982940673828, 464.1000061035156
1814, -6468.9783544540405, 4, 53.169025580999005, 1775, 1651770,                                             482093, 30.331655502319336, 464.6356201171875
1815, -3774.572984457016, 2, 9.150285404999522, 307, 1652077,                                             482400, 29.714523315429688, 465.4892578125
1816, 2312.197590827942, 1, 4.330307090000133, 143, 1652220,                                             482543, 30.80221176147461, 462.1960754394531
1817, -4070.735429048538, 3, 15.558609875999537, 507, 1652727,                                             483050, 30.295879364013672, 463.0083312988281
1818, -5588.525958716869, 2, 23.546735510999497, 760, 1653487,                                             483810, 29.558366775512695, 461.7620849609375
1819, -5650.189129412174, 2, 33.36389255299946, 1093, 1654580,                                             484903, 30.10744857788086, 465.72796630859375
1820, -6323.800828933716, 4, 56.76983232299972, 1852, 1656432,                                             486755, 30.237842559814453, 465.3087158203125
1821, -4012.8952873945236, 2, 10.334242454999185, 332, 1656764,                                             487087, 30.065767288208008, 467.16650390625
1822, -5123.863675713539, 3, 30.489994255000056, 995, 1657759,                                             488082, 31.309001922607422, 466.6830749511719
1823, -7017.46011531353, 4, 56.44884565599932, 1867, 1659626,                                             489949, 30.903728485107422, 465.65533447265625
1824, -5382.134339094162, 3, 30.96218629699979, 1000, 1660626,                                             490949, 32.23373794555664, 467.8425598144531
1825, -5772.417134642601, 4, 55.04844775499987, 1818, 1662444,                                             492767, 30.61018943786621, 467.0295104980469
1826, -4515.733757138252, 3, 22.57916720100002, 752, 1663196,                                             493519, 31.039796829223633, 467.5840759277344
1827, -7167.3243908286095, 2, 47.072033591000945, 1552, 1664748,                                             495071, 30.805694580078125, 466.56524658203125
1828, -5215.150115728378, 3, 29.298113231998286, 961, 1665709,                                             496032, 30.74268913269043, 465.99853515625
1829, -6582.711139261723, 2, 36.71909597400008, 1210, 1666919,                                             497242, 31.13471031188965, 466.9991760253906
1830, -5185.997904717922, 2, 25.527626846000203, 845, 1667764,                                             498087, 31.179309844970703, 469.0831604003906
1831, -5600.525489389896, 4, 54.75466923399836, 1813, 1669577,                                             499900, 30.905569076538086, 467.238037109375
1832, -5048.192344903946, 3, 26.363959001002513, 855, 1670432,                                             500755, 31.347612380981445, 467.8344421386719
1833, -7018.119146347046, 4, 57.36892869700023, 1892, 1672324,                                             502647, 31.17916488647461, 467.44586181640625
1834, -5611.596506357193, 3, 30.491513210999983, 984, 1673308,                                             503631, 31.312767028808594, 466.9452209472656
1835, -6980.377694666386, 4, 57.51453359900188, 1913, 1675221,                                             505544, 31.08445930480957, 466.84332275390625
1836, -5702.159787297249, 3, 29.708136519999243, 974, 1676195,                                             506518, 31.413665771484375, 469.3081970214844
1837, -5518.031472504139, 2, 33.36200299700067, 1092, 1677287,                                             507610, 31.586816787719727, 468.0278625488281
1838, -6860.772440493107, 4, 54.86339943300118, 1810, 1679097,                                             509420, 31.431957244873047, 468.86468505859375
1839, -5275.937926530838, 3, 28.44090871499793, 938, 1680035,                                             510358, 31.09938621520996, 468.6929626464844
1840, -6216.648484289646, 4, 53.16413745499813, 1748, 1681783,                                             512106, 31.372112274169922, 468.5429382324219
1841, -6516.542758226395, 3, 32.96521363300053, 1076, 1682859,                                             513182, 30.074848175048828, 466.3676452636719
1842, -7310.430697083473, 4, 55.2422448690013, 1809, 1684668,                                             514991, 30.66542625427246, 467.6712646484375
1843, -584.0471053123474, 1, 28.38607675899766, 925, 1685593,                                             515916, 31.49262237548828, 468.6575622558594
1844, -5567.983037471771, 4, 54.58559878300002, 1792, 1687385,                                             517708, 30.700117111206055, 467.9190979003906
1845, 13.830814719200134, 1, 22.777902445999644, 740, 1688125,                                             518448, 30.750255584716797, 466.6860656738281
1846, -3402.0776426792145, 3, 8.668212839998887, 271, 1688396,                                             518719, 31.195106506347656, 469.2219543457031
1847, -4626.050025463104, 3, 22.976722802999575, 751, 1689147,                                             519470, 30.496456146240234, 467.506103515625
1848, -7214.738087296486, 3, 38.85061124600179, 1283, 1690430,                                             520753, 30.263826370239258, 465.94061279296875
1849, -5613.928874611855, 3, 31.84269574800055, 1049, 1691479,                                             521802, 30.309650421142578, 466.9448547363281
1850, -7695.454231977463, 3, 28.909660716999497, 939, 1692418,                                             522741, 29.676254272460938, 466.0403747558594
1851, -6298.708981633186, 4, 53.21911634599746, 1738, 1694156,                                             524479, 29.560007095336914, 464.46258544921875
1852, -7254.415980219841, 3, 33.88179553899681, 1113, 1695269,                                             525592, 28.778427124023438, 463.0120849609375
1853, 1429.7267951071262, 1, 15.673957852999592, 518, 1695787,                                             526110, 28.49797248840332, 465.1717224121094
1854, 27.258620262145996, 1, 24.86538859400025, 802, 1696589,                                             526912, 28.994747161865234, 462.4401550292969
1855, -5560.447818994522, 4, 51.61649846900036, 1682, 1698271,                                             528594, 29.364978790283203, 463.17486572265625
1856, -1189.4001679420471, 1, 36.71468977399854, 1195, 1699466,                                             529789, 29.260652542114258, 463.56793212890625
1857, -3788.4525678157806, 2, 15.296528561000741, 497, 1699963,                                             530286, 29.093873977661133, 461.5241394042969
1858, -2930.515630066395, 2, 8.321337114997732, 265, 1700228,                                             530551, 28.7782039642334, 459.1163024902344
1859, -5587.659430027008, 2, 22.450263556002028, 725, 1700953,                                             531276, 29.448762893676758, 462.3720703125
1860, -4653.472717046738, 3, 22.883824189000734, 753, 1701706,                                             532029, 28.847505569458008, 461.7499694824219
1861, -2798.0338603258133, 2, 7.080938856001012, 226, 1701932,                                             532255, 28.79353904724121, 464.36981201171875
1862, -3502.382480740547, 2, 13.54860307999843, 450, 1702382,                                             532705, 28.667959213256836, 462.8791809082031
1863, -2391.2917565107346, 1, 40.345101122002234, 1322, 1703704,                                             534027, 29.76309585571289, 464.48504638671875
1864, -4060.771011888981, 2, 16.362276367999584, 534, 1704238,                                             534561, 29.047061920166016, 461.35186767578125
1865, -3894.1679953336716, 2, 16.312031503999606, 530, 1704768,                                             535091, 28.90850067138672, 460.89105224609375
1866, -4887.0858652591705, 2, 20.342702137000742, 654, 1705422,                                             535745, 29.053789138793945, 461.37109375
1867, -3528.081583380699, 2, 13.3910377659995, 440, 1705862,                                             536185, 29.52099609375, 461.33551025390625
1868, -2913.852527856827, 2, 5.115615572998649, 158, 1706020,                                             536343, 28.53721046447754, 463.2510986328125
1869, -5467.44886136055, 4, 55.533717074999004, 1834, 1707854,                                             538177, 29.24281883239746, 462.5995178222656
1870, -4354.162323594093, 3, 20.16629390199887, 656, 1708510,                                             538833, 29.717130661010742, 460.5206604003906
1871, -5219.603593468666, 3, 30.40023764199941, 977, 1709487,                                             539810, 29.44636344909668, 461.637939453125
1872, -5170.193585753441, 3, 28.096853381000983, 921, 1710408,                                             540731, 29.48906135559082, 460.08203125
1873, -5264.692553639412, 3, 25.251820092002163, 826, 1711234,                                             541557, 29.183298110961914, 460.8467102050781
1874, -4778.761398077011, 3, 25.216542948001006, 833, 1712067,                                             542390, 29.48434066772461, 460.49163818359375
1875, -5395.823247075081, 3, 32.31615443799819, 1069, 1713136,                                             543459, 28.834009170532227, 459.48480224609375
1876, -3055.457495689392, 2, 6.902414857999247, 220, 1713356,                                             543679, 28.41669273376465, 458.0416259765625
1877, -4764.559790849686, 3, 25.224233651999384, 816, 1714172,                                             544495, 29.4095516204834, 460.38238525390625
1878, -4960.40246629715, 3, 25.85489906500152, 846, 1715018,                                             545341, 29.618255615234375, 460.9791564941406
1879, -7555.009490609169, 3, 39.53631800099902, 1287, 1716305,                                             546628, 29.116546630859375, 459.8373107910156
1880, -5242.242527842522, 3, 29.291152963996865, 969, 1717274,                                             547597, 29.18023681640625, 459.28643798828125
1881, -6090.364380002022, 3, 36.992735612002434, 1212, 1718486,                                             548809, 29.513952255249023, 459.9190368652344
1882, -6680.132542252541, 2, 39.869220365999354, 1293, 1719779,                                             550102, 29.165666580200195, 459.6185302734375
1883, -4337.261179327965, 2, 22.80687877800301, 729, 1720508,                                             550831, 29.670490264892578, 460.7864074707031
1884, -5883.692270278931, 3, 26.927754819000256, 870, 1721378,                                             551701, 29.147106170654297, 459.2384033203125
1885, -4795.999681711197, 3, 25.040758355000435, 813, 1722191,                                             552514, 29.496063232421875, 458.9215393066406
1886, -6850.105431199074, 4, 53.131444304999604, 1749, 1723940,                                             554263, 28.94808006286621, 457.8675537109375
1887, -4479.513982892036, 3, 22.966040293002152, 762, 1724702,                                             555025, 29.735227584838867, 457.85064697265625
1888, -5060.585179448128, 3, 29.064140296002734, 936, 1725638,                                             555961, 29.251705169677734, 457.7015075683594
1889, -5650.8883719444275, 4, 56.493147181001405, 1851, 1727489,                                             557812, 29.030014038085938, 457.258056640625
1890, -1522.2504239082336, 1, 31.88191351400019, 1040, 1728529,                                             558852, 29.223743438720703, 455.1561584472656
1891, -5374.370018959045, 4, 56.512835088997235, 1858, 1730387,                                             560710, 29.35973358154297, 456.2861633300781
1892, -9240.672315001488, 4, 53.08292138000252, 1718, 1732105,                                             562428, 29.076570510864258, 456.15460205078125
1893, -5805.060232043266, 3, 34.70046611100042, 1132, 1733237,                                             563560, 29.002681732177734, 456.2775573730469
1894, -5788.559453010559, 3, 31.247042554001382, 1016, 1734253,                                             564576, 28.9907283782959, 454.84954833984375
1895, -4329.5770282149315, 3, 23.796953713997937, 767, 1735020,                                             565343, 29.40177345275879, 455.6839294433594
1896, -4610.714679419994, 3, 24.910390926997934, 818, 1735838,                                             566161, 28.930795669555664, 454.9581604003906
1897, -7692.890017271042, 2, 20.99785699899803, 676, 1736514,                                             566837, 29.00058937072754, 454.152099609375
1898, -9314.054414272308, 4, 52.967130556000484, 1716, 1738230,                                             568553, 29.286928176879883, 455.13909912109375
1899, -4504.6732457876205, 3, 24.070455888999277, 778, 1739008,                                             569331, 29.63288688659668, 455.7136535644531
1900, 1184.6591420173645, 1, 17.03273745000115, 553, 1739561,                                             569884, 30.0966854095459, 454.22088623046875
1901, -3971.4810477495193, 3, 19.480584550001367, 622, 1740183,                                             570506, 29.087583541870117, 454.6314697265625
1902, -4005.166176557541, 2, 11.57702815200173, 378, 1740561,                                             570884, 29.58014488220215, 453.75909423828125
1903, -8662.289876461029, 4, 52.26446496000062, 1710, 1742271,                                             572594, 29.186079025268555, 454.45513916015625
1904, -1780.135073006153, 1, 44.58578744799888, 1456, 1743727,                                             574050, 29.116655349731445, 454.07086181640625
1905, -4370.8419162631035, 4, 53.47795951099761, 1713, 1745440,                                             575763, 28.545045852661133, 452.8902282714844
1906, -4902.952918291092, 3, 25.92520996499661, 836, 1746276,                                             576599, 28.304302215576172, 451.3002624511719
1907, 1061.028015077114, 1, 16.852636519000953, 549, 1746825,                                             577148, 28.42884635925293, 451.54632568359375
1908, -2745.6396700143814, 3, 6.936825884000427, 222, 1747047,                                             577370, 28.351154327392578, 449.99365234375
1909, -6994.3999634981155, 3, 39.65867594500014, 1285, 1748332,                                             578655, 28.66351890563965, 451.82012939453125
1910, -4978.671239852905, 3, 23.554714801000955, 762, 1749094,                                             579417, 28.668697357177734, 450.57891845703125
1911, -5484.81902217865, 2, 20.224912035999296, 649, 1749743,                                             580066, 28.95153045654297, 449.2762756347656
1912, -4405.779093503952, 2, 20.35703580200061, 651, 1750394,                                             580717, 28.57830810546875, 449.7467346191406
1913, -3334.1302518844604, 3, 13.403936744998646, 431, 1750825,                                             581148, 28.356990814208984, 450.1152038574219
1914, -5796.401221513748, 3, 28.40953547099707, 939, 1751764,                                             582087, 28.726770401000977, 452.2076110839844
1915, -3343.338083267212, 2, 13.552463431999058, 436, 1752200,                                             582523, 28.520841598510742, 451.5964660644531
1916, -3430.9210135936737, 2, 7.92006537299676, 247, 1752447,                                             582770, 28.848955154418945, 451.92572021484375
1917, -3613.5361539125443, 3, 10.28102497999862, 332, 1752779,                                             583102, 28.154306411743164, 449.754150390625
1918, -3623.0908292531967, 2, 15.159350194997387, 496, 1753275,                                             583598, 28.284954071044922, 448.9766845703125
1919, -8172.238084435463, 3, 26.415705602001253, 855, 1754130,                                             584453, 28.373634338378906, 450.05621337890625
1920, -3031.068394303322, 2, 6.113280683999619, 190, 1754320,                                             584643, 27.819944381713867, 451.6248474121094
1921, -3243.692843914032, 2, 8.599185109000246, 268, 1754588,                                             584911, 29.18409538269043, 452.7030029296875
1922, -5724.611206173897, 3, 22.96293899599914, 733, 1755321,                                             585644, 28.964313507080078, 451.5710144042969
1923, -5344.384499549866, 3, 21.608060282000224, 699, 1756020,                                             586343, 29.15457534790039, 452.1185607910156
1924, -3091.243213057518, 2, 7.5401022549995105, 237, 1756257,                                             586580, 29.418968200683594, 452.95843505859375
1925, -4481.884791493416, 3, 23.008922788001655, 745, 1757002,                                             587325, 28.80902099609375, 451.9040222167969
1926, -1417.562287390232, 1, 30.487955273998523, 995, 1757997,                                             588320, 30.161664962768555, 453.4711608886719
1927, -2747.820893228054, 2, 8.318227432002459, 259, 1758256,                                             588579, 29.193071365356445, 451.5037841796875
1928, -3296.2288432121277, 2, 11.950369943999249, 384, 1758640,                                             588963, 28.706022262573242, 452.0826721191406
1929, -5486.371088981628, 2, 24.771921603998635, 799, 1759439,                                             589762, 29.813995361328125, 453.97259521484375
1930, -3410.064069032669, 2, 9.120891313999891, 292, 1759731,                                             590054, 29.533132553100586, 451.9460144042969
1931, -5332.6656403541565, 3, 27.6302138630017, 893, 1760624,                                             590947, 29.2025146484375, 451.5601806640625
1932, -3211.1215896606445, 2, 7.736936123998021, 247, 1760871,                                             591194, 29.855772018432617, 451.0520324707031
1933, -5980.271155953407, 3, 20.636718541001756, 667, 1761538,                                             591861, 29.21703338623047, 450.88201904296875
1934, -4247.553716659546, 2, 14.553812533002201, 470, 1762008,                                             592331, 28.699827194213867, 451.51214599609375
1935, -4702.0133497715, 3, 25.14726382200024, 820, 1762828,                                             593151, 29.842239379882812, 452.9463806152344
1936, -2984.1377098560333, 2, 5.299390178999602, 163, 1762991,                                             593314, 30.21636199951172, 451.7178955078125
1937, -4950.561938881874, 2, 24.261501696000778, 800, 1763791,                                             594114, 29.198896408081055, 452.8222351074219
1938, -8801.847279191017, 2, 52.489512146999914, 1711, 1765502,                                             595825, 29.616331100463867, 451.5709228515625
1939, -162.32775443792343, 1, 27.813009465000505, 903, 1766405,                                             596728, 29.966976165771484, 453.9856872558594
1940, -6712.357195556164, 3, 53.09528188299737, 1701, 1768106,                                             598429, 29.74189567565918, 453.3865661621094
1941, -4115.137637734413, 2, 16.65577502400265, 543, 1768649,                                             598972, 30.197967529296875, 453.1566467285156
1942, -4395.961184382439, 3, 21.751737946000503, 702, 1769351,                                             599674, 29.721763610839844, 453.5486145019531
1943, -3440.9249691963196, 2, 16.910999676001666, 548, 1769899,                                             600222, 29.523569107055664, 449.9729919433594
1944, -5757.282139599323, 4, 53.057786693003436, 1719, 1771618,                                             601941, 29.92929458618164, 453.1043395996094
1945, -9457.01227581501, 2, 37.22562217899758, 1203, 1772821,                                             603144, 30.680957794189453, 454.266357421875
1946, -4697.746695995331, 3, 19.973219917003007, 635, 1773456,                                             603779, 30.28691864013672, 452.6210021972656
1947, -6131.2891954779625, 4, 56.13139461200262, 1836, 1775292,                                             605615, 29.416519165039062, 451.8774108886719
1948, -5100.512087345123, 4, 56.08776975100045, 1804, 1777096,                                             607419, 29.808883666992188, 451.79522705078125
1949, -6165.882287144661, 3, 31.00762831300017, 993, 1778089,                                             608412, 29.7332820892334, 452.1014709472656
1950, -6157.833904325962, 3, 22.0215718440013, 708, 1778797,                                             609120, 29.298141479492188, 452.0506591796875
1951, -5369.782499670982, 4, 53.12740843700158, 1709, 1780506,                                             610829, 29.6008243560791, 450.740234375
1952, -4772.00342798233, 3, 25.84532346800188, 824, 1781330,                                             611653, 29.19486427307129, 451.0574645996094
1953, -5061.030647277832, 3, 26.406294123000407, 856, 1782186,                                             612509, 29.3704776763916, 452.6268310546875
1954, -4883.708429336548, 3, 25.094791475999955, 814, 1783000,                                             613323, 29.42460823059082, 452.2604064941406
1955, -4958.755657970905, 3, 28.220674947999214, 912, 1783912,                                             614235, 29.78595733642578, 452.39349365234375
1956, -5312.168897032738, 3, 26.770194827000523, 865, 1784777,                                             615100, 29.2359676361084, 449.44384765625
1957, -7918.463810682297, 4, 57.124565883001196, 1856, 1786633,                                             616956, 29.1116886138916, 450.5632019042969
1958, -6578.546284198761, 3, 31.712627425997198, 1022, 1787655,                                             617978, 29.30099105834961, 449.7689208984375
1959, -4789.034382283688, 3, 23.371505357001297, 752, 1788407,                                             618730, 29.49294662475586, 450.42083740234375
1960, -3471.7297344207764, 2, 13.934735323000496, 448, 1788855,                                             619178, 28.48284339904785, 449.9809265136719
1961, -4049.316710948944, 2, 16.704246965000493, 541, 1789396,                                             619719, 30.519617080688477, 454.13531494140625
1962, -3898.903104186058, 2, 11.528294643001573, 365, 1789761,                                             620084, 30.372608184814453, 451.0505065917969
1963, -3927.6333298683167, 2, 14.198684683000465, 448, 1790209,                                             620532, 29.374052047729492, 454.00079345703125
1964, -2903.7858349084854, 2, 8.318591523002397, 256, 1790465,                                             620788, 28.799158096313477, 453.5638732910156
1965, -3192.5058270692825, 2, 13.95350004699867, 397, 1790862,                                             621185, 29.469003677368164, 453.79046630859375
1966, -2789.3600692749023, 2, 8.147429795997596, 253, 1791115,                                             621438, 29.146129608154297, 452.6421203613281
1967, -5938.154068470001, 4, 53.112609062001866, 1723, 1792838,                                             623161, 30.24335479736328, 454.15167236328125
1968, -6449.813632845879, 3, 33.14757459699831, 1064, 1793902,                                             624225, 30.43564224243164, 452.6769714355469
1969, -5215.5606915950775, 4, 53.89300550400003, 1749, 1795651,                                             625974, 29.905973434448242, 453.4270324707031
1970, -10353.725996494293, 4, 56.45446102600181, 1811, 1797462,                                             627785, 29.80019760131836, 452.8941650390625
1971, -7005.399447917938, 3, 28.91762272300184, 939, 1798401,                                             628724, 29.80613136291504, 452.1248474121094
1972, -4495.047808408737, 3, 24.799062114998378, 795, 1799196,                                             629519, 30.088478088378906, 453.356689453125
1973, -4786.49419772625, 3, 23.708869204998336, 702, 1799898,                                             630221, 30.22237205505371, 454.1026916503906
1974, -5142.512487411499, 3, 32.45561667500078, 1046, 1800944,                                             631267, 30.11232566833496, 454.21685791015625
1975, 2358.6904124617577, 1, 4.131110555001214, 137, 1801081,                                             631404, 27.76983070373535, 451.5870361328125
1976, -5197.129603087902, 3, 22.753156166996632, 718, 1801799,                                             632122, 29.763294219970703, 453.6895751953125
1977, -4498.216024041176, 3, 24.000697982999554, 765, 1802564,                                             632887, 29.872562408447266, 453.8224792480469
1978, -7867.225466907024, 2, 42.80312949799918, 1385, 1803949,                                             634272, 30.24631118774414, 455.3111572265625
1979, -3602.9688260555267, 2, 8.93288199699964, 282, 1804231,                                             634554, 31.114870071411133, 455.4388732910156
1980, -5715.258105933666, 3, 28.998795729999983, 930, 1805161,                                             635484, 30.395923614501953, 456.55255126953125
1981, -7929.630159378052, 3, 29.16767974100003, 927, 1806088,                                             636411, 30.54466438293457, 455.51324462890625
1982, -7403.927305340767, 2, 29.8105600150011, 961, 1807049,                                             637372, 30.43631935119629, 456.0375061035156
1983, -5630.948963046074, 4, 53.233074679999845, 1707, 1808756,                                             639079, 30.757495880126953, 457.7236633300781
1984, -5958.473912298679, 4, 55.18662104300165, 1803, 1810559,                                             640882, 30.65958595275879, 457.3513488769531
1985, -5321.88387298584, 3, 29.57160227499844, 948, 1811507,                                             641830, 30.191389083862305, 456.6856994628906
1986, -5975.770983576775, 3, 27.840298900999187, 899, 1812406,                                             642729, 31.031707763671875, 457.29034423828125
1987, -6604.822190344334, 4, 54.48400335899714, 1761, 1814167,                                             644490, 30.350788116455078, 458.1448669433594
1988, -5183.778335511684, 3, 31.408814694998, 1006, 1815173,                                             645496, 31.002168655395508, 458.7133483886719
1989, -5225.960584163666, 3, 20.969022426001175, 669, 1815842,                                             646165, 30.836328506469727, 457.2745361328125
1990, -5625.254878163338, 3, 28.926055477000773, 916, 1816758,                                             647081, 30.20954704284668, 458.67401123046875
1991, -6936.440141201019, 3, 23.352075931998115, 753, 1817511,                                             647834, 30.036922454833984, 458.9031677246094
1992, -5917.331065773964, 4, 56.24781748500027, 1819, 1819330,                                             649653, 30.443552017211914, 458.2481384277344
1993, -3360.2246572971344, 3, 9.503606157999457, 300, 1819630,                                             649953, 31.35187530517578, 459.2854309082031
1994, 214.54781597852707, 1, 27.13484758800041, 871, 1820501,                                             650824, 30.298921585083008, 460.0215759277344
1995, -3098.000556230545, 3, 8.319556491002004, 260, 1820761,                                             651084, 30.96576690673828, 459.0868225097656
1996, -6460.654814839363, 3, 38.02566438899885, 1229, 1821990,                                             652313, 30.589344024658203, 458.4712219238281
1997, -5220.62020945549, 3, 32.395736761998705, 1045, 1823035,                                             653358, 30.204761505126953, 460.0799560546875
1998, -7551.376012742519, 2, 36.95979919199817, 1183, 1824218,                                             654541, 30.354515075683594, 461.1499938964844
1999, -4943.083689332008, 2, 26.18600360900018, 852, 1825070,                                             655393, 31.056880950927734, 460.27410888671875
2000, 1802.1621022820473, 1, 13.351408983999136, 429, 1825499,                                             655822, 30.496030807495117, 457.82244873046875
2001, -7656.531690180302, 4, 54.86294289700163, 1768, 1827267,                                             657590, 31.1157169342041, 459.964111328125
2002, -4283.811007976532, 2, 19.16793172400139, 621, 1827888,                                             658211, 30.88675308227539, 461.4663391113281
2003, -4640.103845000267, 3, 26.38546750399837, 838, 1828726,                                             659049, 31.03363037109375, 459.5804748535156
2004, -3334.1403493881226, 3, 12.056545108000137, 389, 1829115,                                             659438, 32.37451171875, 461.1614685058594
2005, -4568.2242287397385, 2, 11.34808240699931, 360, 1829475,                                             659798, 31.238666534423828, 461.1311340332031
2006, -4759.898329257965, 2, 14.332281082999543, 457, 1829932,                                             660255, 32.12139129638672, 462.4996032714844
2007, -3130.0936851501465, 2, 10.541089905000263, 337, 1830269,                                             660592, 32.249427795410156, 464.65411376953125
2008, -2628.635318517685, 2, 5.130187055998249, 162, 1830431,                                             660754, 31.56043243408203, 461.8132629394531
2009, -2733.8742558956146, 2, 7.1335709979975945, 226, 1830657,                                             660980, 31.596271514892578, 465.6819763183594
2010, -3444.433864235878, 2, 16.802975306000008, 537, 1831194,                                             661517, 32.0972900390625, 462.88494873046875
2011, 2165.9327952861786, 1, 6.12182605000271, 191, 1831385,                                             661708, 32.96633529663086, 465.7013244628906
2012, -4046.9627783298492, 2, 15.33902149399728, 494, 1831879,                                             662202, 32.49347686767578, 466.75958251953125
2013, -3932.2810826301575, 2, 7.11905875299999, 222, 1832101,                                             662424, 32.24040603637695, 465.32513427734375
2014, -3155.4259518384933, 2, 11.941019394998875, 396, 1832497,                                             662820, 32.61680603027344, 466.94171142578125
2015, -2917.746488571167, 2, 5.139199309000105, 181, 1832678,                                             663001, 32.179134368896484, 461.9716491699219
2016, -4944.931018710136, 2, 7.730900665999798, 276, 1832954,                                             663277, 32.058616638183594, 467.2708740234375
2017, -3299.024437367916, 2, 16.159044043000904, 523, 1833477,                                             663800, 32.958763122558594, 464.92724609375
2018, 1906.644611954689, 1, 8.099989539001399, 249, 1833726,                                             664049, 32.029518127441406, 463.3234558105469
2019, -3198.6248368620872, 3, 13.350030945999606, 425, 1834151,                                             664474, 32.48294448852539, 462.35614013671875
2020, -4255.003401756287, 2, 18.16204600799756, 572, 1834723,                                             665046, 33.20425033569336, 466.3868408203125
2021, -4405.478818178177, 2, 22.71534218099987, 721, 1835444,                                             665767, 32.5473518371582, 466.658203125
2022, 1800.2818817198277, 1, 9.348847800003568, 303, 1835747,                                             666070, 34.318058013916016, 469.86163330078125
2023, -3940.733384847641, 3, 14.588594412998646, 464, 1836211,                                             666534, 32.95127487182617, 466.9580078125
2024, -4782.59216940403, 3, 24.663951430000452, 794, 1837005,                                             667328, 33.382537841796875, 466.68353271484375
2025, 1267.1970164775848, 1, 15.558002816000226, 493, 1837498,                                             667821, 32.259071350097656, 465.94793701171875
2026, 243.78659117221832, 1, 25.240294550003455, 805, 1838303,                                             668626, 32.18088912963867, 469.0562744140625
2027, -4790.881566464901, 4, 52.72297814999911, 1775, 1840078,                                             670401, 32.54547882080078, 467.29119873046875
2028, -6056.204799771309, 3, 32.670304105999094, 1056, 1841134,                                             671457, 32.029945373535156, 466.6929016113281
2029, 2357.5838453769684, 1, 4.334299153000757, 140, 1841274,                                             671597, 32.62350082397461, 463.75128173828125
2030, -4028.435818552971, 3, 17.747906904001866, 553, 1841827,                                             672150, 32.82255172729492, 467.3356628417969
2031, -4445.012062907219, 2, 27.92640332099836, 892, 1842719,                                             673042, 31.50033950805664, 466.862060546875
2032, -5572.105954885483, 4, 55.11704939000265, 1769, 1844488,                                             674811, 32.61376190185547, 467.293701171875
2033, -5528.241609334946, 3, 31.77306013099951, 1019, 1845507,                                             675830, 32.10380554199219, 468.4508361816406
2034, -10054.492534816265, 2, 55.735435056001734, 1791, 1847298,                                             677621, 32.38433837890625, 467.4851379394531
2035, -6597.07671558857, 3, 29.41578175899849, 940, 1848238,                                             678561, 31.576982498168945, 466.561767578125
2036, -4025.367746591568, 3, 16.135510975000216, 511, 1848749,                                             679072, 31.937366485595703, 468.9326171875
2037, -4799.750103473663, 3, 20.7791772519995, 664, 1849413,                                             679736, 31.994901657104492, 467.30865478515625
2038, -4486.399523496628, 3, 23.601719770998898, 746, 1850159,                                             680482, 31.88593292236328, 465.5667419433594
2039, -4411.7538776397705, 2, 18.56171665399961, 602, 1850761,                                             681084, 31.243484497070312, 466.7550354003906
2040, -7352.319548249245, 3, 29.0320527210024, 921, 1851682,                                             682005, 31.914766311645508, 466.8835754394531
2041, -6142.841000080109, 4, 53.739935202997, 1734, 1853416,                                             683739, 31.912141799926758, 467.93170166015625
2042, -3365.083130836487, 2, 7.297157561999484, 229, 1853645,                                             683968, 32.24378204345703, 472.8371887207031
2043, -5668.473966836929, 4, 55.55830881300062, 1795, 1855440,                                             685763, 32.13955307006836, 470.24407958984375
2044, -5668.181234240532, 3, 32.83639872799904, 1063, 1856503,                                             686826, 31.663658142089844, 467.65826416015625
2045, -5273.776165962219, 3, 31.768847154002287, 1004, 1857507,                                             687830, 32.0680046081543, 468.8421936035156
2046, -5064.106407225132, 4, 54.96724696599995, 1756, 1859263,                                             689586, 31.571025848388672, 469.19647216796875
2047, -4287.652773618698, 3, 19.968805618998886, 628, 1859891,                                             690214, 32.08264923095703, 468.5297546386719
2048, -5538.102090597153, 3, 24.227176197000517, 757, 1860648,                                             690971, 31.984880447387695, 470.3931579589844
2049, -2523.484316945076, 1, 40.024906233000365, 1286, 1861934,                                             692257, 31.742481231689453, 468.48187255859375
2050, -4745.132369041443, 4, 56.665671416001715, 1800, 1863734,                                             694057, 31.215808868408203, 468.5021057128906
2051, -4103.282878279686, 3, 20.02088653899773, 635, 1864369,                                             694692, 31.944700241088867, 469.7504577636719
2052, -4595.257934451103, 3, 25.181020274998446, 793, 1865162,                                             695485, 31.409292221069336, 468.618408203125
2053, -4914.401921629906, 3, 24.36324064299697, 814, 1865976,                                             696299, 31.28749656677246, 468.26947021484375
2054, 883.4020464420319, 1, 17.73997868600054, 617, 1866593,                                             696916, 31.54410171508789, 470.33544921875
2055, -7270.270754039288, 4, 52.03428600600091, 1757, 1868350,                                             698673, 32.00920486450195, 470.3580627441406
2056, -5049.124203801155, 3, 29.341417102001287, 925, 1869275,                                             699598, 31.915742874145508, 468.23291015625
2057, -5402.5580488443375, 3, 34.16411113999857, 1084, 1870359,                                             700682, 31.216869354248047, 469.296630859375
2058, -6404.414034068584, 4, 54.011598662000324, 1713, 1872072,                                             702395, 32.137664794921875, 468.4530334472656
2059, -5557.74409276247, 3, 33.75885912499871, 1066, 1873138,                                             703461, 31.55301284790039, 467.9553527832031
2060, -3365.554874062538, 2, 15.11731374900046, 457, 1873595,                                             703918, 31.38416290283203, 470.1471862792969
2061, -8659.379951953888, 2, 55.36491296100212, 1752, 1875347,                                             705670, 32.041988372802734, 470.4080810546875
2062, -4244.126446485519, 1, 32.17306083400035, 1004, 1876351,                                             706674, 31.65816879272461, 470.1551513671875
2063, -4633.159409940243, 4, 53.403905675000715, 1692, 1878043,                                             708366, 31.755638122558594, 469.5933837890625
2064, -5159.455444216728, 3, 29.940654050999, 945, 1878988,                                             709311, 32.78453826904297, 470.51318359375
2065, -5713.292461037636, 3, 32.5520531200018, 1040, 1880028,                                             710351, 31.96795654296875, 470.171630859375
2066, -6626.168027281761, 4, 56.170032534999336, 1773, 1881801,                                             712124, 31.78148651123047, 468.9352111816406
2067, -5739.226166069508, 3, 35.05375150799955, 1117, 1882918,                                             713241, 31.611225128173828, 468.7158203125
2068, -4665.181089401245, 3, 26.365893769998365, 839, 1883757,                                             714080, 31.702829360961914, 468.0834655761719
2069, -6115.336376190186, 2, 34.75372390899793, 1098, 1884855,                                             715178, 31.937379837036133, 469.1036682128906
2070, -3909.5561493635178, 2, 20.54694299000039, 639, 1885494,                                             715817, 31.324691772460938, 469.17291259765625
2071, -5183.280314922333, 3, 24.828351075000683, 773, 1886267,                                             716590, 31.487247467041016, 468.9588317871094
2072, -4264.886301994324, 3, 20.530858107998938, 647, 1886914,                                             717237, 31.225692749023438, 469.41943359375
2073, -6180.032476127148, 4, 54.34755181299988, 1737, 1888651,                                             718974, 31.831764221191406, 470.9007263183594
2074, -6097.688313126564, 4, 54.06985033000092, 1739, 1890390,                                             720713, 31.666744232177734, 468.4461364746094
2075, -5120.712330818176, 3, 29.958866244996898, 942, 1891332,                                             721655, 31.938167572021484, 470.0520935058594
2076, -4426.763047218323, 3, 22.980022503998043, 725, 1892057,                                             722380, 31.988903045654297, 471.500244140625
2077, -5225.250263333321, 4, 54.499691347002226, 1733, 1893790,                                             724113, 32.3553466796875, 470.2011413574219
2078, -7084.9774025678635, 2, 41.79458538200197, 1332, 1895122,                                             725445, 32.062286376953125, 468.14007568359375
2079, -3334.4628788232803, 2, 15.597922668999672, 487, 1895609,                                             725932, 31.670438766479492, 469.75140380859375
2080, 1538.8303433656693, 1, 11.94742054100061, 375, 1895984,                                             726307, 31.132030487060547, 470.1734313964844
2081, -3005.2446823716164, 2, 15.0134864870015, 471, 1896455,                                             726778, 31.86789894104004, 472.65899658203125
2082, -5366.809600830078, 2, 19.14073873199959, 601, 1897056,                                             727379, 32.28018569946289, 473.22613525390625
2083, -5120.7086799144745, 4, 53.70487126700027, 1688, 1898744,                                             729067, 32.428199768066406, 472.3237609863281
2084, -6039.1977840662, 4, 54.287677358999645, 1737, 1900481,                                             730804, 32.35393524169922, 471.8946533203125
2085, -4988.058973431587, 3, 33.34017238400338, 1057, 1901538,                                             731861, 32.19565200805664, 470.91375732421875
2086, -5262.941225528717, 3, 28.88945102800062, 907, 1902445,                                             732768, 32.254150390625, 470.8752746582031
2087, -5068.9235697984695, 3, 35.570641140999214, 1127, 1903572,                                             733895, 31.951080322265625, 469.7556457519531
2088, -3301.5519513487816, 3, 9.126833978996729, 280, 1903852,                                             734175, 31.784208297729492, 471.6258239746094
2089, -5543.874270558357, 3, 31.94298677000188, 1011, 1904863,                                             735186, 31.994768142700195, 469.5841979980469
2090, -5262.818627119064, 4, 55.665564908002125, 1774, 1906637,                                             736960, 31.65872573852539, 469.1252746582031
2091, -4638.688231945038, 3, 24.477736804001324, 778, 1907415,                                             737738, 31.760475158691406, 470.67388916015625
2092, -9079.616985619068, 3, 39.561631065000256, 1250, 1908665,                                             738988, 31.44408416748047, 469.9425964355469
2093, -5127.300995707512, 3, 26.944400027001393, 847, 1909512,                                             739835, 31.242189407348633, 471.2544860839844
2094, -5519.636630415916, 3, 33.16269185599958, 1045, 1910557,                                             740880, 32.34264373779297, 467.4643859863281
2095, -6179.551998972893, 3, 30.101045033003174, 952, 1911509,                                             741832, 31.7403507232666, 470.25048828125
2096, -3892.831710100174, 3, 21.038741726999433, 603, 1912112,                                             742435, 32.07676315307617, 470.5257568359375
2097, -6396.925453186035, 3, 28.184461552998982, 886, 1912998,                                             743321, 31.730966567993164, 467.8940124511719
2098, -5462.222743391991, 4, 55.90890826000032, 1763, 1914761,                                             745084, 31.890432357788086, 469.80401611328125
2099, -4738.429844021797, 3, 25.938945961999707, 809, 1915570,                                             745893, 32.260616302490234, 470.42169189453125
2100, -4625.075617790222, 3, 23.70733745599864, 750, 1916320,                                             746643, 31.839271545410156, 468.8040466308594
2101, -6936.544059038162, 4, 55.82085564299996, 1765, 1918085,                                             748408, 31.812095642089844, 468.9234313964844
2102, 2299.0825933218002, 1, 4.53144557899941, 142, 1918227,                                             748550, 31.768451690673828, 466.1036682128906
2103, -3636.571090042591, 3, 16.14418826900146, 504, 1918731,                                             749054, 31.496238708496094, 469.98211669921875
2104, -4847.6359885931015, 3, 25.32783403099893, 797, 1919528,                                             749851, 31.279905319213867, 468.27569580078125
2105, -6316.031699538231, 4, 55.53861232500276, 1740, 1921268,                                             751591, 31.86263656616211, 468.8791198730469
2106, -5530.592269837856, 3, 31.524962487997982, 984, 1922252,                                             752575, 32.16005325317383, 468.56988525390625
2107, -5591.1084587574005, 2, 31.137803685000108, 979, 1923231,                                             753554, 31.62154769897461, 466.18634033203125
2108, -4948.359362721443, 3, 28.482245577000867, 907, 1924138,                                             754461, 31.645496368408203, 467.1965026855469
2109, -4654.658277869225, 3, 21.94975673099907, 670, 1924808,                                             755131, 32.38954544067383, 469.1112060546875
2110, -4269.843809604645, 2, 16.67617240099935, 513, 1925321,                                             755644, 31.903125762939453, 467.8771667480469
