episode, reward, success, duration, steps, total_steps, memory length, avg_critic_loss, avg_actor_loss
2101, 2444.911507025361, 1, 1.9366055849999952, 64, 1916384,                                             746707, 35.309120178222656, 476.764404296875
2102, -6527.667126715183, 4, 50.627548726999976, 1822, 1918206,                                             748529, 32.202369689941406, 468.39898681640625
2103, -4842.836057424545, 2, 21.958197952999967, 789, 1918995,                                             749318, 31.98871612548828, 471.08447265625
2104, -4584.94149184227, 3, 20.56702417500003, 754, 1919749,                                             750072, 31.970304489135742, 471.24493408203125
2105, -5183.144131958485, 2, 25.379145195999968, 921, 1920670,                                             750993, 31.881338119506836, 469.19000244140625
2106, -6610.630657196045, 3, 28.781729943000016, 1048, 1921718,                                             752041, 31.917640686035156, 469.22998046875
2107, -4578.850849449635, 3, 21.56763057500001, 785, 1922503,                                             752826, 32.48193359375, 468.5927429199219
2108, -4689.955481886864, 3, 20.747735526999975, 751, 1923254,                                             753577, 32.170806884765625, 468.07012939453125
2109, 2363.4737157821655, 1, 4.123997917999986, 146, 1923400,                                             753723, 32.27217102050781, 470.1884765625
2110, -5039.594244837761, 3, 22.76126549500009, 821, 1924221,                                             754544, 32.576351165771484, 470.8174133300781
2111, -4980.073642253876, 3, 24.193411956999967, 878, 1925099,                                             755422, 32.173770904541016, 469.2008361816406
2112, -6071.319000840187, 3, 31.594775315999982, 1137, 1926236,                                             756559, 31.798749923706055, 467.5252990722656
2113, -5310.3550745248795, 3, 27.17138735900005, 978, 1927214,                                             757537, 32.01887130737305, 467.021484375
2114, -5133.534239470959, 3, 21.35944663400005, 770, 1927984,                                             758307, 30.950809478759766, 464.5590515136719
2115, 2362.9256998300552, 1, 4.309554906000017, 135, 1928119,                                             758442, 30.653898239135742, 466.11944580078125
2116, -3951.138935685158, 3, 17.148900092999952, 614, 1928733,                                             759056, 30.501832962036133, 467.3724670410156
2117, -6563.245777487755, 2, 28.788391363000073, 1033, 1929766,                                             760089, 30.76755714416504, 467.56005859375
2118, -7466.513145685196, 2, 28.767298158000017, 1041, 1930807,                                             761130, 31.656160354614258, 465.8667297363281
2119, 2324.628975689411, 1, 4.324246150000022, 154, 1930961,                                             761284, 31.039819717407227, 468.6642761230469
2120, -5207.471193194389, 2, 17.744557706000023, 635, 1931596,                                             761919, 31.814529418945312, 466.2931213378906
2121, -5846.225155115128, 3, 31.39643816499995, 1141, 1932737,                                             763060, 31.710899353027344, 468.1846923828125
2122, -4204.89013671875, 3, 19.961589145999938, 723, 1933460,                                             763783, 31.506942749023438, 468.2142639160156
2123, -5090.9875420331955, 3, 21.768673429000046, 782, 1934242,                                             764565, 31.219436645507812, 465.35882568359375
2124, -5760.917218267918, 4, 49.83591288299999, 1794, 1936036,                                             766359, 31.54030990600586, 466.74700927734375
2125, -5443.347087860107, 4, 50.04522828300003, 1799, 1937835,                                             768158, 31.85097312927246, 468.6929931640625
2126, -4946.307569265366, 3, 24.17279293899992, 870, 1938705,                                             769028, 31.691213607788086, 467.5575866699219
2127, -6960.922309219837, 4, 50.031065729000034, 1800, 1940505,                                             770828, 31.76526641845703, 465.7888488769531
2128, -5954.982883453369, 3, 30.78877177600009, 1118, 1941623,                                             771946, 31.15962791442871, 467.8532409667969
2129, -5261.484794974327, 3, 28.77520195499983, 1033, 1942656,                                             772979, 31.1922607421875, 464.8072509765625
2130, -5059.878433346748, 3, 25.17685001100017, 905, 1943561,                                             773884, 31.5994930267334, 466.2635803222656
2131, -5111.925761938095, 3, 26.979964167999924, 970, 1944531,                                             774854, 31.132417678833008, 465.4568176269531
2132, -4503.963826656342, 3, 20.764840398999922, 744, 1945275,                                             775598, 31.011089324951172, 461.67156982421875
2133, -7319.6523159742355, 3, 29.374717490999956, 1057, 1946332,                                             776655, 31.249479293823242, 465.6012878417969
2134, -4880.988373994827, 3, 19.757874325000103, 714, 1947046,                                             777369, 30.887737274169922, 464.8945617675781
2135, -5594.3824862241745, 3, 29.56731519699997, 1065, 1948111,                                             778434, 30.984188079833984, 464.85284423828125
2136, -5003.535633921623, 3, 20.357269436000024, 724, 1948835,                                             779158, 30.558103561401367, 464.42095947265625
2137, -247.86764872074127, 1, 27.17960988799996, 972, 1949807,                                             780130, 31.650556564331055, 464.63800048828125
2138, -8566.23785829544, 2, 50.245521800999995, 1795, 1951602,                                             781925, 31.746614456176758, 464.52880859375
2139, -5092.552787899971, 3, 29.78909670400003, 1064, 1952666,                                             782989, 31.190568923950195, 464.2454528808594
2140, -4903.769382596016, 3, 24.37010843799999, 868, 1953534,                                             783857, 31.232845306396484, 465.28668212890625
2141, -5035.656982243061, 3, 29.77038762799998, 1069, 1954603,                                             784926, 31.95296859741211, 465.0160827636719
2142, -4757.676955103874, 3, 23.972574168999927, 855, 1955458,                                             785781, 30.702510833740234, 463.7747497558594
2143, -4837.927324056625, 3, 24.371934927999973, 870, 1956328,                                             786651, 31.407121658325195, 462.55999755859375
2144, -5380.150626182556, 4, 50.04552485599993, 1786, 1958114,                                             788437, 30.88649559020996, 463.3291320800781
2145, -4809.517921924591, 3, 21.764744993000022, 784, 1958898,                                             789221, 30.381696701049805, 460.8209228515625
2146, -5743.3415504693985, 3, 24.379945751999912, 859, 1959757,                                             790080, 30.036075592041016, 460.0339660644531
2147, -6590.067824304104, 2, 34.98466555599998, 1246, 1961003,                                             791326, 30.374771118164062, 461.2828674316406
2148, -7419.244536280632, 2, 23.16015248100007, 827, 1961830,                                             792153, 30.411048889160156, 462.26409912109375
2149, -7945.935706734657, 3, 30.19215716100007, 1083, 1962913,                                             793236, 30.48698616027832, 462.8966369628906
2150, -5361.217066407204, 3, 28.965983772000072, 1032, 1963945,                                             794268, 30.98857879638672, 463.375
2151, -5158.731292247772, 3, 25.341407521000065, 906, 1964851,                                             795174, 31.08557891845703, 463.3529357910156
2152, -5183.103061556816, 3, 25.76182926399997, 909, 1965760,                                             796083, 31.32411003112793, 462.2025146484375
2153, 1306.8830256462097, 1, 13.54968398799997, 481, 1966241,                                             796564, 29.69576072692871, 462.6092224121094
2154, -3262.7844918966293, 3, 8.923401150000018, 304, 1966545,                                             796868, 30.910791397094727, 460.69854736328125
2155, -6019.726623296738, 4, 50.625804390999974, 1817, 1968362,                                             798685, 30.471113204956055, 460.9767761230469
2156, -3548.846518754959, 2, 10.74110848500004, 371, 1968733,                                             799056, 29.823698043823242, 464.4775085449219
2157, -4957.995327591896, 3, 24.377908853000008, 870, 1969603,                                             799926, 30.84385108947754, 461.1542663574219
2158, -5383.053538203239, 3, 29.389703716999975, 1052, 1970655,                                             800978, 31.250036239624023, 462.0887451171875
2159, -5345.987242221832, 4, 49.849039764999816, 1777, 1972432,                                             802755, 30.397693634033203, 461.79150390625
2160, -4668.159336686134, 3, 21.955434050999884, 783, 1973215,                                             803538, 30.693239212036133, 461.7520751953125
2161, -4457.080614328384, 3, 19.134404784000026, 689, 1973904,                                             804227, 30.56611442565918, 460.10595703125
2162, -4729.784406065941, 3, 21.96783802999994, 784, 1974688,                                             805011, 30.4904842376709, 461.0718688964844
2163, -5081.883209109306, 4, 49.83761887700007, 1780, 1976468,                                             806791, 30.118309020996094, 461.2340087890625
2164, -5138.450924515724, 4, 49.641309116, 1785, 1978253,                                             808576, 30.180192947387695, 460.868896484375
2165, -6201.400306105614, 4, 49.83637142199996, 1777, 1980030,                                             810353, 30.12346649169922, 460.3286437988281
2166, 2192.99618601799, 1, 4.724002188000213, 163, 1980193,                                             810516, 30.30712890625, 460.0606384277344
2167, -5346.249699890614, 4, 50.63035567299994, 1793, 1981986,                                             812309, 30.966617584228516, 461.4286804199219
2168, -4429.430911540985, 3, 18.96671831499998, 682, 1982668,                                             812991, 30.370607376098633, 460.0955810546875
2169, -3712.45502948761, 2, 13.931174963999638, 494, 1983162,                                             813485, 31.468915939331055, 463.0183410644531
2170, -4095.2585340738297, 3, 17.749914422000074, 626, 1983788,                                             814111, 30.375715255737305, 462.3289794921875
2171, -5219.519924402237, 2, 27.528798559999814, 980, 1984768,                                             815091, 30.649656295776367, 462.985595703125
2172, 2318.600601285696, 1, 4.3090086089996475, 148, 1984916,                                             815239, 30.38043785095215, 462.5173034667969
2173, -3263.821805715561, 2, 4.125724409999748, 144, 1985060,                                             815383, 29.74203872680664, 460.4548034667969
2174, -7790.454896330833, 4, 49.837655753000035, 1778, 1986838,                                             817161, 30.926137924194336, 462.2535705566406
2175, -5670.55670106411, 3, 30.3779668279999, 1077, 1987915,                                             818238, 30.93378257751465, 461.28497314453125
2176, -4423.078671336174, 2, 8.735786056999586, 310, 1988225,                                             818548, 30.814313888549805, 463.9877014160156
2177, -5440.715626835823, 2, 20.362509882000268, 708, 1988933,                                             819256, 31.25765037536621, 461.0869445800781
2178, -5133.27975910902, 3, 25.36121904599986, 899, 1989832,                                             820155, 31.193925857543945, 460.3934020996094
2179, -4844.76124471426, 3, 23.167762897000102, 823, 1990655,                                             820978, 30.497957229614258, 461.17462158203125
2180, -5118.679753601551, 3, 26.18361398299976, 916, 1991571,                                             821894, 31.514583587646484, 464.0476379394531
2181, -3985.0933227539062, 2, 8.444945250999808, 286, 1991857,                                             822180, 30.124244689941406, 460.7321472167969
2182, -5040.651062250137, 3, 24.97251267899992, 881, 1992738,                                             823061, 30.43079376220703, 463.1080017089844
2183, -5263.744351506233, 3, 27.1842918250004, 966, 1993704,                                             824027, 30.83390235900879, 461.0109558105469
2184, -5923.103027105331, 3, 30.37568830500004, 1077, 1994781,                                             825104, 30.53166389465332, 461.1377258300781
2185, -5174.583222866058, 3, 25.98061940200023, 921, 1995702,                                             826025, 30.6738338470459, 462.26873779296875
2186, 776.1073662042618, 1, 17.94002210000008, 637, 1996339,                                             826662, 29.603832244873047, 461.8141174316406
2187, -4948.370459616184, 4, 50.23374057800038, 1790, 1998129,                                             828452, 31.269620895385742, 462.64642333984375
2188, -5365.447575807571, 3, 25.77944983999987, 911, 1999040,                                             829363, 31.449487686157227, 460.69110107421875
2189, -6079.02956199646, 4, 49.641942816999745, 1769, 2000809,                                             831132, 30.702335357666016, 460.8676452636719
2190, -6131.7743973731995, 3, 27.18785977799962, 957, 2001766,                                             832089, 30.769655227661133, 460.4842224121094
2191, -3973.8059099912643, 2, 14.894588008000028, 526, 2002292,                                             832615, 29.990190505981445, 460.8965759277344
2192, -5698.562999010086, 4, 50.028750346999914, 1769, 2004061,                                             834384, 30.42983627319336, 461.05731201171875
2193, -6587.003664731979, 4, 50.446779652999794, 1788, 2005849,                                             836172, 29.88646125793457, 459.2278137207031
2194, -3608.669133424759, 3, 9.526647132999642, 327, 2006176,                                             836499, 30.493438720703125, 461.2145080566406
2195, -5717.407921433449, 3, 22.168336669999917, 783, 2006959,                                             837282, 30.11832046508789, 459.98199462890625
2196, -3175.907596349716, 2, 6.5309580329999335, 232, 2007191,                                             837514, 31.097475051879883, 458.0657653808594
2197, -5436.084246516228, 3, 27.790232970000034, 975, 2008166,                                             838489, 30.429155349731445, 461.3781433105469
2198, -5352.865028202534, 2, 32.97519534999992, 1166, 2009332,                                             839655, 30.401121139526367, 460.5313720703125
2199, -3092.5337492227554, 3, 9.136336436999954, 325, 2009657,                                             839980, 30.067556381225586, 460.6919250488281
2200, -6305.327519476414, 3, 32.776719689999936, 1151, 2010808,                                             841131, 30.777687072753906, 460.13385009765625
2201, -6489.380353033543, 4, 49.67787208500022, 1757, 2012565,                                             842888, 30.555299758911133, 459.8646545410156
2202, -5341.275972485542, 3, 28.77496649099976, 1004, 2013569,                                             843892, 30.36115264892578, 460.50665283203125
2203, -5523.482658088207, 4, 49.840081975999965, 1760, 2015329,                                             845652, 30.838502883911133, 459.07110595703125
2204, -6028.31429797411, 3, 32.80560318300013, 1155, 2016484,                                             846807, 30.684097290039062, 459.4338073730469
2205, -5380.303920269012, 3, 30.374001757000315, 1066, 2017550,                                             847873, 30.702306747436523, 460.7188720703125
2206, -4912.828617691994, 3, 22.968075059000057, 816, 2018366,                                             848689, 30.778806686401367, 458.47296142578125
2207, -4778.2708532214165, 3, 24.37484153100013, 858, 2019224,                                             849547, 30.150344848632812, 459.63482666015625
2208, -4721.974600315094, 3, 23.575572503999865, 832, 2020056,                                             850379, 30.929563522338867, 459.7177734375
2209, -5697.639455199242, 3, 29.18952170400007, 1037, 2021093,                                             851416, 30.493545532226562, 459.9356994628906
2210, 1156.9879565835, 1, 15.552809287999935, 549, 2021642,                                             851965, 30.983257293701172, 459.4820861816406
2211, -4254.107612133026, 3, 19.465548505000243, 678, 2022320,                                             852643, 29.91169548034668, 456.9510192871094
2212, -7277.073025107384, 3, 33.3908641969997, 1182, 2023502,                                             853825, 30.271530151367188, 459.6252136230469
2213, -5115.027502655983, 3, 26.978471986000386, 935, 2024437,                                             854760, 30.312515258789062, 457.77593994140625
2214, -5201.159800052643, 3, 27.387800847000108, 961, 2025398,                                             855721, 29.410747528076172, 456.08880615234375
2215, -6199.826219856739, 4, 49.839281236999796, 1757, 2027155,                                             857478, 29.583724975585938, 456.2842102050781
2216, -5535.341099381447, 2, 29.193361706999895, 1021, 2028176,                                             858499, 29.771818161010742, 456.52984619140625
2217, -5532.852377176285, 4, 49.84325189400033, 1747, 2029923,                                             860246, 29.237756729125977, 454.58758544921875
2218, -4799.625481128693, 3, 24.968739234000168, 870, 2030793,                                             861116, 29.41170310974121, 454.0294494628906
2219, -5427.4464910030365, 3, 24.575132853000014, 868, 2031661,                                             861984, 28.815725326538086, 454.7879333496094
2220, -4425.603773832321, 3, 20.96767636100003, 733, 2032394,                                             862717, 29.432706832885742, 454.7839050292969
2221, -5292.2142206430435, 3, 28.07311930800006, 988, 2033382,                                             863705, 29.42390251159668, 454.900634765625
2222, -5111.109922170639, 3, 29.389716382999723, 1021, 2034403,                                             864726, 29.319461822509766, 452.6933898925781
2223, -4737.800768852234, 3, 23.370109686999967, 820, 2035223,                                             865546, 28.699216842651367, 452.9980163574219
2224, -5331.881007015705, 4, 49.84060636000004, 1753, 2036976,                                             867299, 29.233739852905273, 453.9408264160156
2225, -5513.806077241898, 3, 21.772568371000034, 761, 2037737,                                             868060, 28.78046226501465, 453.6214294433594
2226, -6522.815322101116, 2, 26.380903322999984, 923, 2038660,                                             868983, 28.673986434936523, 452.7230224609375
2227, -6653.549536108971, 2, 30.97285263899994, 1077, 2039737,                                             870060, 29.38017463684082, 454.25518798828125
2228, -3720.7132301330566, 3, 17.358368953999616, 610, 2040347,                                             870670, 29.801776885986328, 455.0665588378906
2229, -3207.3554461598396, 2, 11.930380468999829, 408, 2040755,                                             871078, 29.839214324951172, 455.82305908203125
2230, -2948.043876886368, 2, 5.512908923000396, 185, 2040940,                                             871263, 28.86907196044922, 453.9108581542969
2231, -4473.283197402954, 2, 21.067922933000318, 736, 2041676,                                             871999, 29.678424835205078, 455.646240234375
2232, -3108.767763853073, 2, 10.121778540999912, 344, 2042020,                                             872343, 29.23611831665039, 456.9732360839844
2233, -2879.954753756523, 2, 5.927091704999839, 205, 2042225,                                             872548, 29.517297744750977, 459.15252685546875
2234, -2839.672430217266, 2, 7.331964283999696, 255, 2042480,                                             872803, 29.40972137451172, 454.1282958984375
2235, -5343.881670951843, 3, 25.991325607999897, 913, 2043393,                                             873716, 30.14182472229004, 456.4908142089844
2236, -5617.285836219788, 3, 28.569021937999878, 995, 2044388,                                             874711, 30.300552368164062, 455.0571594238281
2237, -6704.574785351753, 4, 49.84130986499986, 1749, 2046137,                                             876460, 29.095788955688477, 455.308349609375
2238, -7898.605346560478, 2, 42.62293381899963, 1494, 2047631,                                             877954, 29.627199172973633, 455.57415771484375
2239, 2383.5295665860176, 1, 3.9269745499996134, 137, 2047768,                                             878091, 29.193355560302734, 453.9765625
2240, -5041.028899073601, 3, 20.353522430999874, 701, 2048469,                                             878792, 29.447345733642578, 455.6885681152344
2241, -5727.634988903999, 4, 49.73902152199935, 1744, 2050213,                                             880536, 29.63631820678711, 455.57025146484375
2242, -5090.84119951725, 3, 26.78291417299988, 940, 2051153,                                             881476, 29.40296745300293, 455.5825500488281
2243, -6127.532921552658, 3, 27.78424297499987, 969, 2052122,                                             882445, 29.58993148803711, 456.4918518066406
2244, -5600.235132217407, 4, 49.84634838399961, 1739, 2053861,                                             884184, 29.67110824584961, 456.0513916015625
2245, -4947.703429818153, 3, 25.15969052499986, 874, 2054735,                                             885058, 30.136926651000977, 456.3932800292969
2246, -5202.818988919258, 3, 28.17766265999944, 972, 2055707,                                             886030, 29.583581924438477, 456.2615051269531
2247, -5193.969360113144, 3, 28.18347235999954, 981, 2056688,                                             887011, 30.038772583007812, 457.24591064453125
2248, -6263.3302744627, 3, 26.38088324199998, 919, 2057607,                                             887930, 30.97248649597168, 456.2492370605469
2249, -1104.2388514578342, 1, 23.17135463000068, 813, 2058420,                                             888743, 29.82794189453125, 454.82464599609375
2250, -5284.2619760632515, 4, 50.25246394900023, 1760, 2060180,                                             890503, 29.350181579589844, 455.6136779785156
2251, -5152.432350158691, 3, 26.375634904000435, 917, 2061097,                                             891420, 29.15118980407715, 455.9492492675781
2252, 1707.4229636192322, 1, 10.338663326999267, 354, 2061451,                                             891774, 29.319774627685547, 455.5052185058594
2253, -4274.644627571106, 3, 20.165479473000232, 695, 2062146,                                             892469, 29.78668785095215, 455.5975341796875
2254, -5852.1411871910095, 3, 29.595516049000253, 1031, 2063177,                                             893500, 29.57679557800293, 454.21185302734375
2255, -5027.622139573097, 3, 25.966497649999837, 908, 2064085,                                             894408, 29.27614974975586, 454.74224853515625
2256, -5565.991272747517, 3, 30.995498407000014, 1092, 2065177,                                             895500, 29.87539291381836, 455.4295349121094
2257, -4787.999414801598, 3, 23.575773840999318, 810, 2065987,                                             896310, 29.308513641357422, 455.1799011230469
2258, -4386.795492887497, 3, 19.951592104000156, 695, 2066682,                                             897005, 29.6986141204834, 456.0987854003906
2259, -4017.374097466469, 3, 19.36421699499988, 666, 2067348,                                             897671, 30.263208389282227, 454.40484619140625
2260, -5635.028596639633, 3, 31.99063628499971, 1117, 2068465,                                             898788, 29.370376586914062, 455.69439697265625
2261, -5349.238613426685, 3, 33.83715194999968, 1175, 2069640,                                             899963, 29.735631942749023, 457.2544250488281
2262, -4928.206019282341, 3, 25.3770757759994, 878, 2070518,                                             900841, 29.69872283935547, 455.3068542480469
2263, -4740.660676002502, 3, 26.18223313999988, 911, 2071429,                                             901752, 29.353296279907227, 452.9888916015625
2264, -2007.3664318323135, 1, 35.1866507980003, 1225, 2072654,                                             902977, 29.675981521606445, 454.5002136230469
2265, -4937.523436188698, 4, 50.23044196799947, 1750, 2074404,                                             904727, 28.771974563598633, 451.4656066894531
2266, -5481.822318613529, 4, 49.81697571799941, 1726, 2076130,                                             906453, 29.29775047302246, 452.5777587890625
2267, -8761.244992256165, 4, 50.65299489300014, 1755, 2077885,                                             908208, 29.517105102539062, 453.7411804199219
2268, -5381.384403705597, 3, 28.18567703900044, 976, 2078861,                                             909184, 29.73427963256836, 453.844970703125
2269, 1966.9482387304306, 1, 7.942736422999587, 273, 2079134,                                             909457, 29.097824096679688, 452.5556945800781
2270, -4713.364306092262, 3, 20.548656536000635, 715, 2079849,                                             910172, 29.17681884765625, 453.47735595703125
2271, -5807.70319712162, 3, 29.845676377000018, 1040, 2080889,                                             911212, 29.037925720214844, 453.12457275390625
2272, -5942.179435253143, 4, 51.02334475600037, 1775, 2082664,                                             912987, 29.312528610229492, 453.4787902832031
2273, -4941.221942961216, 4, 50.02587230100016, 1728, 2084392,                                             914715, 29.43543243408203, 453.8368835449219
2274, -6229.090613484383, 4, 50.63753278599961, 1765, 2086157,                                             916480, 29.627843856811523, 451.47235107421875
2275, -5828.764628171921, 4, 49.83238599499964, 1726, 2087883,                                             918206, 29.3093204498291, 451.9685974121094
2276, -5022.456725358963, 3, 22.373962659000426, 782, 2088665,                                             918988, 28.297170639038086, 451.97003173828125
2277, -5776.621067881584, 2, 30.594930168000246, 1045, 2089710,                                             920033, 29.094402313232422, 453.3096618652344
2278, -7590.610239923, 3, 31.790156041000046, 1101, 2090811,                                             921134, 29.366252899169922, 451.8520812988281
2279, -5007.8549572229385, 4, 50.25055328000053, 1719, 2092530,                                             922853, 29.261789321899414, 452.24285888671875
2280, -5371.235744595528, 3, 29.794389210999725, 1032, 2093562,                                             923885, 29.296770095825195, 452.42523193359375
2281, -5285.153221487999, 2, 27.413089581999884, 954, 2094516,                                             924839, 28.69353675842285, 449.950927734375
2282, 2322.0755449831486, 1, 4.325370620000285, 148, 2094664,                                             924987, 30.527565002441406, 459.4701843261719
2283, -923.0036190748215, 1, 37.396543640000345, 1299, 2095963,                                             926286, 29.030071258544922, 451.457763671875
2284, -5600.0998557806015, 4, 50.24233693899987, 1736, 2097699,                                             928022, 29.233388900756836, 451.7106018066406
2285, -5769.859640300274, 4, 49.8299704760002, 1725, 2099424,                                             929747, 29.404680252075195, 452.3150939941406
2286, -7372.9020084142685, 4, 50.649879164000595, 1749, 2101173,                                             931496, 29.298583984375, 452.3978576660156
2287, -5503.109338760376, 3, 27.785131573999934, 954, 2102127,                                             932450, 29.294654846191406, 451.766357421875
2288, -6338.036161899567, 2, 29.37561299800018, 1012, 2103139,                                             933462, 29.51972770690918, 453.094970703125
2289, -3476.9171307086945, 2, 7.53281981300006, 259, 2103398,                                             933721, 30.553279876708984, 455.044189453125
2290, -4147.685440897942, 2, 15.139551097999174, 525, 2103923,                                             934246, 30.311220169067383, 451.9073181152344
2291, -8005.0163759589195, 2, 30.19320105800034, 1040, 2104963,                                             935286, 30.09939956665039, 454.882080078125
2292, -6255.312743246555, 4, 49.825847251000596, 1720, 2106683,                                             937006, 29.958187103271484, 454.54522705078125
2293, -5095.310578584671, 3, 25.979995726999732, 900, 2107583,                                             937906, 30.041996002197266, 454.1196594238281
2294, -5379.7119280695915, 4, 50.02694166800029, 1733, 2109316,                                             939639, 30.08548927307129, 453.5418395996094
2295, -6186.567380785942, 3, 32.394437423000454, 1115, 2110431,                                             940754, 29.628555297851562, 452.5928955078125
2296, 1149.340939283371, 1, 15.751504311000645, 536, 2110967,                                             941290, 29.382139205932617, 452.8371276855469
2297, -3200.1301902532578, 3, 10.738792629999807, 369, 2111336,                                             941659, 28.554698944091797, 450.42169189453125
2298, -4915.663038909435, 3, 25.581376952000028, 869, 2112205,                                             942528, 29.623584747314453, 452.3838806152344
2299, -5237.575756371021, 3, 30.192177105000155, 1038, 2113243,                                             943566, 29.36261749267578, 452.9123840332031
2300, -4644.32169675827, 4, 49.63496847500028, 1707, 2114950,                                             945273, 29.243650436401367, 453.8238220214844
2301, 1900.257392525673, 1, 12.298949644999993, 421, 2115371,                                             945694, 29.602933883666992, 452.3006286621094
2302, -4296.445150732994, 3, 13.131317399999716, 448, 2115819,                                             946142, 29.834835052490234, 453.8421936035156
2303, -6017.836903452873, 3, 25.783541918000083, 893, 2116712,                                             947035, 30.429162979125977, 455.9342956542969
2304, -6092.872448146343, 4, 50.035678756999914, 1719, 2118431,                                             948754, 30.33574676513672, 454.4543762207031
2305, -6416.582532167435, 4, 49.43252104899966, 1712, 2120143,                                             950466, 30.053491592407227, 454.47955322265625
2306, -6400.237289071083, 4, 50.01625971700014, 1718, 2121861,                                             952184, 29.92216682434082, 454.58660888671875
2307, -4821.559494376183, 3, 23.3755828809999, 801, 2122662,                                             952985, 29.941164016723633, 453.0361022949219
2308, -5785.18417006731, 4, 49.837716910999916, 1718, 2124380,                                             954703, 30.27089500427246, 455.8359069824219
2309, -4944.969267964363, 3, 25.582045053, 861, 2125241,                                             955564, 30.22056770324707, 455.6834411621094
2310, -4994.102421402931, 3, 25.975780053000562, 887, 2126128,                                             956451, 29.825458526611328, 454.4488220214844
2311, -1868.927220404148, 1, 38.60688308199951, 1318, 2127446,                                             957769, 29.971290588378906, 453.7539978027344
2312, -827.020091176033, 1, 41.023216047999995, 1405, 2128851,                                             959174, 29.9515380859375, 454.7679138183594
2313, 1513.135563313961, 1, 13.734284055999524, 469, 2129320,                                             959643, 30.24335479736328, 453.5102233886719
2314, -4681.550118565559, 4, 50.42666876600015, 1731, 2131051,                                             961374, 30.34987449645996, 453.5965576171875
2315, -5275.832706451416, 3, 26.984555821999493, 920, 2131971,                                             962294, 29.921581268310547, 454.5184631347656
2316, -4939.252186179161, 4, 49.6391095580002, 1703, 2133674,                                             963997, 29.91282844543457, 453.7097473144531
2317, -5344.6572483778, 3, 27.388868596000066, 933, 2134607,                                             964930, 29.49236297607422, 450.1313781738281
2318, -5554.322616577148, 3, 28.590702744999362, 978, 2135585,                                             965908, 29.60757827758789, 451.34906005859375
2319, -5783.820483386517, 4, 50.84650270699967, 1741, 2137326,                                             967649, 29.3809757232666, 451.59576416015625
2320, 1871.5860959887505, 1, 9.139062021999962, 306, 2137632,                                             967955, 30.0089168548584, 451.7051696777344
2321, -4160.712975025177, 3, 16.52627327800019, 560, 2138192,                                             968515, 29.609691619873047, 449.650146484375
2322, -4390.07262301445, 3, 20.769523245000528, 707, 2138899,                                             969222, 29.885053634643555, 450.66168212890625
2323, -3927.6771062612534, 2, 13.349181237000266, 460, 2139359,                                             969682, 29.43050765991211, 451.3036193847656
2324, -5978.220650911331, 3, 32.791805912999735, 1124, 2140483,                                             970806, 30.015274047851562, 452.1279602050781
2325, -4806.322460711002, 3, 25.362114669999755, 850, 2141333,                                             971656, 29.12966537475586, 452.4389953613281
2326, -3139.9563298225403, 2, 7.721194042999741, 232, 2141565,                                             971888, 30.218172073364258, 453.8717041015625
2327, -4083.1234047412872, 3, 18.36317031499948, 623, 2142188,                                             972511, 29.47930335998535, 449.8888854980469
2328, -2981.561302423477, 3, 8.922009161999995, 300, 2142488,                                             972811, 27.413610458374023, 449.5698547363281
2329, -5080.131723284721, 3, 28.187771819999398, 961, 2143449,                                             973772, 29.543703079223633, 450.9039611816406
2330, -5134.726283192635, 3, 26.582382914000846, 899, 2144348,                                             974671, 29.06681251525879, 451.01495361328125
2331, -4655.997846722603, 3, 24.138480665000316, 817, 2145165,                                             975488, 29.852819442749023, 452.829833984375
2332, -5373.31375682354, 3, 27.576235506000558, 939, 2146104,                                             976427, 29.31755256652832, 451.79779052734375
2333, -5001.521515071392, 4, 49.83641354700012, 1700, 2147804,                                             978127, 29.57411003112793, 452.6939392089844
2334, 1478.3319422006607, 1, 12.736723615999836, 418, 2148222,                                             978545, 29.359867095947266, 451.8387756347656
2335, -4783.526402235031, 3, 16.557183546000488, 568, 2148790,                                             979113, 29.347909927368164, 452.3226318359375
2336, -4334.301929593086, 3, 20.97186781399978, 711, 2149501,                                             979824, 29.417922973632812, 452.0506896972656
2337, -5094.281355142593, 2, 27.784510337999563, 938, 2150439,                                             980762, 29.52934455871582, 453.3967590332031
2338, -6453.141090154648, 4, 49.839097427000524, 1695, 2152134,                                             982457, 30.07366180419922, 454.1740417480469
2339, -4466.106075644493, 3, 21.174162948999765, 716, 2152850,                                             983173, 29.04357147216797, 450.4698791503906
2340, 2352.931558430195, 1, 4.124637818000338, 142, 2152992,                                             983315, 29.0858211517334, 453.27313232421875
2341, -6843.293912053108, 2, 33.37525522800024, 1121, 2154113,                                             984436, 29.811603546142578, 452.5986022949219
2342, 1719.4694100618362, 1, 10.343833937000454, 345, 2154458,                                             984781, 29.870655059814453, 453.6141357421875
2343, -4885.679901361465, 3, 16.143373518999397, 549, 2155007,                                             985330, 29.932783126831055, 453.2906188964844
2344, -4163.118990778923, 3, 18.968814017999648, 644, 2155651,                                             985974, 29.7823486328125, 452.56744384765625
2345, -5389.6429144740105, 4, 49.842924660999415, 1710, 2157361,                                             987684, 29.915088653564453, 454.49114990234375
2346, -5253.268042445183, 3, 28.588316342000326, 957, 2158318,                                             988641, 29.7412052154541, 453.2066955566406
2347, 2302.161863386631, 1, 4.725514355999621, 158, 2158476,                                             988799, 30.65793800354004, 453.2194519042969
2348, -6662.419727563858, 3, 31.57508499799951, 1061, 2159537,                                             989860, 29.72880744934082, 453.53466796875
2349, -5281.987599372864, 3, 28.18706097500035, 952, 2160489,                                             990812, 29.718875885009766, 453.17706298828125
2350, -3964.53253364563, 3, 18.36238441400019, 615, 2161104,                                             991427, 29.660232543945312, 453.21966552734375
2351, -5783.81663531065, 3, 33.356580168999244, 1123, 2162227,                                             992550, 29.803115844726562, 453.1521301269531
2352, -3215.59979057312, 3, 9.120397829000467, 304, 2162531,                                             992854, 29.730844497680664, 452.7869567871094
2353, -4313.568310439587, 3, 20.76308337899991, 697, 2163228,                                             993551, 30.735206604003906, 454.28240966796875
2354, -4071.123851597309, 2, 16.143971550999595, 549, 2163777,                                             994100, 29.790796279907227, 452.9920654296875
2355, -2827.7805120944977, 2, 6.733949080999992, 211, 2163988,                                             994311, 29.780014038085938, 454.11669921875
2356, -2837.3641636371613, 2, 4.920179630000348, 165, 2164153,                                             994476, 30.182741165161133, 456.32012939453125
2357, 2326.3233901262283, 1, 4.314606980999997, 139, 2164292,                                             994615, 30.799821853637695, 452.0126037597656
2358, -5633.080647230148, 2, 24.374560811000265, 814, 2165106,                                             995429, 30.501060485839844, 455.79052734375
2359, 1842.945146203041, 1, 8.723357090000718, 292, 2165398,                                             995721, 30.720626831054688, 452.8356018066406
2360, -7000.838069558144, 2, 37.39297450600043, 1263, 2166661,                                             996984, 30.663036346435547, 456.42340087890625
2361, -4878.460414707661, 3, 27.339010345000133, 923, 2167584,                                             997907, 29.81593894958496, 454.9007568359375
2362, -5708.3846271038055, 4, 50.022831684000266, 1704, 2169288,                                             999611, 29.885391235351562, 453.53875732421875
2363, -2799.3614600896835, 2, 7.321205115000339, 235, 2169523,                                             999846, 30.275606155395508, 461.368408203125
2364, -6043.199208974838, 4, 50.434576865000054, 1709, 2171232,                                             1000000, 30.32611083984375, 453.5947265625
2365, -7794.108584165573, 4, 50.011885470999914, 1683, 2172915,                                             1000000, 30.726024627685547, 453.8313903808594
2366, -5439.768687367439, 3, 29.786929369999598, 1003, 2173918,                                             1000000, 30.856184005737305, 455.1123962402344
2367, -4361.988310337067, 3, 20.965806897999755, 706, 2174624,                                             1000000, 30.84526252746582, 455.4111633300781
2368, -4800.016792118549, 3, 27.389632362000157, 924, 2175548,                                             1000000, 30.244617462158203, 454.17303466796875
2369, 345.1971184015274, 1, 22.574170328000037, 772, 2176320,                                             1000000, 30.353206634521484, 453.1136779785156
2370, -3009.7580889463425, 3, 8.123002390999318, 263, 2176583,                                             1000000, 30.42294692993164, 455.31396484375
2371, -4765.196419119835, 2, 25.297418980000657, 863, 2177446,                                             1000000, 29.872447967529297, 453.1267395019531
2372, -4841.902508735657, 3, 27.96983748399998, 936, 2178382,                                             1000000, 29.96763801574707, 452.9342956542969
2373, 268.2980437874794, 1, 24.77331244099969, 832, 2179214,                                             1000000, 29.30977439880371, 453.0733947753906
2374, -7686.8323533535, 3, 47.42408708000039, 1609, 2180823,                                             1000000, 30.14942741394043, 454.0249328613281
2375, -5025.064315438271, 3, 24.780531714999597, 848, 2181671,                                             1000000, 30.306930541992188, 453.9054260253906
2376, -5120.019329667091, 3, 28.788504276000822, 967, 2182638,                                             1000000, 30.155588150024414, 452.8973388671875
2377, -5188.669905424118, 3, 27.36778782700003, 918, 2183556,                                             1000000, 29.92959976196289, 453.2820739746094
2378, -4926.8831564188, 3, 26.979080773000533, 910, 2184466,                                             1000000, 30.435396194458008, 453.92034912109375
2379, -5053.166065692902, 3, 27.770919968999806, 932, 2185398,                                             1000000, 29.974592208862305, 453.6371154785156
2380, -5221.822845220566, 3, 27.18723408400001, 932, 2186330,                                             1000000, 30.776243209838867, 453.9857177734375
2381, -5114.543679594994, 3, 28.27850939000018, 932, 2187262,                                             1000000, 30.621601104736328, 452.5208740234375
2382, -5330.595519423485, 3, 27.58480580399919, 939, 2188201,                                             1000000, 30.253494262695312, 453.9831237792969
2383, -5544.000442147255, 4, 49.82756785099991, 1696, 2189897,                                             1000000, 29.677560806274414, 450.3465576171875
2384, -3078.722677707672, 2, 6.114434804998382, 202, 2190099,                                             1000000, 29.453357696533203, 450.7164001464844
2385, 2305.1141372919083, 1, 4.3122028349989705, 142, 2190241,                                             1000000, 30.68975257873535, 449.9794616699219
2386, -3350.6316689252853, 3, 13.738289416000043, 456, 2190697,                                             1000000, 29.564315795898438, 449.7371826171875
2387, -4112.647241353989, 2, 18.163844599001095, 620, 2191317,                                             1000000, 30.703027725219727, 450.7545471191406
2388, -5504.2012494802475, 3, 29.157845907000592, 989, 2192306,                                             1000000, 29.733993530273438, 450.0080871582031
2389, -5945.714235544205, 3, 30.177169622000292, 1009, 2193315,                                             1000000, 29.893465042114258, 449.50152587890625
2390, -4964.856801569462, 3, 28.580943099999786, 964, 2194279,                                             1000000, 29.807443618774414, 448.77911376953125
2391, -5661.883905649185, 4, 49.774230470000475, 1681, 2195960,                                             1000000, 29.41522216796875, 449.17572021484375
2392, -5001.856399953365, 3, 31.37625760999981, 1060, 2197020,                                             1000000, 28.961917877197266, 449.1308288574219
2393, -2862.0736384391785, 2, 6.736779593000392, 224, 2197244,                                             1000000, 29.712190628051758, 447.8649597167969
2394, -5441.211915016174, 3, 31.581972133000818, 1059, 2198303,                                             1000000, 29.167572021484375, 447.1461181640625
2395, -3284.3476099967957, 2, 7.520511475000603, 244, 2198547,                                             1000000, 29.837270736694336, 449.26531982421875
2396, -2751.878059387207, 2, 6.934462633000294, 229, 2198776,                                             1000000, 28.729455947875977, 449.73553466796875
2397, -3322.792730808258, 2, 8.334664681000504, 276, 2199052,                                             1000000, 30.183225631713867, 450.15814208984375
2398, 220.46207743883133, 1, 25.788527163000253, 876, 2199928,                                             1000000, 29.54581069946289, 448.08148193359375
2399, -2796.1882407665253, 3, 7.112706219999382, 232, 2200160,                                             1000000, 28.7602596282959, 447.1515808105469
2400, -5768.022363901138, 2, 25.582959272000153, 874, 2201034,                                             1000000, 29.74327278137207, 450.2013854980469
2401, -6511.849717140198, 4, 49.80591262000053, 1700, 2202734,                                             1000000, 29.363210678100586, 448.05889892578125
2402, -4110.60333275795, 3, 18.96542604699971, 635, 2203369,                                             1000000, 28.85216522216797, 446.5008850097656
2403, 2351.949199795723, 1, 4.1245622520000325, 138, 2203507,                                             1000000, 29.685657501220703, 443.37518310546875
2404, -5164.85877430439, 2, 26.364849858000525, 888, 2204395,                                             1000000, 29.96126365661621, 446.37646484375
2405, -5504.302035987377, 3, 30.787378039000032, 1039, 2205434,                                             1000000, 29.69148826599121, 446.0516662597656
2406, -4863.4336995482445, 3, 28.792539000000033, 976, 2206410,                                             1000000, 29.407222747802734, 445.6300964355469
2407, -5584.130948603153, 3, 32.19512664799913, 1091, 2207501,                                             1000000, 29.97612953186035, 447.1553649902344
2408, -4528.272973060608, 3, 21.36832816399874, 727, 2208228,                                             1000000, 28.476459503173828, 444.75714111328125
2409, -4894.471045017242, 3, 25.56534245199873, 866, 2209094,                                             1000000, 29.368406295776367, 444.3040771484375
2410, -4975.832033216953, 4, 50.44377541200083, 1713, 2210807,                                             1000000, 29.223539352416992, 445.0926513671875
2411, -4888.295944690704, 3, 25.441767529000572, 853, 2211660,                                             1000000, 29.379440307617188, 443.2310485839844
2412, -4221.694066762924, 3, 19.76983886999915, 678, 2212338,                                             1000000, 28.78522491455078, 444.39984130859375
2413, -4940.726066470146, 3, 25.362600346999898, 853, 2213191,                                             1000000, 29.105464935302734, 443.40093994140625
2414, -4673.4604325294495, 3, 23.976929982, 808, 2213999,                                             1000000, 28.661352157592773, 442.6204833984375
2415, -6471.780926465988, 3, 27.78930130200024, 933, 2214932,                                             1000000, 29.087249755859375, 441.9657287597656
2416, -4756.74047935009, 2, 13.5514780529993, 468, 2215400,                                             1000000, 28.46211051940918, 441.1179504394531
2417, -8872.262523889542, 2, 36.22487711699978, 1222, 2216622,                                             1000000, 28.39878273010254, 441.000244140625
2418, -4127.180166244507, 3, 20.353017122999518, 691, 2217313,                                             1000000, 29.10554313659668, 440.1149597167969
2419, -2902.76968729496, 2, 8.344416830001137, 270, 2217583,                                             1000000, 27.12675666809082, 439.090576171875
2420, -3199.523823916912, 2, 12.933361605000755, 427, 2218010,                                             1000000, 28.305030822753906, 440.97076416015625
2421, -2779.428473353386, 2, 5.369723120000344, 178, 2218188,                                             1000000, 28.01136016845703, 440.9952697753906
2422, -3249.821025311947, 2, 10.323589989000538, 347, 2218535,                                             1000000, 29.475412368774414, 441.49981689453125
2423, -3594.683645427227, 2, 16.556455027000993, 556, 2219091,                                             1000000, 28.742996215820312, 440.5352783203125
2424, -2661.319685816765, 2, 5.329561390999515, 164, 2219255,                                             1000000, 30.64735984802246, 439.2067565917969
2425, -3293.361113846302, 2, 13.754029927000374, 463, 2219718,                                             1000000, 29.70912742614746, 441.6696472167969
2426, -2617.921417117119, 3, 8.735594855999807, 290, 2220008,                                             1000000, 28.644060134887695, 442.0205993652344
2427, -3633.1681349277496, 2, 13.734204153999599, 456, 2220464,                                             1000000, 29.1428279876709, 440.5245361328125
2428, -2643.763808131218, 2, 5.327696678001303, 173, 2220637,                                             1000000, 28.01992416381836, 439.2579345703125
2429, -3668.9769312143326, 3, 15.75409655599833, 532, 2221169,                                             1000000, 28.7557373046875, 438.9422302246094
2430, -2950.033330321312, 3, 9.322391251000226, 312, 2221481,                                             1000000, 29.44084930419922, 438.70391845703125
2431, -3090.2104897499084, 2, 7.011271825000222, 229, 2221710,                                             1000000, 29.1885929107666, 437.2611083984375
2432, -3080.03249335289, 2, 11.740797116000977, 392, 2222102,                                             1000000, 28.983417510986328, 435.3014221191406
2433, 121.63071668148041, 1, 12.545338674999584, 426, 2222528,                                             1000000, 28.73281478881836, 441.2648620605469
2434, -2360.5477830171585, 3, 1.8733110220000526, 65, 2222593,                                             1000000, 26.82891082763672, 433.4844055175781
2435, -3561.2627378702164, 2, 17.161316043000625, 590, 2223183,                                             1000000, 30.74993324279785, 441.06451416015625
2436, -3219.1092603206635, 2, 6.931734103000053, 231, 2223414,                                             1000000, 29.279747009277344, 439.3930969238281
2437, -3125.213175237179, 2, 9.23075681500086, 305, 2223719,                                             1000000, 28.738187789916992, 440.94873046875
2438, -3237.7473628520966, 2, 7.325517225999647, 253, 2223972,                                             1000000, 28.01401138305664, 441.2646789550781
2439, -5128.084990024567, 2, 12.130270562000078, 413, 2224385,                                             1000000, 28.919214248657227, 439.5727233886719
2440, 1326.3990243673325, 1, 19.312146313000994, 665, 2225050,                                             1000000, 29.05967140197754, 441.2980651855469
2441, -2862.0092121958733, 2, 8.823343135998584, 288, 2225338,                                             1000000, 29.71809196472168, 441.0406494140625
2442, -2987.292341709137, 2, 9.482869360999757, 320, 2225658,                                             1000000, 29.327112197875977, 440.892578125
2443, -4049.717964410782, 2, 17.54717267399974, 601, 2226259,                                             1000000, 29.528322219848633, 441.336669921875
2444, -3196.4233486652374, 2, 5.527789869000117, 190, 2226449,                                             1000000, 29.213483810424805, 439.9612121582031
2445, -3401.1337317228317, 3, 9.056970805999299, 312, 2226761,                                             1000000, 29.45170783996582, 440.5650939941406
2446, -2862.0745121836662, 2, 6.128531612999723, 198, 2226959,                                             1000000, 28.2876033782959, 441.1001281738281
2447, -3714.9475858807564, 2, 19.367837018999126, 648, 2227607,                                             1000000, 29.88021469116211, 441.6888122558594
2448, 1559.885768264532, 1, 13.852166048000072, 470, 2228077,                                             1000000, 29.80748748779297, 441.6521301269531
2449, -2646.66743183136, 2, 2.521201374998782, 85, 2228162,                                             1000000, 27.699234008789062, 443.02996826171875
2450, -2585.566698372364, 2, 5.112342379001348, 168, 2228330,                                             1000000, 29.36054039001465, 442.635498046875
2451, -3057.049785733223, 2, 8.604237051000382, 291, 2228621,                                             1000000, 28.68098258972168, 441.6855773925781
2452, -3694.672262787819, 2, 16.84975250500065, 580, 2229201,                                             1000000, 30.295888900756836, 438.4869689941406
2453, 1427.255689740181, 1, 11.542486332999033, 391, 2229592,                                             1000000, 29.187732696533203, 440.5884094238281
2454, -2520.444957256317, 2, 1.7043452650013933, 49, 2229641,                                             1000000, 28.561931610107422, 438.1877136230469
2455, -3219.821636080742, 2, 10.29584376999992, 344, 2229985,                                             1000000, 29.19005012512207, 440.2667541503906
2456, 1626.8371826410294, 1, 10.529037424999842, 352, 2230337,                                             1000000, 30.1134033203125, 442.54705810546875
2457, -3040.193166613579, 2, 12.481530545999703, 426, 2230763,                                             1000000, 30.5054931640625, 440.245849609375
2458, 1896.160299360752, 1, 8.317195120000179, 277, 2231040,                                             1000000, 29.832042694091797, 443.9436950683594
2459, -2724.627123296261, 3, 9.725305179001225, 331, 2231371,                                             1000000, 30.082624435424805, 441.8976135253906
2460, -2735.5557461977005, 2, 5.517312754000159, 178, 2231549,                                             1000000, 29.927600860595703, 445.2615966796875
2461, -3077.51198887825, 2, 6.081729292998716, 207, 2231756,                                             1000000, 29.547574996948242, 441.69451904296875
2462, 1983.450168132782, 1, 11.748533232001137, 397, 2232153,                                             1000000, 30.20221519470215, 438.4057922363281
2463, -2531.3750417232513, 2, 2.103807986000902, 60, 2232213,                                             1000000, 29.812047958374023, 438.5476379394531
2464, -3052.9361901283264, 2, 5.729219075999936, 191, 2232404,                                             1000000, 30.719919204711914, 442.76190185546875
2465, 1901.573568224907, 1, 8.521849796999959, 285, 2232689,                                             1000000, 30.69560432434082, 442.29962158203125
2466, -2747.4657073020935, 2, 4.619538074999582, 150, 2232839,                                             1000000, 28.618942260742188, 438.6307678222656
2467, -2688.2992980480194, 2, 4.72474981599953, 163, 2233002,                                             1000000, 30.48337173461914, 439.9937744140625
2468, -4425.165025353432, 2, 13.135048116999315, 444, 2233446,                                             1000000, 30.20692253112793, 441.7675476074219
2469, -3439.766952753067, 2, 12.08033970500037, 408, 2233854,                                             1000000, 30.267230987548828, 441.36163330078125
2470, -2881.305663228035, 3, 8.922928875999787, 295, 2234149,                                             1000000, 30.621124267578125, 442.8516540527344
2471, -3916.3993210196495, 2, 7.750000103000275, 265, 2234414,                                             1000000, 28.903385162353516, 443.14324951171875
2472, -3293.0368371009827, 2, 11.34714214700034, 380, 2234794,                                             1000000, 29.597034454345703, 441.3354797363281
2473, 1712.8296996355057, 1, 12.33914303399979, 428, 2235222,                                             1000000, 29.832918167114258, 440.88623046875
2474, -2600.5458450317383, 2, 1.9050899489993753, 55, 2235277,                                             1000000, 29.972431182861328, 437.6253662109375
2475, -2616.5795796513557, 3, 8.535723936000068, 291, 2235568,                                             1000000, 30.0546875, 441.14385986328125
2476, 1953.329625338316, 1, 7.733789447000163, 255, 2235823,                                             1000000, 29.79494285583496, 438.92803955078125
2477, -2552.6097257733345, 2, 4.509413267998752, 140, 2235963,                                             1000000, 30.724693298339844, 442.94903564453125
2478, -2800.727750658989, 2, 7.133430092000708, 241, 2236204,                                             1000000, 29.682811737060547, 441.1861572265625
2479, -3470.9389209747314, 2, 14.548236659000395, 492, 2236696,                                             1000000, 30.671829223632812, 440.5379638671875
2480, 1957.255935370922, 1, 11.143738925000434, 374, 2237070,                                             1000000, 30.88686752319336, 441.9096374511719
2481, -2607.3295979499817, 2, 2.5239886199997272, 72, 2237142,                                             1000000, 30.03614044189453, 440.3614501953125
2482, 1860.6354219913483, 1, 9.134639568999773, 306, 2237448,                                             1000000, 30.892297744750977, 441.16851806640625
2483, -2566.558923125267, 2, 5.118229244999384, 168, 2237616,                                             1000000, 31.063161849975586, 439.979736328125
2484, -2774.424212217331, 2, 5.129295681999793, 165, 2237781,                                             1000000, 31.533048629760742, 441.0379638671875
2485, -2729.4260050058365, 2, 5.532499148999705, 186, 2237967,                                             1000000, 30.18606185913086, 440.79486083984375
2486, 1550.2183188796043, 1, 12.346255413000108, 415, 2238382,                                             1000000, 31.117700576782227, 442.5418701171875
2487, -3036.3945382237434, 2, 11.135398696000266, 370, 2238752,                                             1000000, 30.560108184814453, 442.7633972167969
2488, -3702.5902973413467, 2, 16.15752303899899, 561, 2239313,                                             1000000, 30.992706298828125, 442.8991394042969
2489, -2754.95669901371, 2, 5.31046505499944, 171, 2239484,                                             1000000, 30.064661026000977, 438.2924499511719
2490, 304.20508909225464, 1, 13.49362943899905, 456, 2239940,                                             1000000, 31.243181228637695, 440.3130798339844
2491, -2980.2443333268166, 3, 10.745086584000092, 362, 2240302,                                             1000000, 31.24675750732422, 441.021240234375
2492, -3012.9644778370857, 2, 8.940170634999959, 304, 2240606,                                             1000000, 30.829992294311523, 439.58721923828125
2493, -2977.461714088917, 3, 8.840970732000642, 292, 2240898,                                             1000000, 30.42840003967285, 439.72918701171875
2494, -2715.963961839676, 2, 5.327471479999076, 178, 2241076,                                             1000000, 33.11869812011719, 442.8645935058594
2495, -3293.3630849719048, 2, 11.145182923000903, 372, 2241448,                                             1000000, 31.507970809936523, 440.6015930175781
2496, -4009.981628537178, 3, 13.352861049001149, 451, 2241899,                                             1000000, 31.200992584228516, 444.0129699707031
2497, 2058.269281923771, 1, 5.328411368000161, 178, 2242077,                                             1000000, 30.89513397216797, 442.682861328125
2498, -2820.5805010795593, 2, 3.5070722259988543, 106, 2242183,                                             1000000, 30.597082138061523, 437.3731689453125
2499, 1505.3779079318047, 1, 12.132620222999321, 399, 2242582,                                             1000000, 31.400821685791016, 444.05462646484375
2500, -2504.358446121216, 2, 1.9266514470000402, 64, 2242646,                                             1000000, 29.860820770263672, 443.4764709472656
2501, -2974.789505004883, 3, 12.362847751999652, 407, 2243053,                                             1000000, 30.5997371673584, 438.5848693847656
2502, -2649.696997642517, 2, 5.128100383999481, 173, 2243226,                                             1000000, 30.491046905517578, 441.75238037109375
2503, 1714.5947645306587, 1, 8.699116902000242, 293, 2243519,                                             1000000, 31.578397750854492, 441.69390869140625
2504, 1353.1363534927368, 1, 14.137220446998981, 477, 2243996,                                             1000000, 31.998783111572266, 441.5543518066406
2505, -2589.497629404068, 2, 2.322859833999246, 72, 2244068,                                             1000000, 31.16914176940918, 443.6880798339844
2506, -3177.1369177103043, 2, 9.936414309000611, 339, 2244407,                                             1000000, 30.662317276000977, 438.9398193359375
2507, -3285.0484241843224, 2, 9.643087213000399, 331, 2244738,                                             1000000, 31.55261993408203, 439.5775451660156
2508, -3062.390483379364, 2, 9.123145749999821, 303, 2245041,                                             1000000, 30.425434112548828, 441.9519348144531
2509, -2726.7783551216125, 2, 6.535560559001169, 224, 2245265,                                             1000000, 30.928462982177734, 440.62945556640625
2510, -4086.2239286899567, 2, 14.672093195000343, 504, 2245769,                                             1000000, 30.630369186401367, 442.0539855957031
2511, -2812.6479986310005, 2, 6.08852690599997, 199, 2245968,                                             1000000, 29.49452781677246, 441.1978759765625
2512, 1600.1523049473763, 1, 8.342226786000538, 285, 2246253,                                             1000000, 31.11610221862793, 444.9507141113281
2513, 448.93815183639526, 1, 16.861274917000628, 572, 2246825,                                             1000000, 31.713483810424805, 440.28936767578125
2514, 1334.0596499443054, 1, 11.93626140500055, 402, 2247227,                                             1000000, 31.46797752380371, 438.08282470703125
2515, -3702.116804897785, 3, 14.274219172000812, 480, 2247707,                                             1000000, 31.288440704345703, 441.9844665527344
2516, 1707.187263906002, 1, 8.333306034999623, 284, 2247991,                                             1000000, 30.549102783203125, 442.83660888671875
2517, -2905.1944019198418, 2, 7.9165293910009495, 267, 2248258,                                             1000000, 31.485063552856445, 445.9283142089844
2518, -3124.078424811363, 2, 9.083293413999854, 313, 2248571,                                             1000000, 30.966476440429688, 440.30999755859375
2519, -2953.6068083643913, 2, 8.118724554999062, 272, 2248843,                                             1000000, 30.236616134643555, 442.2421875
2520, 2295.257683932781, 1, 4.324977143998694, 149, 2248992,                                             1000000, 31.205608367919922, 440.502197265625
2521, -2620.104480266571, 2, 2.2961159019996558, 67, 2249059,                                             1000000, 31.34467124938965, 443.3902587890625
2522, -2838.471349835396, 2, 9.13801886500005, 310, 2249369,                                             1000000, 31.308996200561523, 443.5372009277344
2523, 1648.481220215559, 1, 15.256965058000787, 522, 2249891,                                             1000000, 31.960186004638672, 444.6421813964844
2524, 983.2349891662598, 1, 21.15961159100152, 718, 2250609,                                             1000000, 31.179410934448242, 443.461669921875
2525, -2779.4455610513687, 2, 6.937779936000879, 237, 2250846,                                             1000000, 31.896177291870117, 442.035400390625
2526, -3300.4723430871964, 3, 11.944568951999827, 411, 2251257,                                             1000000, 31.673511505126953, 441.92205810546875
2527, 1873.5099584460258, 1, 7.316735226999299, 239, 2251496,                                             1000000, 30.876976013183594, 439.908447265625
2528, 1791.2840322256088, 1, 9.638118876999215, 321, 2251817,                                             1000000, 31.85357093811035, 445.218505859375
2529, -2810.520803451538, 3, 1.1021670699992683, 30, 2251847,                                             1000000, 27.66497802734375, 443.0212097167969
2530, 1758.5912358164787, 1, 10.94206268400012, 372, 2252219,                                             1000000, 32.03919982910156, 442.5448913574219
2531, -2877.7878111600876, 2, 5.695950397999695, 196, 2252415,                                             1000000, 31.726198196411133, 441.5868835449219
2532, -2813.440829515457, 2, 7.03183778499988, 232, 2252647,                                             1000000, 31.792888641357422, 446.29571533203125
2533, 1284.9566568136215, 1, 14.355676893001146, 486, 2253133,                                             1000000, 32.121089935302734, 443.97442626953125
2534, -2911.8144886493683, 2, 5.311132217000704, 178, 2253311,                                             1000000, 31.839582443237305, 445.4333190917969
2535, -3139.2282777428627, 3, 11.087319677000778, 381, 2253692,                                             1000000, 31.66082191467285, 443.98028564453125
2536, 1734.133523285389, 1, 11.330548760000966, 380, 2254072,                                             1000000, 32.881675720214844, 445.7893371582031
2537, -3700.5761682987213, 3, 13.55027537999922, 464, 2254536,                                             1000000, 30.96937370300293, 444.029296875
2538, -2757.546796143055, 2, 6.432174499999746, 209, 2254745,                                             1000000, 29.858566284179688, 441.5844421386719
2539, 2036.0180366039276, 1, 6.13120361899928, 210, 2254955,                                             1000000, 31.936431884765625, 444.6736755371094
2540, 1675.8741435408592, 1, 11.531821225000385, 384, 2255339,                                             1000000, 31.78912353515625, 448.330322265625
2541, 1218.0491409897804, 1, 12.267616305000047, 416, 2255755,                                             1000000, 32.135765075683594, 446.6640625
2542, -3351.212939977646, 2, 8.941258353999729, 304, 2256059,                                             1000000, 30.870872497558594, 445.7527160644531
2543, -3799.026231944561, 2, 14.943608148001658, 507, 2256566,                                             1000000, 32.274593353271484, 444.629150390625
2544, -2900.181506752968, 3, 9.438514228000713, 319, 2256885,                                             1000000, 32.7968635559082, 446.9615478515625
2545, 2052.365046918392, 1, 8.530295476999527, 292, 2257177,                                             1000000, 33.17695999145508, 444.6594543457031
2546, -3116.3412566184998, 2, 4.1100063949998, 131, 2257308,                                             1000000, 31.099063873291016, 447.8242492675781
2547, 2048.6363394260406, 1, 8.535568914998294, 292, 2257600,                                             1000000, 33.423683166503906, 446.1398010253906
2548, -3695.738651394844, 2, 10.263390333000643, 345, 2257945,                                             1000000, 30.905363082885742, 444.3954772949219
2549, -2712.820188343525, 3, 9.328354627999943, 308, 2258253,                                             1000000, 33.94451141357422, 449.9572448730469
2550, -2604.2860055565834, 2, 5.124971929999447, 171, 2258424,                                             1000000, 33.448970794677734, 448.13702392578125
2551, -3661.636975288391, 2, 11.623156488998575, 396, 2258820,                                             1000000, 30.793682098388672, 445.3177185058594
2552, -3003.7629175186157, 2, 5.929520649000551, 201, 2259021,                                             1000000, 31.693031311035156, 445.31011962890625
2553, 2098.7556554079056, 1, 6.127923013000327, 208, 2259229,                                             1000000, 31.51853370666504, 448.4739074707031
2554, -3028.5461280345917, 2, 10.127219836000222, 340, 2259569,                                             1000000, 32.357940673828125, 448.42486572265625
2555, -2600.2930715084076, 2, 5.024154637998436, 163, 2259732,                                             1000000, 30.844636917114258, 443.8575134277344
2556, -3089.986382484436, 2, 5.731826585000817, 193, 2259925,                                             1000000, 32.3951416015625, 448.8129577636719
2557, -4528.208929777145, 2, 12.127206348999607, 408, 2260333,                                             1000000, 33.863399505615234, 450.3031311035156
2558, 2182.390736103058, 1, 5.315276036999421, 172, 2260505,                                             1000000, 32.82971954345703, 450.3143310546875
2559, -172.0048966407776, 1, 10.658207552000022, 365, 2260870,                                             1000000, 31.97524642944336, 448.1738586425781
2560, -2821.841801404953, 2, 4.726967573998991, 159, 2261029,                                             1000000, 32.592044830322266, 449.8923034667969
2561, -3179.3944280147552, 2, 11.250846738999826, 385, 2261414,                                             1000000, 31.57093048095703, 450.1416015625
2562, -2903.153600215912, 2, 5.333353678001004, 181, 2261595,                                             1000000, 33.57394790649414, 452.2646789550781
2563, -3819.109318614006, 2, 16.250920332999158, 552, 2262147,                                             1000000, 32.55582809448242, 450.9295959472656
2564, -3063.884684562683, 2, 5.5150143259998, 182, 2262329,                                             1000000, 31.859375, 445.8296203613281
2565, -3285.8839311003685, 2, 9.33914035000089, 324, 2262653,                                             1000000, 32.4172248840332, 451.7313232421875
2566, -4158.583489537239, 2, 11.279395587000181, 384, 2263037,                                             1000000, 32.60057830810547, 454.1277770996094
2567, -5676.395724892616, 2, 26.117981731998952, 891, 2263928,                                             1000000, 32.49041748046875, 453.0009460449219
2568, -4780.596212983131, 3, 20.576277472000584, 697, 2264625,                                             1000000, 32.215755462646484, 451.2112121582031
2569, -4305.737399816513, 3, 20.081826531999468, 687, 2265312,                                             1000000, 32.4203987121582, 450.2716369628906
2570, -4485.144572377205, 3, 21.914702052999928, 740, 2266052,                                             1000000, 32.31182098388672, 451.5367736816406
2571, -4903.361718773842, 2, 20.673327602999052, 699, 2266751,                                             1000000, 32.39594650268555, 451.1924743652344
2572, -5500.230781316757, 4, 50.158669188000204, 1736, 2268487,                                             1000000, 31.740068435668945, 451.764404296875
2573, -4642.430233836174, 2, 22.328241860999697, 762, 2269249,                                             1000000, 32.65615463256836, 451.5884704589844
2574, -9827.229346990585, 4, 49.19981581400134, 1708, 2270957,                                             1000000, 31.954204559326172, 451.56854248046875
2575, -4310.266629695892, 3, 19.90811814799963, 692, 2271649,                                             1000000, 31.55774688720703, 451.5714111328125
2576, -4398.695718765259, 3, 20.5648540330003, 710, 2272359,                                             1000000, 31.040319442749023, 450.37567138671875
2577, -5186.824459075928, 4, 49.529858718999094, 1706, 2274065,                                             1000000, 30.955150604248047, 450.2286071777344
2578, -4894.420339584351, 2, 20.74458548900111, 709, 2274774,                                             1000000, 30.361217498779297, 449.0008850097656
2579, -4417.746064901352, 3, 19.56535403000089, 671, 2275445,                                             1000000, 30.78258514404297, 451.0155029296875
2580, -5031.462552785873, 2, 22.50879129599889, 761, 2276206,                                             1000000, 31.238126754760742, 449.89642333984375
2581, -4745.943666875362, 2, 20.405442919000052, 699, 2276905,                                             1000000, 31.08055877685547, 450.625
2582, -4273.700647711754, 3, 19.964636352000525, 684, 2277589,                                             1000000, 31.6353759765625, 451.8428955078125
2583, -4874.489094614983, 4, 51.25844578899887, 1345, 2278934,                                             1000000, 30.355606079101562, 449.8769836425781
2584, -4037.8286892175674, 3, 20.509441283998967, 517, 2279451,                                             1000000, 31.450252532958984, 448.1225891113281
2585, -3825.6715137958527, 3, 21.776539775000856, 539, 2279990,                                             1000000, 31.0411319732666, 451.1806335449219
2586, 2390.6389560103416, 1, 4.309984651999912, 104, 2280094,                                             1000000, 29.514925003051758, 452.58056640625
2587, -6526.561215817928, 4, 49.42834994900113, 1440, 2281534,                                             1000000, 31.03560447692871, 450.3663635253906
2588, -5532.3268184661865, 3, 22.935407163999116, 796, 2282330,                                             1000000, 30.8000431060791, 449.79327392578125
2589, -4249.218017339706, 3, 20.37023852800121, 699, 2283029,                                             1000000, 29.971717834472656, 447.8348083496094
2590, -5401.99295258522, 3, 28.298062709998703, 968, 2283997,                                             1000000, 30.81129264831543, 450.3339538574219
2591, -4233.837117791176, 3, 20.403323226000794, 692, 2284689,                                             1000000, 30.06664276123047, 449.5695495605469
2592, -5872.380526661873, 3, 22.541356449000887, 779, 2285468,                                             1000000, 30.475454330444336, 450.437255859375
2593, -6325.060418486595, 3, 35.15683624400117, 1217, 2286685,                                             1000000, 30.557126998901367, 451.0502624511719
2594, -6733.494735956192, 4, 49.98805185099991, 1723, 2288408,                                             1000000, 30.675504684448242, 450.0733337402344
2595, -5940.347591817379, 4, 50.77201537600013, 1732, 2290140,                                             1000000, 30.3241024017334, 449.0545959472656
2596, -9164.461977422237, 2, 46.78717294499984, 1614, 2291754,                                             1000000, 29.953311920166016, 448.4162902832031
2597, -4386.603368997574, 3, 19.89384451800106, 680, 2292434,                                             1000000, 30.877042770385742, 447.9373474121094
2598, -4677.010135829449, 3, 21.344142096000724, 734, 2293168,                                             1000000, 30.52909278869629, 449.7831115722656
2599, -4572.215410113335, 3, 20.575967018001393, 711, 2293879,                                             1000000, 30.064620971679688, 449.9835510253906
2600, -4263.119509577751, 3, 19.893646071999683, 688, 2294567,                                             1000000, 29.863611221313477, 448.2556457519531
2601, 2346.633986890316, 1, 4.445334492000256, 141, 2294708,                                             1000000, 32.28740692138672, 452.59149169921875
2602, -4756.755725264549, 2, 16.903251198000362, 578, 2295286,                                             1000000, 30.084049224853516, 446.19635009765625
2603, -5218.460582017899, 3, 26.31827241800056, 903, 2296189,                                             1000000, 30.640775680541992, 449.81793212890625
2604, -4463.209487318993, 3, 19.57377744399855, 677, 2296866,                                             1000000, 29.63727569580078, 445.0704040527344
2605, -4032.4348311424255, 2, 12.098788282999521, 416, 2297282,                                             1000000, 29.83684539794922, 448.64971923828125
2606, -6805.921228468418, 2, 18.545675536001, 629, 2297911,                                             1000000, 30.514835357666016, 447.8892517089844
2607, -4507.4658172130585, 3, 22.10146437900039, 754, 2298665,                                             1000000, 30.52005958557129, 448.6009216308594
2608, -6157.037065386772, 4, 50.15715004100093, 1728, 2300393,                                             1000000, 30.673410415649414, 449.9515686035156
2609, -6415.638961672783, 4, 49.78940077900006, 1720, 2302113,                                             1000000, 30.534204483032227, 449.9837341308594
2610, -4897.625399827957, 4, 49.37868011200044, 1709, 2303822,                                             1000000, 29.851078033447266, 447.4490966796875
2611, -4993.130781888962, 2, 15.611837295999067, 545, 2304367,                                             1000000, 29.91080665588379, 447.5115966796875
2612, -4372.543588399887, 3, 19.481873489999998, 673, 2305040,                                             1000000, 29.889389038085938, 447.58697509765625
2613, -4291.876240968704, 3, 20.503715602999364, 701, 2305741,                                             1000000, 30.056028366088867, 447.59942626953125
2614, -6488.185095727444, 2, 29.9670870129994, 1036, 2306777,                                             1000000, 29.82855796813965, 447.94976806640625
2615, -5141.83224183321, 3, 32.32967082200048, 1109, 2307886,                                             1000000, 30.444612503051758, 450.0531311035156
2616, -6422.158927440643, 4, 50.3943787219996, 1747, 2309633,                                             1000000, 30.134735107421875, 448.40325927734375
2617, -4476.5248374938965, 3, 20.915141278999727, 713, 2310346,                                             1000000, 30.90797233581543, 446.5226745605469
2618, -4272.064511537552, 3, 19.36515005199908, 672, 2311018,                                             1000000, 30.27231788635254, 448.9801330566406
2619, -4674.640982210636, 3, 20.690472797999973, 708, 2311726,                                             1000000, 29.99456024169922, 446.45611572265625
2620, -5845.632733345032, 3, 29.342736708000302, 1010, 2312736,                                             1000000, 29.83379554748535, 448.3021240234375
2621, -4558.371789097786, 3, 21.0040445300001, 722, 2313458,                                             1000000, 29.404491424560547, 447.5364074707031
2622, -3963.9544537067413, 3, 18.545169431999966, 638, 2314096,                                             1000000, 30.41951560974121, 450.3528747558594
2623, -4221.839419066906, 3, 21.698056283999904, 744, 2314840,                                             1000000, 30.44923973083496, 448.6419677734375
2624, -4660.042605876923, 3, 22.3214174069999, 774, 2315614,                                             1000000, 29.914140701293945, 446.8771057128906
2625, -4449.713747143745, 3, 21.151848299999983, 728, 2316342,                                             1000000, 30.883329391479492, 450.0369873046875
2626, -4910.234984874725, 4, 49.546620344000985, 1728, 2318070,                                             1000000, 30.309337615966797, 450.1300048828125
2627, -8516.544589400291, 2, 45.97948617399925, 1585, 2319655,                                             1000000, 30.265960693359375, 449.30908203125
2628, -5359.337584555149, 2, 34.137523340999905, 1171, 2320826,                                             1000000, 29.43752670288086, 447.6278076171875
2629, -4462.085588991642, 3, 21.524244049000117, 747, 2321573,                                             1000000, 29.111799240112305, 446.9750671386719
2630, -4823.214749038219, 3, 22.318166176000886, 770, 2322343,                                             1000000, 30.253931045532227, 449.22430419921875
2631, -4432.0700562000275, 3, 19.924895345999175, 686, 2323029,                                             1000000, 29.62976837158203, 447.56109619140625
2632, -4555.011144518852, 3, 20.966306020000047, 720, 2323749,                                             1000000, 30.61923599243164, 449.55059814453125
2633, -3758.1473578214645, 2, 13.901092883999809, 473, 2324222,                                             1000000, 29.894899368286133, 447.9481506347656
2634, -8313.803566813469, 4, 49.58158736199948, 1715, 2325937,                                             1000000, 30.208253860473633, 449.3575744628906
2635, -3361.4018568992615, 2, 6.731852839000567, 227, 2326164,                                             1000000, 29.3861083984375, 448.7986755371094
2636, -6081.072663664818, 3, 27.510617922000165, 945, 2327109,                                             1000000, 29.640684127807617, 448.18115234375
2637, -5133.520031571388, 3, 26.357843951998802, 910, 2328019,                                             1000000, 30.413862228393555, 448.90472412109375
2638, -4565.457633972168, 3, 21.717397000000346, 756, 2328775,                                             1000000, 30.193077087402344, 450.25616455078125
2639, -5356.357903242111, 3, 26.917958026000633, 931, 2329706,                                             1000000, 30.22641944885254, 451.0760498046875
2640, -4570.751030087471, 3, 22.371025741000267, 775, 2330481,                                             1000000, 30.301403045654297, 448.7048034667969
2641, -6060.482897877693, 4, 49.37540041700049, 1715, 2332196,                                             1000000, 30.304840087890625, 449.24346923828125
2642, -5741.3053433299065, 4, 49.75869434500055, 1716, 2333912,                                             1000000, 29.835918426513672, 446.403076171875
2643, -7371.915581703186, 2, 48.7946849100008, 1693, 2335605,                                             1000000, 29.778202056884766, 446.3493347167969
2644, 2401.023371219635, 1, 4.312664626000696, 140, 2335745,                                             1000000, 30.894750595092773, 448.78759765625
2645, -3854.129845559597, 3, 16.690442049999547, 582, 2336327,                                             1000000, 30.224853515625, 447.59613037109375
2646, -5269.452585577965, 3, 26.735417332998622, 927, 2337254,                                             1000000, 29.348880767822266, 446.8564147949219
2647, -6305.210603237152, 3, 33.53211986899987, 1161, 2338415,                                             1000000, 29.777690887451172, 447.96942138671875
2648, -4498.195067405701, 3, 20.564273895999577, 711, 2339126,                                             1000000, 30.247528076171875, 447.00830078125
2649, -9410.9006305933, 2, 43.13804560999961, 1494, 2340620,                                             1000000, 29.703115463256836, 445.86346435546875
2650, -3762.0695937871933, 2, 14.951443296000434, 516, 2341136,                                             1000000, 29.561567306518555, 449.2225036621094
2651, -3316.033897638321, 2, 7.131157917001474, 238, 2341374,                                             1000000, 30.90751838684082, 451.13525390625
2652, 1690.8101900219917, 1, 10.85867827400034, 366, 2341740,                                             1000000, 29.971431732177734, 446.7920227050781
2653, -3391.6092958450317, 2, 6.941324520999842, 235, 2341975,                                             1000000, 30.690677642822266, 448.4581298828125
2654, -9331.054897904396, 2, 31.702789629998733, 1091, 2343066,                                             1000000, 30.08816146850586, 446.8038635253906
2655, -5447.082290887833, 3, 32.154620506000356, 1115, 2344181,                                             1000000, 30.07813835144043, 447.4990234375
2656, -5849.988261342049, 3, 28.948511708000296, 999, 2345180,                                             1000000, 29.660123825073242, 447.42144775390625
2657, -5202.8177309036255, 3, 29.13188149400048, 998, 2346178,                                             1000000, 30.27342414855957, 447.7651672363281
2658, -5169.06853556633, 3, 27.711794842000018, 952, 2347130,                                             1000000, 30.223278045654297, 446.3510437011719
2659, 2224.038146018982, 1, 8.13899709799989, 280, 2347410,                                             1000000, 28.165891647338867, 441.1006774902344
2660, -3338.3545038700104, 2, 6.319198469000185, 210, 2347620,                                             1000000, 29.40066909790039, 445.51947021484375
2661, -6356.392240524292, 4, 50.35703410299902, 1736, 2349356,                                             1000000, 29.759994506835938, 447.66131591796875
2662, -5666.0414180755615, 3, 31.128838090999125, 1075, 2350431,                                             1000000, 29.780412673950195, 447.77911376953125
2663, -4386.24499297142, 3, 21.14431624000099, 729, 2351160,                                             1000000, 30.74631690979004, 448.0323181152344
2664, -4140.904039263725, 3, 19.157603409999865, 669, 2351829,                                             1000000, 29.79433250427246, 447.70281982421875
2665, -2970.6098399162292, 2, 7.71452848700028, 252, 2352081,                                             1000000, 28.331600189208984, 447.9217529296875
2666, -6861.700154662132, 2, 38.71400018499844, 1347, 2353428,                                             1000000, 29.90500831604004, 447.1014404296875
2667, -5222.895161211491, 3, 32.15976264799974, 1118, 2354546,                                             1000000, 29.49067497253418, 448.1700439453125
2668, -6047.410382866859, 4, 49.77160742599881, 1728, 2356274,                                             1000000, 29.719327926635742, 448.0701599121094
2669, -4582.067630410194, 3, 21.57626672799961, 743, 2357017,                                             1000000, 30.315956115722656, 447.5793151855469
2670, -5002.625660300255, 3, 26.977294938998966, 872, 2357889,                                             1000000, 29.461387634277344, 444.1659240722656
2671, -5087.417897105217, 3, 28.28559369300092, 946, 2358835,                                             1000000, 28.82154083251953, 446.0794372558594
2672, -5460.599323272705, 3, 29.583267644000443, 1003, 2359838,                                             1000000, 28.731006622314453, 447.5832214355469
2673, -5000.474240660667, 3, 21.380035943999246, 727, 2360565,                                             1000000, 29.12869644165039, 445.8243103027344
2674, -5805.584303081036, 4, 50.02724239700001, 1693, 2362258,                                             1000000, 29.31932258605957, 447.8714294433594
2675, -5420.679350495338, 3, 28.588945322000654, 957, 2363215,                                             1000000, 30.32460594177246, 447.9764099121094
2676, -5465.755346655846, 3, 29.386718927999027, 998, 2364213,                                             1000000, 30.296585083007812, 448.24993896484375
2677, -5310.60598218441, 3, 27.53624419299922, 949, 2365162,                                             1000000, 29.580150604248047, 447.9147033691406
2678, -6002.9313614964485, 3, 32.338949098999365, 1109, 2366271,                                             1000000, 29.71314239501953, 447.7890319824219
2679, -5560.5958305597305, 3, 28.986782567000773, 987, 2367258,                                             1000000, 29.439891815185547, 446.5761413574219
2680, -4726.948912024498, 3, 22.962638672999674, 770, 2368028,                                             1000000, 28.6418399810791, 446.2491455078125
2681, -4558.353402912617, 4, 49.804418181000074, 1686, 2369714,                                             1000000, 29.138322830200195, 447.2321472167969
2682, -5803.948478460312, 3, 30.20770015999915, 1045, 2370759,                                             1000000, 29.38629150390625, 445.2195129394531
2683, -5430.083564341068, 3, 22.93048067000018, 777, 2371536,                                             1000000, 29.669580459594727, 446.8894348144531
2684, -5328.4436185359955, 2, 26.580673342999944, 909, 2372445,                                             1000000, 28.220129013061523, 446.42388916015625
2685, 783.0880187153816, 1, 13.668313308000506, 466, 2372911,                                             1000000, 29.023221969604492, 446.9373474121094
2686, -2980.1891363859177, 3, 8.136728695000784, 276, 2373187,                                             1000000, 28.146854400634766, 445.78741455078125
2687, 2346.8879125118256, 1, 4.330253189000359, 143, 2373330,                                             1000000, 30.216739654541016, 444.32916259765625
2688, -5202.269781827927, 2, 16.863639433999197, 577, 2373907,                                             1000000, 29.058887481689453, 445.555419921875
2689, -4794.8757855296135, 4, 49.59606760399947, 1720, 2375627,                                             1000000, 28.913040161132812, 446.17205810546875
2690, -2462.870118558407, 1, 40.92046778299846, 1413, 2377040,                                             1000000, 28.846996307373047, 446.0819091796875
2691, -5467.381880402565, 3, 28.87827052299872, 990, 2378030,                                             1000000, 29.62712287902832, 449.0857238769531
2692, -4481.6719760894775, 3, 19.967285933998937, 689, 2378719,                                             1000000, 28.571321487426758, 447.4310607910156
2693, -6132.763432502747, 3, 30.52301076099866, 1049, 2379768,                                             1000000, 29.21883773803711, 447.6886901855469
2694, 2364.8096366524696, 1, 4.126871952001238, 141, 2379909,                                             1000000, 30.492149353027344, 445.74505615234375
2695, -5227.397311985493, 2, 32.534120767000786, 1116, 2381025,                                             1000000, 29.6954288482666, 448.5005187988281
2696, -3820.0207266807556, 2, 7.666359480999745, 254, 2381279,                                             1000000, 28.304962158203125, 447.0020751953125
2697, -3149.2424740195274, 2, 9.540115052999681, 323, 2381602,                                             1000000, 30.340167999267578, 447.8363037109375
2698, -5647.939201712608, 3, 29.730444269000145, 1019, 2382621,                                             1000000, 29.40180206298828, 447.6744384765625
2699, -6112.517020940781, 4, 50.400394116000825, 1753, 2384374,                                             1000000, 29.77731704711914, 449.4286193847656
2700, -5368.920372962952, 3, 27.786366618000102, 966, 2385340,                                             1000000, 29.58013916015625, 447.8308410644531
2701, -5484.275391578674, 2, 33.224885158999314, 1154, 2386494,                                             1000000, 29.110265731811523, 448.6756591796875
2702, -4249.897391438484, 3, 20.349445566000213, 699, 2387193,                                             1000000, 29.958829879760742, 450.2131042480469
2703, -5002.581148207188, 3, 21.1071657779994, 734, 2387927,                                             1000000, 29.74098014831543, 448.86907958984375
2704, -5490.168213069439, 4, 49.58265004900022, 1725, 2389652,                                             1000000, 29.648372650146484, 449.12615966796875
2705, -4137.94498360157, 3, 18.52430002699839, 641, 2390293,                                             1000000, 29.021432876586914, 448.97747802734375
2706, -6138.402070224285, 4, 49.161803160001, 1703, 2391996,                                             1000000, 28.960559844970703, 448.7186584472656
2707, -6394.17676961422, 3, 30.94850316999873, 1076, 2393072,                                             1000000, 29.80548095703125, 449.6836242675781
2708, -5890.786832153797, 3, 34.761343000000124, 1205, 2394277,                                             1000000, 29.726455688476562, 448.53448486328125
2709, -5807.631040275097, 3, 30.124140679001357, 1038, 2395315,                                             1000000, 29.26820182800293, 447.49603271484375
2710, -6214.12204003334, 3, 28.549884668998857, 989, 2396304,                                             1000000, 29.928852081298828, 450.5657958984375
2711, -5810.717073857784, 4, 49.9135706119996, 1724, 2398028,                                             1000000, 29.82012939453125, 450.6278381347656
2712, -5926.035010099411, 4, 48.96737778100032, 1704, 2399732,                                             1000000, 29.723541259765625, 450.37347412109375
2713, -4944.226576089859, 4, 49.77814900299927, 1744, 2401476,                                             1000000, 29.949241638183594, 449.45648193359375
2714, -6170.828269064426, 4, 49.55565560600007, 1717, 2403193,                                             1000000, 29.63852310180664, 448.30853271484375
2715, -4219.219693660736, 2, 20.15840699600085, 699, 2403892,                                             1000000, 29.725204467773438, 447.6307373046875
2716, -6583.1481457948685, 3, 36.52745711300122, 1253, 2405145,                                             1000000, 29.632232666015625, 449.0167541503906
2717, -5637.772263169289, 3, 29.74427110400029, 1030, 2406175,                                             1000000, 29.548526763916016, 449.1202392578125
2718, -5421.183265686035, 4, 49.39310491499964, 1714, 2407889,                                             1000000, 30.11890983581543, 449.46124267578125
2719, -5336.42578047514, 2, 25.740718941000523, 894, 2408783,                                             1000000, 29.048616409301758, 447.02459716796875
2720, -6217.978738725185, 3, 30.727148727000895, 1063, 2409846,                                             1000000, 29.67491340637207, 449.2418212890625
2721, -6665.548974394798, 2, 27.024676910999915, 939, 2410785,                                             1000000, 29.385726928710938, 449.4719543457031
2722, -4928.162957429886, 3, 22.117675086999952, 770, 2411555,                                             1000000, 29.808185577392578, 447.1334533691406
2723, -6615.101991415024, 4, 50.39452844199877, 1766, 2413321,                                             1000000, 29.942928314208984, 449.1213684082031
2724, -5670.441416621208, 3, 29.93559428899971, 1031, 2414352,                                             1000000, 30.068613052368164, 450.5298767089844
2725, -6268.52040541172, 4, 50.16693667600157, 1732, 2416084,                                             1000000, 29.781232833862305, 448.2982177734375
2726, -5518.9387983083725, 3, 26.36354324399872, 895, 2416979,                                             1000000, 29.266820907592773, 448.272705078125
2727, -4237.163429379463, 3, 20.524416180000117, 707, 2417686,                                             1000000, 30.455915451049805, 450.3565368652344
2728, -7634.199017286301, 2, 39.15823260199977, 1344, 2419030,                                             1000000, 30.090763092041016, 449.1978759765625
2729, -7356.699536919594, 4, 50.169980616999965, 1744, 2420774,                                             1000000, 30.08380699157715, 450.052490234375
2730, -6281.224437713623, 4, 49.59145915299996, 1731, 2422505,                                             1000000, 29.984939575195312, 449.05908203125
2731, -6214.795641005039, 2, 35.02503314600108, 1219, 2423724,                                             1000000, 29.86846351623535, 448.24261474609375
2732, -6057.056907296181, 3, 31.9352077679996, 1114, 2424838,                                             1000000, 29.7233829498291, 449.78619384765625
2733, -6775.574151873589, 3, 27.18364497100083, 948, 2425786,                                             1000000, 28.74222755432129, 448.1905517578125
2734, -5508.538710832596, 4, 49.945783388000564, 1741, 2427527,                                             1000000, 29.102176666259766, 447.8796691894531
2735, -5118.0166410803795, 4, 50.18897241000013, 1739, 2429266,                                             1000000, 29.21892547607422, 447.804931640625
2736, -4233.160329937935, 3, 19.561615035001523, 687, 2429953,                                             1000000, 28.927507400512695, 446.96820068359375
2737, -5741.290565133095, 3, 28.89989439599958, 998, 2430951,                                             1000000, 28.808176040649414, 447.171630859375
2738, -7961.197337985039, 4, 50.179283704001136, 1753, 2432704,                                             1000000, 29.236827850341797, 448.4976501464844
2739, -5426.658213794231, 4, 49.59270398800072, 1738, 2434442,                                             1000000, 29.09061622619629, 447.46795654296875
2740, -4479.263058900833, 3, 21.116087528000207, 738, 2435180,                                             1000000, 30.482667922973633, 447.6349792480469
2741, -5081.686372995377, 3, 22.806699452999965, 795, 2435975,                                             1000000, 29.206947326660156, 448.5426940917969
2742, -4553.420568585396, 3, 20.165347751999434, 705, 2436680,                                             1000000, 30.03448486328125, 448.045166015625
2743, -5423.27406167984, 3, 27.50725265499932, 959, 2437639,                                             1000000, 28.73910140991211, 447.5057373046875
2744, -7029.29218429327, 4, 49.16173992900076, 1720, 2439359,                                             1000000, 29.02467155456543, 447.06256103515625
2745, -4342.131391763687, 3, 19.549883857998793, 670, 2440029,                                             1000000, 28.17841148376465, 446.8773193359375
2746, -4898.835454821587, 3, 24.340243143999032, 843, 2440872,                                             1000000, 29.067968368530273, 447.09527587890625
2747, -4405.795387208462, 3, 20.704171899998983, 712, 2441584,                                             1000000, 29.285398483276367, 448.8857421875
2748, -6161.508150219917, 3, 31.328217598000265, 1091, 2442675,                                             1000000, 28.813331604003906, 447.91888427734375
2749, -7073.825419545174, 4, 49.98176674199931, 1741, 2444416,                                             1000000, 29.097915649414062, 447.6610107421875
2750, -4841.835215508938, 3, 20.128337325999382, 709, 2445125,                                             1000000, 29.826562881469727, 447.0234375
2751, -7386.520417809486, 4, 49.60473205599919, 1726, 2446851,                                             1000000, 28.47311019897461, 444.84716796875
2752, -5324.807446479797, 3, 20.967472397000165, 735, 2447586,                                             1000000, 29.07806968688965, 447.33074951171875
2753, -6713.432168066502, 4, 49.55811188000007, 1731, 2449317,                                             1000000, 28.760421752929688, 445.4864501953125
2754, -5561.396820366383, 2, 27.736650926000948, 969, 2450286,                                             1000000, 28.87120819091797, 446.21905517578125
2755, -5820.25546169281, 3, 28.134836163999353, 982, 2451268,                                             1000000, 28.963560104370117, 447.1549072265625
2756, -4661.718196094036, 3, 21.967207214000155, 765, 2452033,                                             1000000, 28.641515731811523, 446.1783142089844
2757, -6287.505593419075, 3, 27.13670532099968, 945, 2452978,                                             1000000, 28.38595962524414, 445.4486389160156
2758, -3524.00006210804, 2, 12.47517909799899, 427, 2453405,                                             1000000, 28.84946060180664, 446.91326904296875
2759, -4848.946962594986, 3, 21.36849843300297, 748, 2454153,                                             1000000, 28.246177673339844, 447.4986572265625
2760, -8557.969065129757, 2, 42.116889373999584, 1459, 2455612,                                             1000000, 28.803388595581055, 446.6514587402344
2761, -6118.881175339222, 4, 49.516442619999, 1732, 2457344,                                             1000000, 28.980928421020508, 445.5102233886719
2762, -5252.376848638058, 3, 28.127299650001078, 975, 2458319,                                             1000000, 28.961729049682617, 447.1870422363281
2763, -4230.054862618446, 3, 18.927490630001557, 663, 2458982,                                             1000000, 28.089963912963867, 445.7543029785156
2764, -6077.476236343384, 2, 32.350642295998114, 1121, 2460103,                                             1000000, 28.494857788085938, 445.14544677734375
2765, -4488.622676610947, 3, 20.170986813998752, 701, 2460804,                                             1000000, 28.942901611328125, 445.4237365722656
2766, -6336.415294766426, 4, 49.51368161799837, 1720, 2462524,                                             1000000, 28.116254806518555, 444.27880859375
2767, -3916.891329705715, 1, 45.80221206100032, 1592, 2464116,                                             1000000, 27.961942672729492, 444.30322265625
2768, -4815.314588069916, 3, 28.314343560999987, 978, 2465094,                                             1000000, 28.166481018066406, 444.9831237792969
2769, -7012.100961446762, 3, 29.54983077900033, 1029, 2466123,                                             1000000, 27.993640899658203, 444.1364440917969
2770, -5627.748043954372, 3, 33.548228366998956, 1169, 2467292,                                             1000000, 27.772350311279297, 444.39532470703125
2771, -6340.378401994705, 2, 30.011509019997902, 1042, 2468334,                                             1000000, 28.20402717590332, 444.9059143066406
2772, -5551.1836079359055, 3, 28.93068045900145, 998, 2469332,                                             1000000, 27.582475662231445, 444.600341796875
2773, -9468.161280035973, 2, 46.359124988000985, 1629, 2470961,                                             1000000, 28.03379249572754, 444.9671936035156
2774, -5017.397155284882, 3, 21.955171192999842, 769, 2471730,                                             1000000, 27.949071884155273, 443.45904541015625
2775, -2963.2755432128906, 2, 5.283200007997948, 179, 2471909,                                             1000000, 27.904632568359375, 444.50885009765625
2776, -4552.9858684539795, 3, 20.750589776002016, 732, 2472641,                                             1000000, 29.12008285522461, 445.53350830078125
2777, 2355.2253014445305, 1, 4.312975374999951, 143, 2472784,                                             1000000, 29.21330451965332, 447.0321044921875
2778, -4266.326898217201, 3, 16.08127876599974, 554, 2473338,                                             1000000, 29.477222442626953, 443.47125244140625
2779, -8479.738710999489, 4, 49.39423263699791, 1733, 2475071,                                             1000000, 28.743989944458008, 444.5438232421875
2780, -4365.367051362991, 3, 19.518585238001833, 680, 2475751,                                             1000000, 29.021291732788086, 443.83612060546875
2781, -3382.4734811782837, 2, 13.305187820998981, 452, 2476203,                                             1000000, 29.13196563720703, 446.11785888671875
2782, -3311.082532644272, 2, 7.535919418001868, 254, 2476457,                                             1000000, 28.6578311920166, 442.5630798339844
2783, -5770.658361911774, 3, 27.517993532001128, 951, 2477408,                                             1000000, 28.462928771972656, 446.4329528808594
2784, -6743.595965504646, 3, 32.161190370999975, 1122, 2478530,                                             1000000, 29.038972854614258, 444.8776550292969
2785, -4490.709296584129, 3, 20.972952371001156, 716, 2479246,                                             1000000, 29.01218605041504, 444.7065734863281
2786, -5165.841347336769, 3, 27.097978234996845, 940, 2480186,                                             1000000, 28.549907684326172, 445.7938232421875
2787, -5642.5220556259155, 4, 49.955431192000106, 1759, 2481945,                                             1000000, 28.940053939819336, 444.5032043457031
2788, -5313.382666051388, 3, 31.36108009900272, 1097, 2483042,                                             1000000, 29.289308547973633, 443.93023681640625
2789, -4680.435064315796, 3, 21.34835053400093, 740, 2483782,                                             1000000, 29.266422271728516, 445.8169250488281
2790, -4432.9638686180115, 2, 11.106804641000053, 384, 2484166,                                             1000000, 28.670568466186523, 442.073486328125
2791, -5407.842257022858, 4, 50.41186527899845, 1763, 2485929,                                             1000000, 28.47679328918457, 442.7940673828125
2792, -4728.205506801605, 3, 23.337163621999935, 799, 2486728,                                             1000000, 28.264122009277344, 441.1727600097656
2793, -3821.216876745224, 2, 9.524714475999644, 326, 2487054,                                             1000000, 28.77771759033203, 443.8377685546875
2794, -5379.16831433773, 4, 50.34448111000165, 1758, 2488812,                                             1000000, 28.264305114746094, 441.8558044433594
2795, -4328.740189373493, 3, 20.305185429999256, 698, 2489510,                                             1000000, 28.568851470947266, 442.1245422363281
2796, 1386.6928039193153, 1, 13.151963109001372, 451, 2489961,                                             1000000, 27.96942138671875, 442.0293884277344
2797, -2664.964796960354, 3, 7.518999482999789, 254, 2490215,                                             1000000, 28.324432373046875, 444.4998474121094
2798, -6166.4100261330605, 3, 33.74282104899976, 1177, 2491392,                                             1000000, 28.128156661987305, 441.60369873046875
2799, -5746.515140414238, 3, 21.522939742000744, 747, 2492139,                                             1000000, 28.600927352905273, 440.156494140625
2800, 1390.8975622653961, 1, 13.297741375001351, 460, 2492599,                                             1000000, 29.11713218688965, 443.34710693359375
2801, 1645.0533940196037, 1, 13.309009702003095, 451, 2493050,                                             1000000, 27.675874710083008, 437.54193115234375
2802, -6271.183364510536, 2, 33.515240748001816, 1163, 2494213,                                             1000000, 28.985984802246094, 442.414794921875
2803, -6539.880895018578, 4, 49.552995543999714, 1731, 2495944,                                             1000000, 28.476215362548828, 441.16461181640625
2804, -5343.176168680191, 3, 25.34504992299844, 898, 2496842,                                             1000000, 28.812334060668945, 440.1336669921875
2805, -6036.201825022697, 4, 49.60280948500076, 1726, 2498568,                                             1000000, 28.424571990966797, 440.9169006347656
2806, -4666.802341103554, 3, 22.108480062001036, 763, 2499331,                                             1000000, 28.252187728881836, 439.1802062988281
2807, -5936.893107175827, 3, 32.557787483998254, 1139, 2500470,                                             1000000, 27.956430435180664, 441.0123596191406
2808, 1331.8027930259705, 1, 13.352442329000041, 467, 2500937,                                             1000000, 29.039079666137695, 440.007568359375
2809, -3227.5789194107056, 3, 7.259831483002927, 247, 2501184,                                             1000000, 28.442684173583984, 436.7362060546875
2810, -4382.604984402657, 2, 19.555775414999516, 683, 2501867,                                             1000000, 28.656810760498047, 440.8481750488281
2811, -5174.30545425415, 2, 29.128284400001576, 1008, 2502875,                                             1000000, 28.147790908813477, 440.4496765136719
2812, -5887.810236930847, 3, 21.52331908999986, 749, 2503624,                                             1000000, 28.859262466430664, 442.0100402832031
2813, -5392.43889683485, 3, 26.94180751699969, 944, 2504568,                                             1000000, 28.814556121826172, 441.3507995605469
2814, -4901.468198657036, 3, 22.774188613999286, 806, 2505374,                                             1000000, 28.56601333618164, 440.2550048828125
2815, -3142.29082262516, 2, 8.072628213001735, 275, 2505649,                                             1000000, 27.704524993896484, 438.08172607421875
2816, -6138.216800093651, 4, 49.384118943999056, 1748, 2507397,                                             1000000, 28.898374557495117, 439.3076477050781
2817, -5238.545506477356, 3, 28.33095270799822, 990, 2508387,                                             1000000, 28.234405517578125, 438.0543212890625
2818, -7238.599138915539, 4, 49.752594910998596, 1736, 2510123,                                             1000000, 28.371366500854492, 439.1463623046875
2819, -8333.64856261015, 2, 48.19019153699992, 1701, 2511824,                                             1000000, 28.639957427978516, 439.6253356933594
2820, -3877.4672008752823, 2, 8.88808583500213, 304, 2512128,                                             1000000, 29.061752319335938, 442.0122985839844
2821, -4990.498108804226, 2, 23.932428623000305, 838, 2512966,                                             1000000, 29.239721298217773, 439.0066833496094
2822, -7175.18718957901, 3, 34.73243523600104, 1219, 2514185,                                             1000000, 28.685741424560547, 438.8675537109375
