episode, reward, success, duration, steps, total_steps, memory length, avg_critic_loss, avg_actor_loss
2801, 2484.82047753036, 1, 2.082124921000002, 55, 2492654,                                             1000000, 31.310043334960938, 451.1763916015625
2802, -4368.7182359695435, 3, 19.357755543999986, 675, 2493329,                                             1000000, 28.324970245361328, 443.4092102050781
2803, -5841.641436934471, 4, 49.853207801999986, 1766, 2495095,                                             1000000, 28.26712989807129, 442.63299560546875
2804, -6407.678695321083, 4, 50.23145452599999, 1768, 2496863,                                             1000000, 28.408477783203125, 441.06219482421875
2805, -4661.417442321777, 3, 19.356018198000015, 686, 2497549,                                             1000000, 28.084205627441406, 440.639404296875
2806, -5326.201943635941, 3, 26.580197465000026, 941, 2498490,                                             1000000, 28.30122947692871, 440.2290344238281
2807, -4563.735244512558, 3, 19.759988332999967, 698, 2499188,                                             1000000, 28.213865280151367, 438.97784423828125
2808, -4983.932474255562, 2, 24.575166076000016, 873, 2500061,                                             1000000, 27.941753387451172, 439.572998046875
2809, -6006.663761854172, 3, 30.792328757999996, 1095, 2501156,                                             1000000, 28.29483413696289, 439.82452392578125
2810, -4514.881957888603, 3, 21.956339480999986, 765, 2501921,                                             1000000, 28.563419342041016, 439.4378967285156
2811, -4337.579313337803, 3, 21.981882017999965, 772, 2502693,                                             1000000, 27.741947174072266, 439.04339599609375
2812, -5655.856864333153, 3, 28.182798804000015, 994, 2503687,                                             1000000, 28.172197341918945, 437.77001953125
2813, -4433.335402607918, 3, 21.163820877000035, 737, 2504424,                                             1000000, 28.399221420288086, 439.8367614746094
2814, -4802.245005249977, 3, 22.56619418699995, 792, 2505216,                                             1000000, 28.041641235351562, 439.8857727050781
2815, -5374.775861501694, 4, 49.63437253300003, 1760, 2506976,                                             1000000, 28.51387596130371, 439.66107177734375
2816, -5317.541939616203, 3, 26.980640460999894, 947, 2507923,                                             1000000, 28.350475311279297, 439.7474060058594
2817, -5368.873547017574, 4, 50.03065937100007, 1759, 2509682,                                             1000000, 28.333114624023438, 438.5585632324219
2818, -4393.953817367554, 3, 20.167091615000004, 707, 2510389,                                             1000000, 28.13501739501953, 438.22918701171875
2819, -6325.384625613689, 4, 49.84481209399996, 1763, 2512152,                                             1000000, 28.304141998291016, 440.12493896484375
2820, -7170.745139479637, 2, 38.192555803000005, 1342, 2513494,                                             1000000, 28.063600540161133, 438.46368408203125
2821, -5366.385938644409, 3, 28.58071208299998, 1013, 2514507,                                             1000000, 27.993932723999023, 437.7347717285156
2822, -5433.72492903471, 3, 27.571623604000024, 948, 2515455,                                             1000000, 27.6555118560791, 437.34454345703125
2823, -6634.600794136524, 4, 50.43629854599999, 1804, 2517259,                                             1000000, 28.176252365112305, 437.9051513671875
2824, -4116.386049032211, 3, 19.362971965999918, 677, 2517936,                                             1000000, 28.026933670043945, 439.5308837890625
2825, -5210.787791132927, 3, 28.981036070000073, 1025, 2518961,                                             1000000, 28.387149810791016, 439.0512390136719
2826, -6912.28800535202, 3, 35.38444875899995, 1240, 2520201,                                             1000000, 28.130916595458984, 437.19683837890625
2827, -5205.002463042736, 2, 27.38388056200006, 969, 2521170,                                             1000000, 27.523239135742188, 436.8981018066406
2828, -3541.8173152804375, 2, 13.532487618999994, 469, 2521639,                                             1000000, 27.256208419799805, 437.9552001953125
2829, -5603.2253650426865, 3, 28.585900373999948, 1011, 2522650,                                             1000000, 28.206340789794922, 438.1164855957031
2830, -5297.374628186226, 3, 31.58156273999998, 1074, 2523724,                                             1000000, 28.07841682434082, 438.9078063964844
2831, -5623.856632709503, 2, 27.92318271000022, 977, 2524701,                                             1000000, 27.924131393432617, 438.04132080078125
2832, -6116.227493524551, 4, 50.64415054300002, 1800, 2526501,                                             1000000, 27.940933227539062, 438.33209228515625
2833, -965.583122253418, 1, 33.802617945000065, 1198, 2527699,                                             1000000, 28.22442054748535, 438.94329833984375
2834, -3057.9808192253113, 2, 3.5056037150000066, 114, 2527813,                                             1000000, 27.64336585998535, 437.8393859863281
2835, -3647.207266807556, 2, 14.956342177999886, 525, 2528338,                                             1000000, 28.43533706665039, 437.2438659667969
2836, -5192.1928861141205, 3, 27.371862010000086, 954, 2529292,                                             1000000, 27.981332778930664, 436.5008239746094
2837, -5260.523742139339, 3, 26.580718008000076, 939, 2530231,                                             1000000, 27.953763961791992, 436.8327331542969
2838, -6438.726767420769, 4, 49.83003319599993, 1752, 2531983,                                             1000000, 27.994470596313477, 437.3636169433594
2839, -6227.505922496319, 4, 50.83128371399994, 1784, 2533767,                                             1000000, 27.803077697753906, 436.206298828125
2840, -5574.666856050491, 3, 27.583760831999825, 973, 2534740,                                             1000000, 28.06599998474121, 434.7023010253906
2841, -5136.112589478493, 4, 49.98843744100009, 1748, 2536488,                                             1000000, 28.065589904785156, 435.3471374511719
2842, -5414.084311127663, 2, 28.16639503400006, 979, 2537467,                                             1000000, 28.21822166442871, 434.49365234375
2843, -3487.9290858507156, 1, 39.61358171100005, 1388, 2538855,                                             1000000, 27.787874221801758, 434.98370361328125
2844, -6491.486935317516, 3, 34.584642064000036, 1215, 2540070,                                             1000000, 27.347640991210938, 433.2475891113281
2845, -5649.712622046471, 3, 27.79032565300008, 977, 2541047,                                             1000000, 26.818601608276367, 433.29376220703125
2846, -6611.746588110924, 3, 26.161067256000024, 911, 2541958,                                             1000000, 27.244346618652344, 433.42950439453125
2847, -5122.777489840984, 3, 25.976203908000116, 911, 2542869,                                             1000000, 27.255477905273438, 433.5963134765625
2848, -4694.2732964754105, 3, 21.770836111000108, 756, 2543625,                                             1000000, 27.300378799438477, 431.94305419921875
2849, -7378.677795231342, 4, 49.831959635999965, 1744, 2545369,                                             1000000, 27.3157901763916, 432.4641418457031
2850, -5266.787083745003, 2, 31.598616708999998, 1117, 2546486,                                             1000000, 27.754343032836914, 433.00872802734375
2851, 2363.1319250762463, 1, 4.275621734999959, 140, 2546626,                                             1000000, 26.84880256652832, 430.5230712890625
2852, -3857.839010834694, 3, 16.555427648999967, 580, 2547206,                                             1000000, 27.558042526245117, 432.7850341796875
2853, -5608.152121782303, 2, 32.79743943299991, 1150, 2548356,                                             1000000, 27.116973876953125, 433.1977844238281
2854, -4181.669933438301, 3, 17.759764512999936, 619, 2548975,                                             1000000, 27.08303451538086, 431.09222412109375
2855, 2363.0381006598473, 1, 4.309783310000057, 143, 2549118,                                             1000000, 25.611087799072266, 426.9366760253906
2856, -4686.141112327576, 3, 19.768264993000003, 694, 2549812,                                             1000000, 27.498727798461914, 432.9922180175781
2857, -5599.719492316246, 3, 22.568953325000166, 791, 2550603,                                             1000000, 26.748859405517578, 431.3422546386719
2858, -5481.216342687607, 3, 29.778959556000018, 1044, 2551647,                                             1000000, 27.0534725189209, 433.4617919921875
2859, -5850.493090748787, 4, 50.43966568399992, 1773, 2553420,                                             1000000, 26.745258331298828, 431.3233337402344
2860, -5043.778625011444, 4, 49.84484403700003, 1743, 2555163,                                             1000000, 26.839101791381836, 431.5238342285156
2861, -5173.062152266502, 2, 28.129346166000232, 971, 2556134,                                             1000000, 27.015310287475586, 432.2987060546875
2862, -4106.539004445076, 3, 19.96513959699996, 698, 2556832,                                             1000000, 26.635353088378906, 431.94744873046875
2863, -5287.95222902298, 3, 21.96910774099979, 768, 2557600,                                             1000000, 26.33092498779297, 430.3563232421875
2864, -7254.549978733063, 4, 49.64119102099994, 1756, 2559356,                                             1000000, 26.848215103149414, 431.02008056640625
2865, -3197.600723028183, 2, 6.9182205209999665, 231, 2559587,                                             1000000, 26.976621627807617, 429.0393981933594
2866, -5373.617174267769, 4, 49.83473405900031, 1755, 2561342,                                             1000000, 27.71689796447754, 431.7176513671875
2867, -6200.491283297539, 4, 50.025550935999945, 1760, 2563102,                                             1000000, 27.16339874267578, 430.90008544921875
2868, -5472.296089053154, 4, 50.44322844299995, 1776, 2564878,                                             1000000, 27.479618072509766, 431.5891418457031
2869, -5150.359508633614, 3, 24.77460664399996, 874, 2565752,                                             1000000, 27.382009506225586, 430.11090087890625
2870, -5966.205735206604, 3, 32.181711922999966, 1121, 2566873,                                             1000000, 27.455833435058594, 430.38751220703125
2871, -5406.710162997246, 3, 29.702391970000008, 1038, 2567911,                                             1000000, 26.95484161376953, 431.20245361328125
2872, -3620.5618035793304, 2, 7.720287986999665, 264, 2568175,                                             1000000, 26.48149299621582, 429.3712463378906
2873, -4551.386028647423, 3, 20.56291622799972, 716, 2568891,                                             1000000, 27.359806060791016, 430.38970947265625
2874, -5552.151588916779, 3, 34.386610918000315, 1199, 2570090,                                             1000000, 26.923229217529297, 429.3863525390625
2875, -4503.581061959267, 3, 20.56164094499991, 724, 2570814,                                             1000000, 26.9697208404541, 431.4790954589844
2876, -5562.328415513039, 4, 49.64046810100035, 1746, 2572560,                                             1000000, 26.832746505737305, 429.1833190917969
2877, -4996.856877207756, 3, 24.377558516000136, 861, 2573421,                                             1000000, 27.342573165893555, 432.0077819824219
2878, -5243.193423509598, 3, 25.967181164000067, 899, 2574320,                                             1000000, 27.451372146606445, 430.3645324707031
2879, -5782.32253497839, 4, 50.43285289999994, 1775, 2576095,                                             1000000, 27.281044006347656, 429.73138427734375
2880, -8090.586767435074, 2, 41.61630149799976, 1456, 2577551,                                             1000000, 27.130496978759766, 430.0883483886719
2881, -3984.011110663414, 3, 18.267216467000253, 630, 2578181,                                             1000000, 27.42360496520996, 430.2779235839844
2882, -7116.608176589012, 2, 43.21802609500037, 1506, 2579687,                                             1000000, 27.022470474243164, 429.6039123535156
2883, -6105.257326006889, 3, 33.98176903000012, 1189, 2580876,                                             1000000, 26.306089401245117, 429.2436828613281
2884, -4229.05395334959, 3, 19.35640107099971, 678, 2581554,                                             1000000, 27.81785774230957, 432.2605895996094
2885, -4193.973308205605, 3, 20.550960446000317, 704, 2582258,                                             1000000, 26.988771438598633, 431.2236328125
2886, -5559.26591360569, 3, 21.77337538399979, 762, 2583020,                                             1000000, 27.579561233520508, 432.8139343261719
2887, -5132.492702126503, 2, 26.181766702999994, 920, 2583940,                                             1000000, 27.275463104248047, 430.67449951171875
2888, -3937.6552752256393, 3, 17.73695455999996, 612, 2584552,                                             1000000, 27.763113021850586, 430.61846923828125
2889, -3255.804955482483, 2, 6.728683140000157, 233, 2584785,                                             1000000, 28.194700241088867, 428.9415283203125
2890, -3077.0546362400055, 3, 8.535850908000157, 294, 2585079,                                             1000000, 27.69188117980957, 431.371826171875
2891, -7014.4306037425995, 3, 20.212018745000023, 700, 2585779,                                             1000000, 27.528961181640625, 431.525390625
2892, -5216.842221498489, 2, 29.3920057790001, 1031, 2586810,                                             1000000, 27.402368545532227, 432.2956237792969
2893, -2808.9362506866455, 2, 5.331542666000132, 181, 2586991,                                             1000000, 28.182167053222656, 432.8213195800781
2894, -2966.5627048015594, 2, 5.128508047000196, 172, 2587163,                                             1000000, 27.58305549621582, 432.9940185546875
2895, -3645.7798525691032, 2, 11.926661274999788, 406, 2587569,                                             1000000, 28.257183074951172, 432.0487976074219
2896, -5760.557973623276, 4, 50.4333109879999, 1767, 2589336,                                             1000000, 28.0583438873291, 432.489501953125
2897, -6758.89539539814, 4, 49.84136888900002, 1752, 2591088,                                             1000000, 27.676918029785156, 431.5770263671875
2898, -5412.664392709732, 3, 29.580944971999998, 1033, 2592121,                                             1000000, 27.871692657470703, 432.0887756347656
2899, -3058.1864932775497, 2, 7.137814385999718, 250, 2592371,                                             1000000, 27.089754104614258, 430.7896728515625
2900, -5321.435910999775, 4, 50.03556467599992, 1744, 2594115,                                             1000000, 27.631908416748047, 431.7522277832031
2901, -5354.223678290844, 3, 31.2395427309998, 1087, 2595202,                                             1000000, 27.263450622558594, 430.82159423828125
2902, -6036.828858494759, 3, 29.382778782999594, 1029, 2596231,                                             1000000, 26.62232780456543, 429.8036804199219
2903, -6040.016283869743, 4, 50.019748606999656, 1755, 2597986,                                             1000000, 27.84511947631836, 433.0176696777344
2904, -7613.767743527889, 4, 50.63837004300012, 1777, 2599763,                                             1000000, 27.44717788696289, 430.9553527832031
2905, -5225.221808671951, 3, 27.38560974100028, 952, 2600715,                                             1000000, 27.746152877807617, 431.7071838378906
2906, -4563.452927827835, 3, 21.55332966199967, 751, 2601466,                                             1000000, 27.6325740814209, 429.7971496582031
2907, -5631.648717522621, 3, 29.167610994999905, 1017, 2602483,                                             1000000, 27.742155075073242, 431.9551696777344
2908, -5720.772554159164, 3, 29.787165767999795, 1047, 2603530,                                             1000000, 27.006549835205078, 431.6385803222656
2909, -6314.880698800087, 4, 50.033985048999966, 1749, 2605279,                                             1000000, 27.395645141601562, 432.1944580078125
2910, -4045.454223752022, 3, 17.158212284, 599, 2605878,                                             1000000, 27.25322723388672, 430.4194641113281
2911, -2737.1995146274567, 2, 6.752004313999805, 228, 2606106,                                             1000000, 27.72797203063965, 431.58599853515625
2912, -5562.503959059715, 4, 50.63981512400005, 1778, 2607884,                                             1000000, 27.724679946899414, 433.06524658203125
2913, -5146.2278752326965, 3, 25.184727981999913, 887, 2608771,                                             1000000, 28.073406219482422, 433.1307373046875
2914, -5473.736829996109, 3, 28.168900652000048, 980, 2609751,                                             1000000, 27.91143226623535, 431.80670166015625
2915, -5138.308738410473, 3, 27.169738516000052, 938, 2610689,                                             1000000, 27.722379684448242, 432.1454162597656
2916, -5187.384114265442, 4, 50.027723571000024, 1754, 2612443,                                             1000000, 27.334108352661133, 432.2088928222656
2917, -5649.989204645157, 3, 28.582392277000054, 1006, 2613449,                                             1000000, 27.247922897338867, 431.1049499511719
2918, -5810.755744338036, 3, 32.78814514499982, 1139, 2614588,                                             1000000, 27.788022994995117, 432.3090515136719
2919, -3065.182579755783, 2, 5.726497607000056, 194, 2614782,                                             1000000, 26.737823486328125, 430.6481018066406
2920, -5425.853885471821, 3, 32.37919453099994, 1126, 2615908,                                             1000000, 28.013917922973633, 431.8599548339844
2921, -6201.960075974464, 4, 50.51911885899972, 1776, 2617684,                                             1000000, 27.8789005279541, 431.2935791015625
2922, -5130.999133229256, 3, 25.382326679000016, 883, 2618567,                                             1000000, 27.485755920410156, 431.4632263183594
2923, -6054.867443323135, 2, 32.40098395899986, 1140, 2619707,                                             1000000, 27.39810562133789, 431.3341979980469
2924, -6023.398012042046, 2, 35.99059759800002, 1250, 2620957,                                             1000000, 27.021869659423828, 433.03814697265625
2925, -4943.612779438496, 3, 29.597940409999865, 1026, 2621983,                                             1000000, 27.725101470947266, 431.5061950683594
2926, -5704.845938324928, 4, 49.650165500000185, 1731, 2623714,                                             1000000, 27.042659759521484, 431.4737854003906
2927, -5928.228726804256, 3, 28.18813543000033, 983, 2624697,                                             1000000, 26.94750213623047, 431.0688781738281
2928, -6079.267924726009, 2, 35.39689047799948, 1235, 2625932,                                             1000000, 26.974828720092773, 432.14251708984375
2929, -6109.2660183906555, 3, 29.39230332199986, 1018, 2626950,                                             1000000, 27.525768280029297, 433.10296630859375
2930, -5125.2252407073975, 3, 26.376907171000312, 919, 2627869,                                             1000000, 27.591209411621094, 431.7469787597656
2931, -4994.499391138554, 3, 28.62783344500076, 998, 2628867,                                             1000000, 27.196901321411133, 434.0533752441406
2932, -5168.8982944488525, 4, 50.02895083900057, 1743, 2630610,                                             1000000, 27.401668548583984, 431.84613037109375
2933, -6411.993400931358, 3, 28.185617624999395, 983, 2631593,                                             1000000, 26.60747718811035, 430.86962890625
2934, -5079.199022650719, 3, 24.77968332800083, 863, 2632456,                                             1000000, 27.274831771850586, 432.18756103515625
2935, -3219.282190799713, 2, 7.116410804999759, 241, 2632697,                                             1000000, 27.945175170898438, 433.5098876953125
2936, -5136.445716619492, 3, 26.787707475999923, 935, 2633632,                                             1000000, 27.037324905395508, 431.625244140625
2937, -4774.484341740608, 3, 21.15971311500016, 741, 2634373,                                             1000000, 27.355207443237305, 431.16119384765625
2938, -5586.403024375439, 4, 49.84521480800049, 1736, 2636109,                                             1000000, 27.22478675842285, 432.205322265625
2939, -5786.709842920303, 3, 27.770548215999952, 963, 2637072,                                             1000000, 27.45673370361328, 432.2438659667969
2940, -6479.805246472359, 3, 30.392279552999753, 1066, 2638138,                                             1000000, 27.22821044921875, 433.9947204589844
2941, -314.88644003868103, 1, 28.184804282000187, 970, 2639108,                                             1000000, 27.69376564025879, 435.4471130371094
2942, 1181.8834320008755, 1, 15.754885022000053, 548, 2639656,                                             1000000, 27.40115737915039, 434.98736572265625
2943, -5193.366811990738, 2, 26.170447181999407, 906, 2640562,                                             1000000, 28.006738662719727, 435.93621826171875
2944, -4167.028457522392, 3, 20.965755460000764, 728, 2641290,                                             1000000, 28.967761993408203, 434.8249206542969
2945, -7207.010159432888, 4, 49.825126791, 1743, 2643033,                                             1000000, 27.72783088684082, 435.4682312011719
2946, -4626.62262237072, 3, 21.773450810000213, 759, 2643792,                                             1000000, 28.126054763793945, 436.0018005371094
2947, -3893.617233157158, 3, 16.741904617999353, 572, 2644364,                                             1000000, 28.482250213623047, 435.5274658203125
2948, -2869.0826227664948, 2, 6.5298916619995, 230, 2644594,                                             1000000, 28.86236572265625, 434.9219055175781
2949, -4317.063869476318, 3, 20.55073358000027, 712, 2645306,                                             1000000, 28.377336502075195, 434.2134704589844
2950, -3309.3816134929657, 2, 12.942169122999985, 445, 2645751,                                             1000000, 28.575265884399414, 435.7718505859375
2951, -5598.631615698338, 4, 49.84385363099955, 1727, 2647478,                                             1000000, 28.00200653076172, 435.04241943359375
2952, -8040.921100258827, 4, 50.02333848299986, 1741, 2649219,                                             1000000, 28.779531478881836, 436.9841613769531
2953, -6223.898516535759, 4, 50.62836927799981, 1769, 2650988,                                             1000000, 28.665578842163086, 437.3136291503906
2954, -5204.975383102894, 3, 26.378660114000013, 919, 2651907,                                             1000000, 28.82826042175293, 437.727783203125
2955, -7164.779888629913, 4, 49.8374889859997, 1741, 2653648,                                             1000000, 28.598182678222656, 436.2278747558594
2956, -5775.902944803238, 3, 26.56598125399978, 922, 2654570,                                             1000000, 28.272554397583008, 434.6204528808594
2957, -4384.813931465149, 3, 19.158606441999837, 668, 2655238,                                             1000000, 27.7967586517334, 435.20294189453125
2958, -4785.028823852539, 3, 22.769696063000083, 788, 2656026,                                             1000000, 28.29271125793457, 435.29278564453125
2959, -5154.692682623863, 3, 22.962671278000016, 793, 2656819,                                             1000000, 27.96576690673828, 436.4087219238281
2960, -5711.684201598167, 3, 28.58856357500008, 992, 2657811,                                             1000000, 28.915239334106445, 436.6942443847656
2961, -5479.714523434639, 4, 49.83093004300008, 1736, 2659547,                                             1000000, 28.272706985473633, 435.6309509277344
2962, -6174.967021346092, 4, 50.65210441599993, 1769, 2661316,                                             1000000, 28.260543823242188, 435.8375549316406
2963, -5498.9074694514275, 3, 31.597056001000055, 1097, 2662413,                                             1000000, 28.865995407104492, 434.49456787109375
2964, -5488.352646887302, 4, 49.83237921299951, 1734, 2664147,                                             1000000, 28.121986389160156, 435.17919921875
2965, -6131.726282000542, 3, 29.999866461999773, 1046, 2665193,                                             1000000, 28.383512496948242, 437.07037353515625
2966, -5450.6335663199425, 3, 31.171485536000546, 1078, 2666271,                                             1000000, 27.721160888671875, 435.9090881347656
2967, -5496.886309504509, 4, 49.831975847999274, 1744, 2668015,                                             1000000, 28.22881317138672, 435.7062072753906
2968, -4908.7396293878555, 3, 24.15956603399991, 842, 2668857,                                             1000000, 28.062946319580078, 438.2261047363281
2969, -4998.3523490428925, 3, 24.774210956999923, 865, 2669722,                                             1000000, 28.672353744506836, 435.5932312011719
2970, -5249.354080796242, 3, 26.36572372399951, 907, 2670629,                                             1000000, 27.91779899597168, 436.5779113769531
2971, -5911.179045796394, 3, 28.574776217000363, 991, 2671620,                                             1000000, 27.99507713317871, 435.9018859863281
2972, 953.2994881868362, 1, 16.75419482199959, 583, 2672203,                                             1000000, 27.357385635375977, 435.1439514160156
2973, -6069.254668593407, 4, 50.6228454029997, 1751, 2673954,                                             1000000, 27.90542221069336, 433.3441467285156
2974, -5977.873197376728, 4, 50.447518163000495, 1766, 2675720,                                             1000000, 27.956771850585938, 435.56451416015625
2975, -6415.936229109764, 4, 49.84232281000004, 1725, 2677445,                                             1000000, 27.72859764099121, 435.3161315917969
2976, -1514.957521557808, 1, 34.59450382099931, 1191, 2678636,                                             1000000, 28.08552360534668, 435.2813720703125
2977, -4864.733473300934, 4, 49.84478413099987, 1740, 2680376,                                             1000000, 28.62451934814453, 435.7635192871094
2978, -5897.003367304802, 3, 33.8009902040003, 1169, 2681545,                                             1000000, 27.98076820373535, 435.057861328125
2979, -5757.900607287884, 3, 32.20149619299991, 1118, 2682663,                                             1000000, 27.849103927612305, 436.4695739746094
2980, -5382.906346857548, 3, 29.1874975970004, 1026, 2683689,                                             1000000, 27.94478416442871, 436.3505859375
2981, -5051.284454643726, 3, 24.74588091700025, 855, 2684544,                                             1000000, 28.056983947753906, 435.10687255859375
2982, -5406.610016345978, 4, 50.82227208600034, 1765, 2686309,                                             1000000, 27.96607208251953, 435.31756591796875
2983, -5071.507213830948, 4, 50.0326486390004, 1732, 2688041,                                             1000000, 27.74536895751953, 435.4306945800781
2984, -6175.086004793644, 4, 50.82520934599961, 1761, 2689802,                                             1000000, 27.724586486816406, 435.2091369628906
2985, -4837.525271594524, 3, 24.580301482000323, 855, 2690657,                                             1000000, 27.55673599243164, 433.6264953613281
2986, -5707.2827689647675, 3, 21.55589554100061, 752, 2691409,                                             1000000, 27.469749450683594, 431.6798095703125
2987, -4196.162150323391, 3, 19.558340902000054, 683, 2692092,                                             1000000, 27.40640640258789, 432.9757995605469
2988, -5011.046691775322, 3, 22.350672749000296, 776, 2692868,                                             1000000, 27.396934509277344, 435.6759338378906
2989, -2762.275813817978, 2, 6.726810432999628, 229, 2693097,                                             1000000, 26.250755310058594, 433.17755126953125
2990, -5348.235898852348, 4, 49.82102866200057, 1734, 2694831,                                             1000000, 27.786535263061523, 435.7090148925781
2991, -8872.702185630798, 2, 49.41896569599976, 1725, 2696556,                                             1000000, 26.92574119567871, 434.8865966796875
2992, -5489.162699818611, 3, 27.379336181000326, 951, 2697507,                                             1000000, 27.194814682006836, 433.4565734863281
2993, -5239.484934568405, 3, 29.18455932500001, 1011, 2698518,                                             1000000, 27.201377868652344, 434.9012451171875
2994, -7997.425814688206, 4, 49.63205206299972, 1732, 2700250,                                             1000000, 26.6357421875, 434.3756103515625
2995, -5994.867796361446, 4, 49.85155607500019, 1745, 2701995,                                             1000000, 27.321857452392578, 434.3679504394531
2996, -5736.625650882721, 4, 49.84029996500067, 1736, 2703731,                                             1000000, 26.947580337524414, 433.34234619140625
2997, -5178.642221033573, 3, 29.189088371999787, 1012, 2704743,                                             1000000, 26.95807647705078, 433.422119140625
2998, -6900.865089535713, 4, 49.828618043999995, 1739, 2706482,                                             1000000, 26.61882209777832, 433.00830078125
2999, -6925.109367907047, 4, 50.64996664099999, 1764, 2708246,                                             1000000, 25.984703063964844, 430.7805480957031
3000, -5134.042761683464, 3, 25.78242893100014, 891, 2709137,                                             1000000, 25.93714141845703, 430.6342468261719
3001, -5309.042123556137, 3, 24.892550034000124, 854, 2709991,                                             1000000, 26.45932960510254, 433.1454162597656
3002, -6507.5004642009735, 4, 50.437920522999775, 1761, 2711752,                                             1000000, 25.942724227905273, 431.578369140625
3003, -543.7688012421131, 1, 24.563269016999584, 845, 2712597,                                             1000000, 26.42466926574707, 432.1401672363281
3004, -2792.2846386432648, 3, 5.115945956999894, 168, 2712765,                                             1000000, 27.303104400634766, 431.458740234375
3005, -5143.454210758209, 3, 24.170997207000255, 831, 2713596,                                             1000000, 25.971590042114258, 432.911376953125
3006, -5539.949151992798, 3, 30.19383457799995, 1034, 2714630,                                             1000000, 25.94390296936035, 431.9576110839844
3007, -4087.885385274887, 3, 18.76550929899986, 653, 2715283,                                             1000000, 25.831567764282227, 431.9801330566406
3008, -3275.992438316345, 2, 8.737386105999576, 300, 2715583,                                             1000000, 25.346763610839844, 430.6705017089844
3009, -6631.44555079937, 4, 50.02537617799953, 1725, 2717308,                                             1000000, 26.160402297973633, 432.5863342285156
3010, -5432.661504626274, 2, 28.393257935999827, 979, 2718287,                                             1000000, 25.648374557495117, 432.58514404296875
3011, -5547.802712321281, 3, 27.688712553000187, 962, 2719249,                                             1000000, 26.078222274780273, 432.288818359375
3012, -5741.47993183136, 4, 50.638428084000225, 1756, 2721005,                                             1000000, 26.481834411621094, 432.3018493652344
3013, -5033.140079021454, 3, 27.570602153000436, 948, 2721953,                                             1000000, 26.30106544494629, 432.7714538574219
3014, -5507.688013255596, 4, 49.84978437300015, 1740, 2723693,                                             1000000, 25.882633209228516, 431.811279296875
3015, -4657.377586007118, 3, 21.572900856999695, 747, 2724440,                                             1000000, 26.499645233154297, 434.0689697265625
3016, -6991.355540573597, 2, 47.2261854139997, 1642, 2726082,                                             1000000, 26.851770401000977, 432.1128845214844
3017, -5816.018181085587, 4, 50.65693321699928, 1757, 2727839,                                             1000000, 26.692157745361328, 431.1101379394531
3018, -5654.8202801942825, 4, 49.827793006999855, 1730, 2729569,                                             1000000, 26.333513259887695, 430.9244079589844
3019, -7344.202926337719, 4, 50.64588769900001, 1768, 2731337,                                             1000000, 26.438629150390625, 431.9349060058594
3020, -5277.828273653984, 3, 25.377266660000714, 880, 2732217,                                             1000000, 26.403076171875, 431.5229797363281
3021, -5673.272231996059, 4, 49.75618314199983, 1720, 2733937,                                             1000000, 26.61346435546875, 431.6970520019531
3022, -4428.557596087456, 3, 20.75467145699986, 710, 2734647,                                             1000000, 26.721220016479492, 431.5578918457031
3023, -5275.492432713509, 3, 26.966143370999816, 923, 2735570,                                             1000000, 26.38850212097168, 431.3253173828125
3024, -5090.878324329853, 3, 25.381290895000348, 877, 2736447,                                             1000000, 26.134817123413086, 430.4211730957031
3025, -4990.752651929855, 3, 25.172627148000174, 868, 2737315,                                             1000000, 25.75257110595703, 430.011962890625
3026, 1831.6590973734856, 1, 8.939410677000524, 304, 2737619,                                             1000000, 27.054786682128906, 429.4161071777344
3027, -586.7548422813416, 1, 28.17810634899979, 975, 2738594,                                             1000000, 26.63921356201172, 429.2075500488281
3028, -6938.044598221779, 3, 35.40740239799925, 1231, 2739825,                                             1000000, 26.630733489990234, 430.15032958984375
3029, 1319.1684651374817, 1, 13.744682598000509, 469, 2740294,                                             1000000, 25.95577621459961, 431.2113342285156
3030, -2943.5152267217636, 3, 6.917874748000031, 234, 2740528,                                             1000000, 26.64544105529785, 435.1750183105469
3031, -2823.3156625032425, 2, 6.669223775999853, 232, 2740760,                                             1000000, 25.364011764526367, 428.7787170410156
3032, -3323.948723077774, 2, 6.7294094120006775, 231, 2740991,                                             1000000, 26.662681579589844, 430.8086853027344
3033, -5787.806324481964, 3, 32.79676249400018, 1135, 2742126,                                             1000000, 27.092456817626953, 433.7655334472656
3034, -5298.0545201301575, 4, 49.430983193999964, 1720, 2743846,                                             1000000, 26.035938262939453, 431.06402587890625
3035, -6264.821979880333, 3, 28.58616262800024, 990, 2744836,                                             1000000, 26.599348068237305, 430.6738586425781
3036, -6566.1114683151245, 4, 49.81816467899989, 1717, 2746553,                                             1000000, 26.696714401245117, 431.7703552246094
3037, -2857.890192270279, 2, 6.73076172600031, 229, 2746782,                                             1000000, 26.503713607788086, 430.6182556152344
3038, -7368.589861810207, 4, 49.64155081399986, 1708, 2748490,                                             1000000, 26.279260635375977, 430.3433837890625
3039, -7084.002139985561, 4, 50.03286233499966, 1725, 2750215,                                             1000000, 26.209199905395508, 430.56451416015625
3040, -5555.74268835783, 3, 29.78900170199995, 1023, 2751238,                                             1000000, 26.055994033813477, 430.0973205566406
3041, -5210.7474085092545, 3, 27.25577713199982, 941, 2752179,                                             1000000, 26.176549911499023, 430.74169921875
3042, -6208.798906087875, 4, 49.842466514999614, 1734, 2753913,                                             1000000, 26.4512939453125, 429.8807067871094
3043, -5110.479743361473, 3, 25.7697689000006, 889, 2754802,                                             1000000, 25.528688430786133, 427.44091796875
3044, -7116.277844429016, 4, 50.642770337999536, 1768, 2756570,                                             1000000, 25.993921279907227, 429.46746826171875
3045, -5298.873032331467, 3, 25.974916760999804, 898, 2757468,                                             1000000, 25.979904174804688, 428.6329650878906
3046, -3415.1150133013725, 2, 12.949762029999874, 444, 2757912,                                             1000000, 24.937570571899414, 429.13043212890625
3047, -6445.767727434635, 4, 49.64279460899979, 1729, 2759641,                                             1000000, 25.25750732421875, 427.9594421386719
3048, -6137.418360233307, 4, 50.24872054000025, 1737, 2761378,                                             1000000, 25.872262954711914, 428.31787109375
3049, -5586.160916149616, 3, 27.984488382000563, 972, 2762350,                                             1000000, 25.79763412475586, 427.53619384765625
3050, -7388.502191185951, 2, 37.792809823000425, 1301, 2763651,                                             1000000, 25.302444458007812, 426.8580017089844
3051, -5979.088594973087, 3, 27.863178545000665, 970, 2764621,                                             1000000, 25.294036865234375, 427.60400390625
3052, -5085.7856822013855, 3, 24.558113226000387, 847, 2765468,                                             1000000, 25.97696304321289, 426.76324462890625
3053, -5800.353485584259, 4, 50.84716164999918, 1760, 2767228,                                             1000000, 25.449674606323242, 426.962890625
3054, -5838.597554206848, 3, 28.38305503399897, 976, 2768204,                                             1000000, 25.341434478759766, 426.0533447265625
3055, -3011.4391609430313, 1, 47.41974778900112, 1643, 2769847,                                             1000000, 25.16177749633789, 426.2477111816406
3056, -5066.554042160511, 3, 28.582728760000464, 995, 2770842,                                             1000000, 24.89826774597168, 426.0196533203125
3057, 2412.0083871483803, 1, 3.924147452999023, 134, 2770976,                                             1000000, 24.440555572509766, 425.0194091796875
3058, -6714.014083504677, 3, 31.176076220999676, 1077, 2772053,                                             1000000, 25.394725799560547, 425.0466613769531
3059, -3772.6643347740173, 2, 7.5311021149991575, 256, 2772309,                                             1000000, 25.40945053100586, 427.6782531738281
3060, -3423.79530274868, 2, 14.13916424800118, 488, 2772797,                                             1000000, 24.76463508605957, 425.4437561035156
3061, -2985.0762066841125, 2, 7.01766705099908, 232, 2773029,                                             1000000, 25.30557632446289, 426.20098876953125
3062, -6120.311872124672, 4, 49.82932616400103, 1726, 2774755,                                             1000000, 24.89059829711914, 425.7457275390625
3063, -5378.643596768379, 3, 28.387024780999127, 985, 2775740,                                             1000000, 25.212657928466797, 428.40435791015625
3064, -6094.272228360176, 4, 50.02881876199899, 1732, 2777472,                                             1000000, 25.112686157226562, 426.079833984375
3065, -4313.53008711338, 3, 19.56259011400107, 681, 2778153,                                             1000000, 25.293670654296875, 427.065673828125
3066, 2329.3060050606728, 1, 4.512039856999763, 150, 2778303,                                             1000000, 25.37944793701172, 426.22601318359375
3067, -4414.204587459564, 3, 20.16217004199825, 693, 2778996,                                             1000000, 24.996986389160156, 424.11669921875
3068, -4323.294281840324, 3, 19.964280747000885, 685, 2779681,                                             1000000, 24.86809730529785, 425.228271484375
3069, -357.4428884983063, 1, 22.753875799000525, 783, 2780464,                                             1000000, 25.22813606262207, 426.5144348144531
3070, -2836.440791130066, 3, 5.7176035060001595, 184, 2780648,                                             1000000, 26.4765567779541, 427.13800048828125
3071, -6352.34597492218, 4, 50.49098015799973, 1751, 2782399,                                             1000000, 25.760766983032227, 427.57098388671875
3072, -4609.21546125412, 3, 20.17497647500022, 696, 2783095,                                             1000000, 25.776355743408203, 426.4706726074219
3073, -6141.412857174873, 4, 50.431046854999295, 1737, 2784832,                                             1000000, 25.703815460205078, 426.9718322753906
3074, -5468.422780990601, 3, 27.78602232099911, 961, 2785793,                                             1000000, 25.338552474975586, 425.3462219238281
3075, -5906.524738550186, 4, 49.836438328999066, 1729, 2787522,                                             1000000, 25.882417678833008, 426.8980712890625
3076, -5756.5269277095795, 3, 28.37237637399994, 983, 2788505,                                             1000000, 25.304012298583984, 426.4989318847656
3077, -5775.530417442322, 3, 30.58189058300013, 1056, 2789561,                                             1000000, 25.364524841308594, 423.3016052246094
3078, -5055.8799077272415, 3, 24.965169924000293, 862, 2790423,                                             1000000, 25.25143814086914, 423.36712646484375
3079, -5178.892273545265, 4, 49.84556347199941, 1730, 2792153,                                             1000000, 24.623687744140625, 423.1318664550781
3080, -5920.888622879982, 2, 32.99517322200154, 1143, 2793296,                                             1000000, 24.803640365600586, 424.33184814453125
3081, -3367.762816786766, 2, 12.738150895998842, 430, 2793726,                                             1000000, 25.89874267578125, 425.0210266113281
3082, -3663.425386428833, 2, 7.919580472000234, 264, 2793990,                                             1000000, 24.61543846130371, 421.6073913574219
3083, -5743.539929151535, 3, 27.778362790000756, 966, 2794956,                                             1000000, 25.971641540527344, 424.243896484375
3084, -5623.897753477097, 3, 27.182993769998575, 945, 2795901,                                             1000000, 25.150243759155273, 423.64520263671875
3085, -4863.689585566521, 3, 24.180856016999314, 841, 2796742,                                             1000000, 24.440723419189453, 422.62493896484375
3086, -6048.788968324661, 2, 35.79130054599955, 1237, 2797979,                                             1000000, 24.69135284423828, 421.9401550292969
3087, -2980.456162929535, 2, 6.933418774000529, 235, 2798214,                                             1000000, 24.532024383544922, 422.9670104980469
3088, -11521.319697380066, 4, 49.829172288000336, 1740, 2799954,                                             1000000, 24.477807998657227, 422.5853576660156
3089, -5498.418829679489, 2, 26.18230924999989, 913, 2800867,                                             1000000, 24.755916595458984, 423.01727294921875
3090, -6438.938176035881, 3, 27.56872249099979, 953, 2801820,                                             1000000, 25.356067657470703, 423.388671875
3091, -6192.930735945702, 4, 50.6441367110001, 1762, 2803582,                                             1000000, 25.566036224365234, 424.08837890625
3092, -5917.26537001133, 3, 15.761865252999996, 550, 2804132,                                             1000000, 25.583084106445312, 422.2317810058594
3093, -4399.737514138222, 2, 9.325609855000948, 318, 2804450,                                             1000000, 25.672462463378906, 423.16131591796875
3094, -3573.8261213302612, 2, 7.533541606999279, 258, 2804708,                                             1000000, 25.731470108032227, 423.670654296875
3095, -6456.525058507919, 3, 24.977152008999838, 867, 2805575,                                             1000000, 25.71204376220703, 424.1496887207031
3096, -5426.82612323761, 3, 32.18836202399871, 1110, 2806685,                                             1000000, 25.825531005859375, 424.6044616699219
3097, -5624.025771021843, 4, 50.64976790400033, 1762, 2808447,                                             1000000, 25.965360641479492, 423.4066162109375
3098, -6229.234652042389, 3, 31.39185816600002, 1085, 2809532,                                             1000000, 26.07171630859375, 424.3934631347656
3099, -6337.945315361023, 3, 31.773020533999443, 1101, 2810633,                                             1000000, 26.505043029785156, 424.0957336425781
3100, -5114.73226326704, 4, 50.84738741599904, 1765, 2812398,                                             1000000, 25.764097213745117, 422.8731994628906
3101, -6038.237432479858, 4, 49.71941628100103, 1726, 2814124,                                             1000000, 25.904483795166016, 424.28338623046875
3102, -5690.68716520071, 3, 32.796661375999975, 1134, 2815258,                                             1000000, 25.58045196533203, 424.75701904296875
3103, -5407.7070960998535, 4, 49.646798320000016, 1733, 2816991,                                             1000000, 25.828784942626953, 425.5207824707031
3104, -6828.958788573742, 3, 34.79708026099979, 1206, 2818197,                                             1000000, 26.379446029663086, 424.56591796875
3105, -5192.837892532349, 3, 20.97448943999916, 722, 2818919,                                             1000000, 26.9766788482666, 425.8658752441406
3106, -5540.396548211575, 4, 49.64766137600054, 1722, 2820641,                                             1000000, 26.50817108154297, 425.038330078125
3107, -5092.448653042316, 4, 49.84737209299965, 1736, 2822377,                                             1000000, 26.231966018676758, 426.0246887207031
3108, -5558.317867219448, 3, 28.76123062700026, 997, 2823374,                                             1000000, 27.015501022338867, 425.6562805175781
3109, -5588.0017367601395, 3, 28.783135097999548, 1001, 2824375,                                             1000000, 26.1780948638916, 427.2613220214844
3110, -5727.437972307205, 3, 26.780880598000294, 915, 2825290,                                             1000000, 25.938377380371094, 427.0178527832031
3111, -5349.841927528381, 3, 28.338608255999134, 981, 2826271,                                             1000000, 26.08786964416504, 424.9486999511719
3112, -5069.080788135529, 3, 27.384122965000643, 952, 2827223,                                             1000000, 26.045499801635742, 425.33551025390625
3113, -6259.71514415741, 4, 49.826137296000525, 1727, 2828950,                                             1000000, 26.755529403686523, 425.622802734375
3114, -6105.596371650696, 4, 49.83546982000007, 1732, 2830682,                                             1000000, 26.315935134887695, 424.8045959472656
3115, -5366.7655655145645, 3, 28.592737131999456, 985, 2831667,                                             1000000, 26.18412208557129, 423.5794677734375
3116, -5224.48749423027, 4, 49.84755033199872, 1739, 2833406,                                             1000000, 25.81658172607422, 422.0877380371094
3117, -5332.298780679703, 3, 30.17621829900054, 1041, 2834447,                                             1000000, 26.6307373046875, 422.9146423339844
3118, -5408.224679589272, 4, 50.44456886499938, 1755, 2836202,                                             1000000, 25.762630462646484, 421.3825988769531
3119, -5801.354389429092, 3, 22.967262648999167, 797, 2836999,                                             1000000, 27.02191734313965, 422.8539123535156
3120, -4194.441014885902, 3, 19.368152785000348, 671, 2837670,                                             1000000, 25.563209533691406, 422.69476318359375
3121, -2058.0590929985046, 1, 33.96293205499933, 1168, 2838838,                                             1000000, 25.959333419799805, 420.67315673828125
3122, -6095.365898728371, 4, 50.44328578199929, 1753, 2840591,                                             1000000, 25.819765090942383, 421.32318115234375
3123, -3573.888462781906, 2, 7.534647116000997, 258, 2840849,                                             1000000, 26.264699935913086, 423.92242431640625
3124, -7175.084094285965, 4, 49.64266879999923, 1724, 2842573,                                             1000000, 26.147459030151367, 421.11785888671875
3125, -5033.7726365327835, 3, 22.55804616200112, 774, 2843347,                                             1000000, 25.574810028076172, 420.44671630859375
3126, -2672.3905601501465, 2, 6.9347423240014905, 236, 2843583,                                             1000000, 24.981582641601562, 420.5341491699219
3127, -5729.542367517948, 4, 49.63758257600057, 1731, 2845314,                                             1000000, 26.02190589904785, 421.3186340332031
3128, -4892.2507853508, 2, 28.784212260001368, 1002, 2846316,                                             1000000, 26.180204391479492, 420.5888977050781
3129, -5311.303564786911, 2, 28.16370702399945, 973, 2847289,                                             1000000, 26.244333267211914, 421.8612365722656
3130, -3180.4638562202454, 2, 6.731615335000242, 225, 2847514,                                             1000000, 26.320213317871094, 419.5266418457031
3131, 2309.6242011785507, 1, 4.484840883000288, 152, 2847666,                                             1000000, 27.229434967041016, 426.6285400390625
3132, -2665.6826705932617, 2, 2.7069763830004376, 85, 2847751,                                             1000000, 26.19729995727539, 429.0207824707031
3133, -5218.537272810936, 2, 28.381411483000193, 983, 2848734,                                             1000000, 26.41960906982422, 421.55963134765625
3134, -6208.373179793358, 4, 49.85074826500022, 1730, 2850464,                                             1000000, 25.904468536376953, 420.55999755859375
3135, -5258.303678452969, 3, 26.999460856999576, 947, 2851411,                                             1000000, 25.73368263244629, 420.9930725097656
3136, -5927.1070955991745, 4, 49.835544262999974, 1735, 2853146,                                             1000000, 26.06239891052246, 420.8112487792969
3137, -5906.938300490379, 3, 27.379751712000143, 952, 2854098,                                             1000000, 26.49188995361328, 422.76776123046875
3138, -7338.353976964951, 4, 50.02605254000082, 1739, 2855837,                                             1000000, 26.10362434387207, 421.65081787109375
3139, -4607.056318163872, 3, 20.76049319499907, 720, 2856557,                                             1000000, 26.048828125, 423.0023498535156
3140, -4176.558055281639, 3, 17.75010389399904, 607, 2857164,                                             1000000, 26.68838882446289, 422.683349609375
3141, -3188.8986530303955, 2, 6.676012173000345, 227, 2857391,                                             1000000, 26.4492244720459, 421.5094909667969
3142, -7225.837060451508, 4, 49.82211481400009, 1738, 2859129,                                             1000000, 26.502277374267578, 423.8088073730469
3143, -4895.965128302574, 4, 49.843050841998775, 1737, 2860866,                                             1000000, 26.09649085998535, 422.7580261230469
3144, -6947.31730979681, 4, 50.02841709799941, 1734, 2862600,                                             1000000, 26.67685317993164, 422.22259521484375
3145, -4042.1857672333717, 3, 19.347443918000863, 669, 2863269,                                             1000000, 25.94601821899414, 423.12994384765625
3146, -4597.590173780918, 3, 21.16985686999942, 738, 2864007,                                             1000000, 26.688901901245117, 423.1277160644531
3147, -4659.778452038765, 3, 21.950169690999246, 762, 2864769,                                             1000000, 26.226869583129883, 419.8436279296875
3148, -5179.362575411797, 3, 26.969958077999763, 931, 2865700,                                             1000000, 25.291858673095703, 419.1336975097656
3149, -3007.7302691936493, 2, 6.717744161000155, 221, 2865921,                                             1000000, 26.554529190063477, 420.15093994140625
3150, -4915.82505095005, 3, 18.560489082001368, 647, 2866568,                                             1000000, 25.949214935302734, 420.51104736328125
3151, -5632.169078111649, 2, 24.518306333999135, 843, 2867411,                                             1000000, 25.608856201171875, 418.953369140625
3152, -5604.959041416645, 3, 27.570803458000228, 951, 2868362,                                             1000000, 26.300745010375977, 417.9024353027344
3153, -3003.082515478134, 2, 6.529339225999138, 228, 2868590,                                             1000000, 25.235074996948242, 424.5493469238281
3154, -5285.571503996849, 3, 28.1867887770004, 971, 2869561,                                             1000000, 26.010896682739258, 420.02069091796875
3155, -5860.159429073334, 3, 28.975202068000726, 990, 2870551,                                             1000000, 25.735929489135742, 420.2117614746094
3156, -4632.1367164850235, 3, 20.566972122998777, 713, 2871264,                                             1000000, 26.2857723236084, 420.1875305175781
3157, -2992.6018198132515, 2, 7.31694201999926, 245, 2871509,                                             1000000, 26.621164321899414, 421.5296325683594
3158, -4352.3398423194885, 3, 19.764627573000325, 683, 2872192,                                             1000000, 25.661901473999023, 421.5032958984375
3159, -3171.157537519932, 2, 12.732399927001097, 442, 2872634,                                             1000000, 26.271385192871094, 422.6266174316406
3160, -4914.706816911697, 3, 21.37164546799977, 742, 2873376,                                             1000000, 26.0052490234375, 421.8246765136719
3161, -5872.223729491234, 2, 23.868357430999822, 823, 2874199,                                             1000000, 26.633726119995117, 420.864990234375
3162, -2886.3336985111237, 2, 5.126439810999727, 180, 2874379,                                             1000000, 26.52174186706543, 420.2405700683594
3163, -5151.1533678770065, 3, 16.555001954000545, 574, 2874953,                                             1000000, 25.534839630126953, 419.4637756347656
3164, -3126.0822769999504, 2, 11.145272161000321, 381, 2875334,                                             1000000, 26.78055191040039, 419.28436279296875
3165, -9077.049924135208, 2, 44.21025251699939, 1541, 2876875,                                             1000000, 25.985198974609375, 421.08740234375
3166, 2333.0572036504745, 1, 4.121150803001001, 143, 2877018,                                             1000000, 25.980510711669922, 420.17205810546875
3167, -8921.775940716267, 4, 50.23434545500095, 1737, 2878755,                                             1000000, 26.191082000732422, 421.1540222167969
3168, -4560.761239290237, 3, 21.16926969800079, 733, 2879488,                                             1000000, 26.979642868041992, 421.9707946777344
3169, -4414.270373702049, 3, 19.965487494999252, 690, 2880178,                                             1000000, 26.78502082824707, 422.5267333984375
3170, -4751.741401076317, 3, 21.579161629999362, 751, 2880929,                                             1000000, 26.16706657409668, 419.85723876953125
3171, -4894.583119690418, 3, 22.87985658300022, 790, 2881719,                                             1000000, 26.56195640563965, 422.40533447265625
3172, 1261.2027559876442, 1, 14.75852573299926, 511, 2882230,                                             1000000, 26.012401580810547, 418.5736999511719
3173, -5257.943041622639, 4, 51.02988122699935, 1769, 2883999,                                             1000000, 26.123640060424805, 420.45831298828125
3174, -5720.725197553635, 3, 32.1956188819986, 1123, 2885122,                                             1000000, 26.063886642456055, 419.91241455078125
3175, -6425.288915634155, 4, 49.83289918899936, 1737, 2886859,                                             1000000, 25.96531105041504, 420.1975402832031
3176, -3138.828852415085, 2, 7.1314999670012185, 246, 2887105,                                             1000000, 26.186466217041016, 419.71697998046875
3177, -4106.241981744766, 3, 17.765130624999074, 617, 2887722,                                             1000000, 25.24888801574707, 419.4695739746094
3178, -3347.3722150325775, 2, 7.11683406299926, 237, 2887959,                                             1000000, 24.874141693115234, 419.5367431640625
3179, 1281.1787332296371, 1, 14.739017687999876, 508, 2888467,                                             1000000, 26.26128387451172, 420.5898132324219
3180, -6547.556248188019, 2, 17.755578598000284, 613, 2889080,                                             1000000, 26.10661506652832, 421.6932678222656
3181, -3473.2598528265953, 3, 15.047960120000425, 515, 2889595,                                             1000000, 25.993343353271484, 419.918212890625
3182, -3120.6584609746933, 2, 11.146771828000055, 390, 2889985,                                             1000000, 26.39031219482422, 420.71142578125
3183, -3449.709043800831, 2, 13.143011785999988, 447, 2890432,                                             1000000, 26.72490882873535, 421.74072265625
3184, -2953.1819512844086, 3, 8.535751293999056, 289, 2890721,                                             1000000, 27.067283630371094, 420.6995544433594
3185, -3067.922763109207, 2, 6.933897347000311, 236, 2890957,                                             1000000, 25.93085289001465, 421.616455078125
3186, -6233.45168697834, 4, 49.62897532900024, 1725, 2892682,                                             1000000, 26.27109146118164, 420.8537902832031
3187, -5891.960538387299, 3, 29.37077537999903, 1007, 2893689,                                             1000000, 25.958003997802734, 421.9156799316406
3188, -7584.873059988022, 4, 50.64031970799988, 1761, 2895450,                                             1000000, 26.155893325805664, 421.0680847167969
3189, -5113.451792955399, 3, 24.760891703999732, 856, 2896306,                                             1000000, 25.56167221069336, 420.1513671875
3190, 597.086595416069, 1, 20.164687927999694, 702, 2897008,                                             1000000, 25.523292541503906, 418.70477294921875
3191, -2858.352541565895, 3, 6.2494079360003525, 209, 2897217,                                             1000000, 26.349903106689453, 420.4040222167969
3192, -1051.1473707258701, 1, 32.79299793800055, 1140, 2898357,                                             1000000, 26.40656089782715, 421.2672424316406
3193, -3099.3904904723167, 2, 11.726045481000256, 400, 2898757,                                             1000000, 26.803783416748047, 416.1217041015625
3194, -5429.3096697330475, 4, 50.64804942699993, 1754, 2900511,                                             1000000, 25.69230079650879, 417.14971923828125
3195, -5096.135264873505, 3, 24.758325284999955, 857, 2901368,                                             1000000, 25.672714233398438, 419.7106628417969
3196, -5626.229800522327, 4, 50.44716998900003, 1771, 2903139,                                             1000000, 25.502338409423828, 419.1242980957031
3197, -6387.51580542326, 2, 35.18792438700075, 1222, 2904361,                                             1000000, 25.687864303588867, 419.7242126464844
3198, -4044.853124141693, 3, 8.534119099000236, 296, 2904657,                                             1000000, 25.49616813659668, 419.6629333496094
3199, -4232.758029222488, 2, 8.322663156001, 275, 2904932,                                             1000000, 26.04875946044922, 421.0965881347656
3200, -478.96229684352875, 1, 23.784383996999168, 824, 2905756,                                             1000000, 25.78848648071289, 420.1020202636719
3201, -2746.2586076259613, 3, 4.760096014000737, 156, 2905912,                                             1000000, 25.977848052978516, 420.384765625
3202, -6558.327964544296, 4, 50.020977694000976, 1746, 2907658,                                             1000000, 26.204225540161133, 420.4808044433594
3203, -8707.229399740696, 2, 50.83288360199913, 1767, 2909425,                                             1000000, 25.470651626586914, 418.9077453613281
3204, -2744.645586371422, 2, 6.7288885500001925, 230, 2909655,                                             1000000, 25.94403648376465, 419.7079162597656
3205, -3387.542183160782, 2, 7.539436966999347, 261, 2909916,                                             1000000, 25.608469009399414, 420.1316223144531
3206, -8083.261675357819, 4, 50.021057885998744, 1742, 2911658,                                             1000000, 26.36310386657715, 421.07659912109375
3207, -5561.577648162842, 3, 26.58232280700031, 934, 2912592,                                             1000000, 26.66571044921875, 421.4064636230469
3208, -4862.151939868927, 3, 24.582925769000212, 841, 2913433,                                             1000000, 26.148338317871094, 420.01397705078125
3209, -5161.959879517555, 3, 25.179797040000267, 874, 2914307,                                             1000000, 26.7450008392334, 421.48004150390625
3210, 391.9465956687927, 1, 22.980258937001054, 807, 2915114,                                             1000000, 25.665027618408203, 420.6512451171875
3211, -2938.1545293331146, 3, 4.982040040000356, 175, 2915289,                                             1000000, 25.732513427734375, 421.5539245605469
3212, -5076.769374251366, 3, 23.564021318001323, 819, 2916108,                                             1000000, 26.540740966796875, 419.42529296875
3213, -5206.07703268528, 4, 50.644526441999915, 1767, 2917875,                                             1000000, 25.4545841217041, 419.7568054199219
3214, -5647.698108673096, 4, 49.82336258199939, 1731, 2919606,                                             1000000, 25.6063232421875, 419.57763671875
3215, -8052.670169234276, 2, 39.21767737400114, 1353, 2920959,                                             1000000, 25.95024871826172, 418.838134765625
3216, -5647.7845249176025, 4, 49.243919446998916, 1729, 2922688,                                             1000000, 26.061229705810547, 419.18060302734375
3217, -5687.124213755131, 4, 49.837417311000536, 1735, 2924423,                                             1000000, 25.759830474853516, 419.2754821777344
3218, -6976.03000664711, 4, 49.64608677800061, 1743, 2926166,                                             1000000, 25.98149299621582, 420.2486267089844
3219, -5666.400401353836, 3, 31.193000193001353, 1085, 2927251,                                             1000000, 25.756916046142578, 420.13494873046875
3220, -6748.651958107948, 4, 50.02273085100023, 1746, 2928997,                                             1000000, 25.941640853881836, 419.89801025390625
3221, -2729.615555047989, 1, 49.69994829500138, 1742, 2930739,                                             1000000, 26.103120803833008, 419.66015625
3222, -7902.820826292038, 4, 50.025692909999634, 1753, 2932492,                                             1000000, 25.87590217590332, 420.6584777832031
3223, -6580.708949267864, 4, 49.84446543100057, 1750, 2934242,                                             1000000, 26.064661026000977, 418.5975646972656
3224, -4483.743229389191, 3, 20.353090290998807, 707, 2934949,                                             1000000, 25.47601890563965, 417.4574279785156
3225, -6786.053278148174, 4, 50.241142679000404, 1749, 2936698,                                             1000000, 25.083471298217773, 417.4454650878906
3226, -3113.9941905736923, 2, 7.333739822001007, 253, 2936951,                                             1000000, 25.599319458007812, 416.6966857910156
3227, -6494.962880015373, 4, 49.82458535799924, 1739, 2938690,                                             1000000, 25.3656063079834, 417.55438232421875
3228, -4910.359181165695, 3, 22.769104046001303, 793, 2939483,                                             1000000, 25.14398193359375, 418.8576965332031
3229, -6094.361786186695, 4, 50.019809334000456, 1743, 2941226,                                             1000000, 24.70119857788086, 417.9033203125
3230, -5648.632489681244, 4, 50.8317301040006, 1771, 2942997,                                             1000000, 24.751379013061523, 418.89727783203125
3231, -5100.58571100235, 3, 25.198949542000264, 880, 2943877,                                             1000000, 25.0355281829834, 418.75604248046875
3232, -5732.796804785728, 3, 27.791556332000255, 972, 2944849,                                             1000000, 24.8875675201416, 419.0125427246094
3233, -5389.8855237960815, 4, 50.02473348899912, 1740, 2946589,                                             1000000, 24.632051467895508, 418.9195251464844
3234, -5287.735241651535, 3, 26.369171485999686, 916, 2947505,                                             1000000, 25.14816665649414, 418.0742492675781
3235, -6842.556077003479, 2, 37.212175964999915, 1304, 2948809,                                             1000000, 24.60772705078125, 417.74481201171875
3236, -5244.275564551353, 3, 25.165505552999093, 871, 2949680,                                             1000000, 25.645082473754883, 419.9093933105469
3237, -3160.2847418785095, 2, 6.5382663079999475, 224, 2949904,                                             1000000, 24.891687393188477, 419.7951965332031
3238, -5017.055080115795, 4, 50.017033333000654, 1745, 2951649,                                             1000000, 25.162010192871094, 419.8956604003906
3239, -3099.344387769699, 2, 8.524375045999477, 290, 2951939,                                             1000000, 25.497352600097656, 419.4179992675781
3240, -3868.726325392723, 3, 16.556343398000536, 581, 2952520,                                             1000000, 25.643964767456055, 420.73211669921875
3241, -3720.808173894882, 2, 8.298688535998735, 278, 2952798,                                             1000000, 25.50614356994629, 422.39141845703125
3242, -4285.798539876938, 3, 18.763065527000435, 639, 2953437,                                             1000000, 26.225004196166992, 421.3721618652344
3243, -8765.694648742676, 2, 40.206471284000145, 1413, 2954850,                                             1000000, 25.69410514831543, 420.4704895019531
3244, -3316.057164311409, 2, 12.348134228001072, 432, 2955282,                                             1000000, 26.213788986206055, 422.1230773925781
3245, -3855.527168273926, 2, 11.325744918000055, 392, 2955674,                                             1000000, 25.610525131225586, 419.36041259765625
3246, -2894.6266931295395, 2, 6.730220368001028, 236, 2955910,                                             1000000, 27.100542068481445, 421.7781677246094
3247, -4031.1907529830933, 3, 16.94148202299948, 582, 2956492,                                             1000000, 25.638193130493164, 422.5675048828125
3248, -5191.6936420202255, 3, 26.777512942000612, 935, 2957427,                                             1000000, 25.458126068115234, 421.2697448730469
3249, -5406.787981033325, 3, 27.573184524999306, 954, 2958381,                                             1000000, 25.3547420501709, 422.96527099609375
3250, -5777.650405347347, 3, 30.196357803000865, 1054, 2959435,                                             1000000, 25.479318618774414, 421.9185791015625
3251, -6534.162277460098, 3, 31.780333982998854, 1112, 2960547,                                             1000000, 25.914936065673828, 421.79254150390625
3252, -5194.50855576992, 3, 27.57434738200027, 967, 2961514,                                             1000000, 25.834270477294922, 423.4894104003906
3253, -5289.414254784584, 3, 26.7828951270003, 941, 2962455,                                             1000000, 25.008834838867188, 422.6171569824219
3254, -5889.19434094429, 3, 33.38171648499883, 1163, 2963618,                                             1000000, 26.249608993530273, 423.0323181152344
3255, -5199.912016510963, 3, 25.179059086000052, 882, 2964500,                                             1000000, 25.355424880981445, 421.09527587890625
3256, -5617.9005299806595, 3, 29.382310320001125, 1026, 2965526,                                             1000000, 26.13197135925293, 421.9822692871094
3257, -6252.713495850563, 3, 29.793556290000197, 1034, 2966560,                                             1000000, 25.67124366760254, 422.5283203125
3258, -5699.658773064613, 3, 29.993123578999075, 1047, 2967607,                                             1000000, 26.543312072753906, 424.28741455078125
3259, -5707.1580157876015, 3, 31.77778562899948, 1109, 2968716,                                             1000000, 26.056928634643555, 423.48516845703125
3260, -6672.69389128685, 4, 50.832739117999154, 1775, 2970491,                                             1000000, 26.189048767089844, 421.8224792480469
3261, -5238.7585200071335, 3, 30.144527227001163, 1056, 2971547,                                             1000000, 25.717622756958008, 421.67840576171875
3262, -5607.262331724167, 3, 31.398229001999425, 1095, 2972642,                                             1000000, 26.176027297973633, 421.25567626953125
3263, -5498.140974164009, 3, 25.982897608000712, 914, 2973556,                                             1000000, 25.658954620361328, 420.8131408691406
3264, 937.211746931076, 1, 16.359811143000115, 574, 2974130,                                             1000000, 25.02376937866211, 417.9798889160156
3265, -3563.857615709305, 3, 10.122008899999855, 347, 2974477,                                             1000000, 24.535327911376953, 419.25689697265625
3266, -6226.85532605648, 4, 50.44326938300037, 1761, 2976238,                                             1000000, 25.175804138183594, 418.45269775390625
3267, -5703.0361832380295, 3, 30.99656828500156, 1089, 2977327,                                             1000000, 25.056116104125977, 418.3819885253906
3268, -5544.025967180729, 3, 26.987323377001303, 942, 2978269,                                             1000000, 24.79189109802246, 419.76312255859375
3269, -5562.701870799065, 3, 28.78987002299982, 1003, 2979272,                                             1000000, 25.470474243164062, 419.93585205078125
3270, -3238.7590234279633, 2, 6.917681311000706, 231, 2979503,                                             1000000, 24.432924270629883, 418.88873291015625
3271, -5417.746482133865, 4, 50.58133484099926, 1761, 2981264,                                             1000000, 24.893264770507812, 419.09271240234375
3272, -5083.2648005485535, 3, 25.76294382100059, 889, 2982153,                                             1000000, 25.049945831298828, 419.4513244628906
3273, -8086.442870080471, 2, 37.80153459400026, 1322, 2983475,                                             1000000, 25.571725845336914, 419.1613464355469
3274, -5236.558584332466, 3, 26.564155201000176, 930, 2984405,                                             1000000, 25.05190658569336, 420.662109375
3275, -6356.135954976082, 3, 30.801589198999864, 1083, 2985488,                                             1000000, 25.18754768371582, 419.7723388671875
3276, -7269.903458118439, 4, 49.63557441600096, 1743, 2987231,                                             1000000, 24.723812103271484, 419.7253723144531
3277, -5654.6317328214645, 2, 32.58459828800005, 1140, 2988371,                                             1000000, 25.396400451660156, 419.3145751953125
3278, 2282.5401000976562, 1, 4.724558691001221, 161, 2988532,                                             1000000, 24.056682586669922, 417.8048400878906
3279, -3244.6174461841583, 2, 5.5275201330005075, 190, 2988722,                                             1000000, 24.157957077026367, 421.3997802734375
3280, -7096.933970987797, 2, 37.213700393998806, 1306, 2990028,                                             1000000, 24.545019149780273, 418.3228759765625
3281, 1097.506896018982, 1, 15.870011080998665, 553, 2990581,                                             1000000, 24.936281204223633, 419.55126953125
3282, -3237.1217070817947, 3, 10.947097574000509, 379, 2990960,                                             1000000, 25.573537826538086, 419.3211669921875
3283, -3143.6053171157837, 2, 6.9331243470005575, 237, 2991197,                                             1000000, 25.620878219604492, 421.3547668457031
3284, -5609.12403178215, 3, 29.171625254999526, 1024, 2992221,                                             1000000, 25.547121047973633, 419.7514953613281
3285, -3560.091552257538, 2, 8.13370836499962, 280, 2992501,                                             1000000, 25.491201400756836, 424.6697692871094
3286, -5567.6082109212875, 3, 30.173094966001372, 1044, 2993545,                                             1000000, 25.25347328186035, 420.15576171875
3287, -6093.360945820808, 3, 27.988812040000994, 983, 2994528,                                             1000000, 24.861169815063477, 418.4007568359375
3288, 2344.8551629781723, 1, 4.324803244000577, 144, 2994672,                                             1000000, 25.73749351501465, 417.5366516113281
3289, -5587.119256913662, 3, 30.777754058000937, 1074, 2995746,                                             1000000, 24.877962112426758, 418.6646423339844
3290, -5323.585603952408, 3, 27.77872042099989, 965, 2996711,                                             1000000, 24.659404754638672, 418.0330505371094
3291, -5125.344987511635, 4, 49.764329782999994, 1749, 2998460,                                             1000000, 24.48204803466797, 418.3394470214844
3292, -6155.664496779442, 3, 32.39893438800027, 1129, 2999589,                                             1000000, 24.919540405273438, 417.8201599121094
3293, -5224.397574305534, 3, 25.38312134700027, 886, 3000475,                                             1000000, 24.132539749145508, 419.00018310546875
3294, -7044.057120740414, 2, 39.004798081001354, 1363, 3001838,                                             1000000, 24.170225143432617, 417.65728759765625
3295, -5141.470946550369, 3, 19.567274700999405, 680, 3002518,                                             1000000, 25.65412139892578, 417.0453186035156
3296, -5744.055871009827, 2, 33.79051743299897, 1179, 3003697,                                             1000000, 25.276531219482422, 420.5052490234375
3297, -5355.440248608589, 4, 50.64216675900025, 1776, 3005473,                                             1000000, 24.948442459106445, 418.9756774902344
3298, -5638.7576694488525, 3, 23.175215557999763, 812, 3006285,                                             1000000, 24.700321197509766, 418.806884765625
3299, -3347.02023768425, 2, 7.5390175499996985, 261, 3006546,                                             1000000, 24.6414737701416, 416.5804138183594
3300, -494.42820101976395, 1, 30.1932001210007, 1058, 3007604,                                             1000000, 25.226491928100586, 419.7330627441406
3301, -2543.032157897949, 2, 3.08175305199984, 96, 3007700,                                             1000000, 22.49100685119629, 416.4341125488281
3302, -5740.134118914604, 3, 25.979336754000542, 910, 3008610,                                             1000000, 24.563993453979492, 418.0269470214844
3303, 1614.8331046104431, 1, 11.331171026999073, 388, 3008998,                                             1000000, 24.14817237854004, 419.54827880859375
3304, -4792.29878538847, 3, 20.774021236000408, 729, 3009727,                                             1000000, 25.449159622192383, 417.87554931640625
3305, -5559.46798324585, 4, 49.85056897100003, 1748, 3011475,                                             1000000, 25.10897445678711, 418.0162048339844
3306, -5018.2675495147705, 3, 27.189057562000016, 947, 3012422,                                             1000000, 24.86872673034668, 415.48486328125
3307, -3133.8990325927734, 2, 7.937842870998793, 273, 3012695,                                             1000000, 24.617835998535156, 416.0658874511719
3308, -3624.1574597358704, 2, 6.931257915999595, 242, 3012937,                                             1000000, 24.631649017333984, 415.5632019042969
3309, -5339.938808619976, 3, 26.580417415001648, 932, 3013869,                                             1000000, 24.762033462524414, 418.8508605957031
3310, -776.326218187809, 1, 32.203038790999926, 1129, 3014998,                                             1000000, 24.67252540588379, 416.9722900390625
3311, -5646.12373906374, 4, 50.14231177300098, 1765, 3016763,                                             1000000, 24.675640106201172, 415.77801513671875
3312, -4804.823944658041, 3, 28.387817758000892, 981, 3017744,                                             1000000, 25.045740127563477, 416.6396179199219
3313, -5887.588721752167, 4, 50.039448857000025, 1742, 3019486,                                             1000000, 24.309898376464844, 414.9383544921875
3314, -6535.307832598686, 4, 50.4554352999985, 1780, 3021266,                                             1000000, 24.088008880615234, 415.17608642578125
3315, -4844.858689904213, 3, 27.777529895000043, 965, 3022231,                                             1000000, 23.884525299072266, 414.1673889160156
3316, -5951.743667840958, 4, 49.828706050999244, 1734, 3023965,                                             1000000, 23.991619110107422, 414.63079833984375
3317, -5150.803693056107, 4, 50.03668229899995, 1754, 3025719,                                             1000000, 23.89459228515625, 413.5485534667969
3318, -6311.150597572327, 3, 29.984796667999035, 1048, 3026767,                                             1000000, 24.280345916748047, 414.4017028808594
3319, -5109.210430145264, 3, 25.984344630000123, 906, 3027673,                                             1000000, 24.249622344970703, 414.20111083984375
3320, -5773.026685595512, 4, 49.64524316999996, 1739, 3029412,                                             1000000, 24.270004272460938, 414.5819396972656
3321, -2608.301720291376, 1, 37.4548476100008, 1303, 3030715,                                             1000000, 23.948665618896484, 414.6484069824219
3322, -5312.996652185917, 4, 50.03688056899955, 1746, 3032461,                                             1000000, 24.79395294189453, 415.699462890625
3323, -4993.216490745544, 3, 25.384061126000233, 886, 3033347,                                             1000000, 24.53081512451172, 416.73931884765625
3324, -7239.450440526009, 3, 31.581008819001, 1104, 3034451,                                             1000000, 23.8050479888916, 414.2695617675781
3325, -6329.577499508858, 4, 49.83691424800054, 1743, 3036194,                                             1000000, 24.452768325805664, 414.50921630859375
3326, -4912.901843547821, 3, 28.77008401800049, 997, 3037191,                                             1000000, 24.304609298706055, 416.42901611328125
3327, -6012.900640010834, 4, 50.64951462099998, 1784, 3038975,                                             1000000, 24.483800888061523, 415.0559387207031
3328, -6432.407359480858, 3, 28.79114548600046, 1004, 3039979,                                             1000000, 25.18217658996582, 415.3931579589844
3329, -6255.016353368759, 4, 49.82929422300003, 1751, 3041730,                                             1000000, 24.214820861816406, 414.4946594238281
3330, -6741.88176292181, 3, 31.977225178998196, 1110, 3042840,                                             1000000, 23.76205825805664, 412.98614501953125
3331, -5653.6550307273865, 3, 31.655948427000112, 1099, 3043939,                                             1000000, 23.81464385986328, 412.9856262207031
3332, -6000.531090319157, 3, 27.581991945000482, 966, 3044905,                                             1000000, 24.248109817504883, 414.02764892578125
3333, -4977.02220928669, 3, 25.77454928699808, 900, 3045805,                                             1000000, 24.273147583007812, 416.3650817871094
3334, -5748.289246678352, 4, 50.644273049998446, 1779, 3047584,                                             1000000, 24.5886287689209, 413.1179504394531
3335, -6577.163357496262, 4, 49.82533065100142, 1747, 3049331,                                             1000000, 23.783132553100586, 413.3135070800781
3336, -5833.324353635311, 4, 49.85193141199852, 1749, 3051080,                                             1000000, 24.3098201751709, 413.17938232421875
3337, -533.1437826752663, 1, 30.58421264900244, 1068, 3052148,                                             1000000, 24.336519241333008, 413.0821533203125
3338, -3983.1730911135674, 2, 17.559878702999413, 606, 3052754,                                             1000000, 23.68048858642578, 414.6929931640625
3339, -4875.770104110241, 3, 25.175202827002067, 878, 3053632,                                             1000000, 24.281795501708984, 414.2527770996094
3340, -5143.28817152977, 3, 24.357047847999638, 840, 3054472,                                             1000000, 24.120203018188477, 413.8291320800781
3341, 646.910807788372, 1, 21.21916395000153, 737, 3055209,                                             1000000, 24.518341064453125, 414.119140625
3342, -3027.053965330124, 3, 6.312758858999587, 210, 3055419,                                             1000000, 25.421628952026367, 413.34283447265625
3343, -4536.043302536011, 3, 20.160334291002073, 699, 3056118,                                             1000000, 24.250991821289062, 412.63372802734375
3344, -5365.0552142858505, 4, 49.818987468999694, 1746, 3057864,                                             1000000, 24.538074493408203, 413.03662109375
3345, -5806.74070340395, 4, 49.84872015699875, 1752, 3059616,                                             1000000, 24.486452102661133, 412.7654113769531
3346, 1616.792737543583, 1, 11.347615269001835, 394, 3060010,                                             1000000, 24.669191360473633, 415.5044860839844
3347, 629.8061441779137, 1, 24.356544132002455, 841, 3060851,                                             1000000, 23.543256759643555, 410.81365966796875
3348, -5293.553409397602, 3, 31.401596572002745, 1095, 3061946,                                             1000000, 24.0502986907959, 411.365234375
3349, -7213.854760110378, 4, 50.243120602997806, 1743, 3063689,                                             1000000, 23.960575103759766, 412.21087646484375
3350, -5142.502782642841, 3, 25.383337286002643, 891, 3064580,                                             1000000, 23.939558029174805, 412.323486328125
3351, -5444.3968515992165, 3, 30.566716651002935, 1067, 3065647,                                             1000000, 24.5390682220459, 413.3333435058594
3352, -6869.435594081879, 4, 49.64692645299874, 1734, 3067381,                                             1000000, 24.300249099731445, 413.75177001953125
3353, -5353.134836435318, 3, 27.39241306400072, 953, 3068334,                                             1000000, 24.117597579956055, 413.0863342285156
3354, -6401.152531027794, 3, 27.961750514001324, 975, 3069309,                                             1000000, 24.312606811523438, 411.787353515625
3355, -5013.977582454681, 3, 22.373065101000975, 785, 3070094,                                             1000000, 23.94810676574707, 410.98980712890625
3356, -5352.301192820072, 3, 29.975733286999457, 1049, 3071143,                                             1000000, 24.365507125854492, 414.1575927734375
3357, -5511.246848583221, 3, 28.18174998199902, 995, 3072138,                                             1000000, 24.148277282714844, 413.2362060546875
3358, -5366.265725016594, 4, 50.00941220900131, 1736, 3073874,                                             1000000, 24.24928855895996, 413.41650390625
3359, -5138.982085049152, 3, 28.78742254700046, 1001, 3074875,                                             1000000, 24.31477928161621, 411.9017028808594
3360, -5284.947968959808, 3, 26.987257291002607, 947, 3075822,                                             1000000, 23.951189041137695, 413.33563232421875
3361, -5014.510037779808, 3, 27.510781095999846, 954, 3076776,                                             1000000, 23.62669563293457, 413.0364685058594
3362, -5044.049939155579, 3, 28.595098890000372, 995, 3077771,                                             1000000, 23.859397888183594, 413.24908447265625
3363, -5291.099596142769, 3, 26.578212771000835, 931, 3078702,                                             1000000, 23.507638931274414, 413.9856262207031
3364, -6960.333842158318, 4, 49.64909351499955, 1740, 3080442,                                             1000000, 24.248384475708008, 413.8985290527344
3365, -5625.521037042141, 3, 28.57060236700272, 1002, 3081444,                                             1000000, 24.90188980102539, 414.84356689453125
3366, -5881.188136100769, 4, 49.84093780799958, 1749, 3083193,                                             1000000, 24.678340911865234, 413.8701171875
3367, -5575.744049072266, 3, 29.391373095000745, 1030, 3084223,                                             1000000, 23.940288543701172, 414.7109680175781
3368, -5452.217559337616, 3, 26.36037089399906, 911, 3085134,                                             1000000, 24.37687110900879, 413.0589294433594
3369, -6784.652432799339, 2, 36.408240542001295, 1265, 3086399,                                             1000000, 24.570241928100586, 413.37933349609375
3370, -5173.59380543232, 3, 26.16323796299912, 908, 3087307,                                             1000000, 24.939727783203125, 414.659423828125
3371, -5121.291100859642, 3, 27.94540226100071, 971, 3088278,                                             1000000, 24.515085220336914, 414.0802307128906
3372, -5197.872105002403, 3, 28.16948597800001, 985, 3089263,                                             1000000, 24.022478103637695, 412.1105651855469
3373, -5099.012842774391, 3, 24.785839586998918, 867, 3090130,                                             1000000, 24.019142150878906, 414.8547668457031
3374, -7113.033622801304, 2, 36.59967345000041, 1280, 3091410,                                             1000000, 23.695476531982422, 412.99957275390625
3375, -4874.690455913544, 3, 21.95546323799863, 761, 3092171,                                             1000000, 24.53607749938965, 413.5776062011719
3376, -3251.528929710388, 2, 6.733539926000958, 232, 3092403,                                             1000000, 23.438701629638672, 415.7991027832031
3377, -5412.110943555832, 3, 28.79148472000088, 1013, 3093416,                                             1000000, 24.3034610748291, 413.49713134765625
3378, -5319.371914386749, 4, 49.82975846899717, 1747, 3095163,                                             1000000, 24.13197898864746, 413.82086181640625
3379, -5110.727664411068, 3, 20.564676553000027, 722, 3095885,                                             1000000, 24.531558990478516, 413.7013854980469
3380, -5372.576239466667, 4, 49.83847815199988, 1745, 3097630,                                             1000000, 23.89205551147461, 413.0133361816406
3381, -4483.918805837631, 3, 20.939108776001376, 736, 3098366,                                             1000000, 22.733539581298828, 410.5924377441406
3382, -8222.564222931862, 4, 49.82470827399811, 1747, 3100113,                                             1000000, 23.815526962280273, 412.5308532714844
3383, -5625.461806058884, 3, 32.00126407800053, 1119, 3101232,                                             1000000, 23.730287551879883, 413.1069030761719
3384, -6482.276488721371, 3, 27.57242351700188, 959, 3102191,                                             1000000, 23.979806900024414, 411.65966796875
3385, -6329.116362571716, 4, 50.646492893996765, 1773, 3103964,                                             1000000, 23.684770584106445, 411.256591796875
3386, -6403.717257261276, 3, 27.7869184150004, 966, 3104930,                                             1000000, 24.096134185791016, 412.606201171875
3387, 2338.001859128475, 1, 4.5142371769979945, 146, 3105076,                                             1000000, 25.0379638671875, 415.357177734375
3388, -7406.58614975214, 3, 22.75882757400177, 793, 3105869,                                             1000000, 23.707984924316406, 412.0029602050781
3389, -7261.6344910264015, 2, 43.223555193999346, 1512, 3107381,                                             1000000, 23.501022338867188, 412.2350769042969
3390, -5411.804402470589, 3, 20.97524692099978, 733, 3108114,                                             1000000, 23.51616859436035, 411.4755859375
3391, -5071.79423892498, 3, 25.3478070989986, 876, 3108990,                                             1000000, 23.83005142211914, 411.9239807128906
3392, -6245.8787317276, 4, 50.448082800998236, 1762, 3110752,                                             1000000, 24.291915893554688, 412.8135681152344
3393, -6055.402987360954, 4, 50.03109139499793, 1737, 3112489,                                             1000000, 23.948551177978516, 411.3361511230469
3394, -5305.5579607486725, 3, 26.977690364998125, 938, 3113427,                                             1000000, 24.115650177001953, 411.94268798828125
3395, -4989.352935791016, 3, 24.563972686999477, 846, 3114273,                                             1000000, 23.946392059326172, 410.560791015625
3396, -6548.7425174713135, 3, 30.389007539000886, 1019, 3115292,                                             1000000, 23.81804656982422, 411.1395263671875
3397, -5736.6664172410965, 2, 30.9899430009973, 1077, 3116369,                                             1000000, 24.789854049682617, 411.4574890136719
3398, -5129.959706425667, 3, 25.381525331999, 892, 3117261,                                             1000000, 23.64272689819336, 411.1639709472656
3399, -6083.571772158146, 4, 49.833627213, 1746, 3119007,                                             1000000, 23.980600357055664, 410.6337585449219
3400, -5172.362480044365, 3, 25.565605597003014, 888, 3119895,                                             1000000, 23.97174644470215, 411.91522216796875
3401, -4905.150142133236, 3, 22.34439057000054, 786, 3120681,                                             1000000, 24.109848022460938, 409.5746765136719
3402, -408.4261507987976, 1, 25.76228015000015, 895, 3121576,                                             1000000, 24.181612014770508, 410.2793273925781
3403, -6363.297391414642, 3, 43.02241860200229, 1505, 3123081,                                             1000000, 23.498273849487305, 410.1704406738281
3404, -5489.239936947823, 3, 27.36587921699902, 950, 3124031,                                             1000000, 23.707399368286133, 409.3158874511719
3405, -5508.6500561237335, 3, 30.200221582999802, 1060, 3125091,                                             1000000, 23.9114933013916, 410.0226135253906
3406, -5904.322353601456, 4, 50.2313578659996, 1748, 3126839,                                             1000000, 23.95258903503418, 410.4581298828125
3407, -8153.625469684601, 2, 34.005837937998876, 1184, 3128023,                                             1000000, 23.437294006347656, 410.08563232421875
3408, -5169.515702784061, 4, 50.24348286100212, 1749, 3129772,                                             1000000, 24.06165885925293, 409.41424560546875
3409, 2342.701395213604, 1, 4.325865897000767, 147, 3129919,                                             1000000, 24.699146270751953, 411.0501708984375
3410, -5337.651993155479, 3, 28.56536916800178, 998, 3130917,                                             1000000, 24.356449127197266, 409.810546875
3411, -4968.525588274002, 3, 24.132714049999777, 830, 3131747,                                             1000000, 24.44292640686035, 411.69781494140625
3412, -6057.110221147537, 2, 27.189075149999553, 964, 3132711,                                             1000000, 23.761934280395508, 409.0657653808594
3413, -1431.3652430176735, 1, 36.7913799070011, 1284, 3133995,                                             1000000, 23.782176971435547, 409.3828430175781
3414, -5261.350138545036, 3, 34.406317670000135, 1201, 3135196,                                             1000000, 24.119937896728516, 409.6800231933594
3415, -8315.312212467194, 4, 49.85288163799851, 1732, 3136928,                                             1000000, 23.820817947387695, 408.6773681640625
3416, -6888.346197068691, 4, 49.636260979001236, 1729, 3138657,                                             1000000, 23.57756233215332, 409.18359375
3417, -5948.302974939346, 3, 29.576985041003354, 1023, 3139680,                                             1000000, 24.612464904785156, 408.9240417480469
3418, -4487.497972607613, 3, 21.968121379999502, 756, 3140436,                                             1000000, 24.13896369934082, 408.3361511230469
3419, -5991.319336295128, 3, 28.370115898000222, 991, 3141427,                                             1000000, 24.196319580078125, 409.2935791015625
3420, -3384.8698358535767, 2, 7.131666383000265, 246, 3141673,                                             1000000, 24.498910903930664, 411.6973876953125
3421, -5619.147074580193, 3, 30.91321909099861, 1081, 3142754,                                             1000000, 24.14038848876953, 409.439208984375
3422, -5120.944801926613, 3, 24.764293063999503, 858, 3143612,                                             1000000, 23.806690216064453, 409.2417297363281
3423, -4236.49076128006, 3, 19.3635951139986, 681, 3144293,                                             1000000, 24.457584381103516, 408.5459289550781
3424, -3144.169891834259, 2, 7.939629636002792, 272, 3144565,                                             1000000, 24.73183822631836, 410.548828125
3425, -4742.001524209976, 3, 22.76909214099942, 802, 3145367,                                             1000000, 24.690418243408203, 411.77154541015625
3426, -5297.370202660561, 3, 25.37382606200117, 887, 3146254,                                             1000000, 24.795392990112305, 410.4471435546875
3427, -6665.827080845833, 4, 49.846918793999066, 1741, 3147995,                                             1000000, 24.5006160736084, 410.2227783203125
3428, -4864.215049505234, 3, 22.358370903999457, 772, 3148767,                                             1000000, 24.496625900268555, 409.069580078125
3429, -5885.31287330389, 3, 23.574828381999396, 821, 3149588,                                             1000000, 24.413972854614258, 409.44287109375
3430, -7231.359223365784, 4, 50.03327374500077, 1750, 3151338,                                             1000000, 23.882461547851562, 408.99273681640625
3431, -4943.339530408382, 3, 23.220686639000633, 813, 3152151,                                             1000000, 24.04810905456543, 408.6436767578125
3432, -5920.60090470314, 3, 25.584475998002745, 893, 3153044,                                             1000000, 24.422027587890625, 409.7793884277344
3433, -8192.735587775707, 3, 24.761520403997565, 861, 3153905,                                             1000000, 23.616262435913086, 408.63897705078125
3434, -4639.156642317772, 3, 21.577944632001163, 756, 3154661,                                             1000000, 23.959217071533203, 410.59515380859375
3435, -2985.6963568925858, 2, 6.915892913999414, 236, 3154897,                                             1000000, 24.769872665405273, 409.41607666015625
3436, -4072.478963136673, 2, 15.95577621800112, 556, 3155453,                                             1000000, 23.812528610229492, 410.0654602050781
3437, -5894.36280143261, 3, 24.382155135001085, 852, 3156305,                                             1000000, 23.41510581970215, 409.3424072265625
3438, -5896.703325152397, 4, 49.84935279799902, 1745, 3158050,                                             1000000, 24.257619857788086, 412.52606201171875
3439, -5684.784348249435, 3, 31.17672637999931, 1084, 3159134,                                             1000000, 24.278141021728516, 412.5270080566406
3440, -5532.621549606323, 2, 29.584463901999698, 1028, 3160162,                                             1000000, 24.404836654663086, 411.19927978515625
3441, -4691.717937350273, 3, 18.28844175999984, 633, 3160795,                                             1000000, 24.651165008544922, 412.48541259765625
3442, -3842.4362461566925, 2, 9.340391958998225, 324, 3161119,                                             1000000, 24.440996170043945, 414.32861328125
3443, -5164.511905014515, 4, 49.84311375800098, 1743, 3162862,                                             1000000, 24.079727172851562, 411.7614440917969
3444, -6561.918509960175, 4, 49.65238201000102, 1749, 3164611,                                             1000000, 24.682720184326172, 412.9557189941406
3445, -5298.500252425671, 3, 33.00348874100018, 1154, 3165765,                                             1000000, 24.809938430786133, 412.2340087890625
3446, -5608.821163415909, 3, 22.367704290998518, 776, 3166541,                                             1000000, 24.57236099243164, 412.0572204589844
3447, -4353.813485622406, 3, 18.964801828002237, 664, 3167205,                                             1000000, 24.18501853942871, 412.0891418457031
3448, -5628.635601043701, 4, 50.03050555100344, 1750, 3168955,                                             1000000, 24.328784942626953, 412.4281005859375
3449, -4432.607771515846, 3, 20.758891243996914, 727, 3169682,                                             1000000, 25.214950561523438, 411.880126953125
3450, -6427.751660823822, 2, 38.194271593998565, 1326, 3171008,                                             1000000, 24.331581115722656, 412.71087646484375
3451, 956.8408244252205, 1, 16.36945378999735, 567, 3171575,                                             1000000, 23.818849563598633, 411.56982421875
3452, -2816.577667236328, 3, 1.1020606359998055, 31, 3171606,                                             1000000, 23.462539672851562, 412.9836120605469
3453, -5516.529957830906, 3, 30.793008182998165, 1075, 3172681,                                             1000000, 24.683944702148438, 412.0306396484375
3454, -5328.905426025391, 4, 50.0202469049982, 1736, 3174417,                                             1000000, 24.183090209960938, 412.24658203125
3455, -5108.335411608219, 3, 29.600517585997295, 1029, 3175446,                                             1000000, 24.492158889770508, 411.6799621582031
3456, -6122.052957057953, 4, 50.22746138000002, 1743, 3177189,                                             1000000, 24.36188507080078, 411.35076904296875
3457, -6308.981156647205, 4, 50.44697727300081, 1755, 3178944,                                             1000000, 24.469682693481445, 410.7181396484375
3458, -5544.277074098587, 3, 26.177967185001762, 917, 3179861,                                             1000000, 23.58915138244629, 410.6859130859375
3459, -2970.193255186081, 2, 7.3360960820027685, 255, 3180116,                                             1000000, 22.85619354248047, 412.6233215332031
3460, -4212.562012434006, 3, 18.544339774001855, 645, 3180761,                                             1000000, 23.875751495361328, 410.7778015136719
3461, -4449.562420427799, 3, 20.182175091998943, 703, 3181464,                                             1000000, 24.226390838623047, 412.1236267089844
3462, -3143.9604680538177, 2, 6.934790307001094, 241, 3181705,                                             1000000, 24.448135375976562, 414.77789306640625
3463, -5596.016843914986, 3, 22.37000551100209, 778, 3182483,                                             1000000, 23.636655807495117, 410.3747253417969
3464, -5402.163336992264, 2, 29.587642837999738, 1037, 3183520,                                             1000000, 24.87562370300293, 413.1958923339844
3465, -6582.08165872097, 4, 49.825827417000255, 1740, 3185260,                                             1000000, 24.769290924072266, 413.0479431152344
3466, -5111.973580241203, 2, 25.58616307000193, 891, 3186151,                                             1000000, 24.86467742919922, 412.8374938964844
3467, -5371.7408492565155, 3, 26.164414674, 906, 3187057,                                             1000000, 24.205717086791992, 412.54559326171875
3468, -4804.748447418213, 3, 25.994085172998894, 910, 3187967,                                             1000000, 24.5700626373291, 410.8483581542969
3469, -3630.479016304016, 2, 12.936423869999999, 440, 3188407,                                             1000000, 24.7443790435791, 411.9969177246094
3470, -4299.660947799683, 3, 19.563891383997543, 679, 3189086,                                             1000000, 24.3188419342041, 412.0113220214844
3471, -5221.430397152901, 3, 29.228890660000616, 1018, 3190104,                                             1000000, 24.976659774780273, 412.0611572265625
3472, -7160.00061237812, 2, 37.397583909001696, 1304, 3191408,                                             1000000, 24.843547821044922, 413.2287292480469
3473, -5620.293686330318, 2, 29.793192511999223, 1043, 3192451,                                             1000000, 24.86076545715332, 413.5942077636719
3474, -4226.1352891922, 2, 11.345552294002118, 397, 3192848,                                             1000000, 24.51276397705078, 413.4498596191406
3475, -4927.084004998207, 3, 24.564799653999216, 854, 3193702,                                             1000000, 25.028228759765625, 414.5279541015625
3476, -3208.051639318466, 2, 6.5361287650011946, 226, 3193928,                                             1000000, 26.233713150024414, 415.1709289550781
3477, 2225.427647829056, 1, 4.911824340000749, 164, 3194092,                                             1000000, 25.293622970581055, 413.388427734375
3478, -3004.6720101833344, 2, 3.914838996999606, 129, 3194221,                                             1000000, 24.001056671142578, 414.10162353515625
3479, -4780.356142640114, 2, 17.141810155000712, 582, 3194803,                                             1000000, 24.93362808227539, 415.2528991699219
3480, -4577.911846399307, 3, 20.568452985000476, 716, 3195519,                                             1000000, 24.862367630004883, 415.15948486328125
3481, -5115.942227363586, 3, 25.194710749998194, 873, 3196392,                                             1000000, 24.99726104736328, 413.7720947265625
3482, -3509.122642993927, 2, 7.331894118000491, 252, 3196644,                                             1000000, 25.743183135986328, 415.92333984375
3483, -2999.8905881643295, 2, 6.933941621999111, 234, 3196878,                                             1000000, 24.718154907226562, 417.7816467285156
3484, -5570.273259818554, 3, 28.373672641002486, 989, 3197867,                                             1000000, 25.273448944091797, 414.3836669921875
3485, -5420.147120594978, 3, 22.171980727998744, 775, 3198642,                                             1000000, 24.950300216674805, 413.9063415527344
3486, -5754.329834103584, 3, 31.17860939000093, 1080, 3199722,                                             1000000, 25.037538528442383, 414.156982421875
3487, -3242.7609268426895, 2, 7.53143784599888, 256, 3199978,                                             1000000, 25.267112731933594, 415.25537109375
3488, -4838.729724884033, 3, 23.37740655699963, 813, 3200791,                                             1000000, 25.585140228271484, 415.5014953613281
3489, -6774.272674560547, 4, 49.82685522199972, 1735, 3202526,                                             1000000, 24.752843856811523, 413.8066711425781
3490, -6150.073365211487, 3, 27.178024034001282, 944, 3203470,                                             1000000, 24.37996482849121, 412.6161804199219
3491, -6113.7244238853455, 4, 49.82378287699976, 1740, 3205210,                                             1000000, 24.3941650390625, 413.1960754394531
3492, -1399.7337266206741, 1, 31.599957457998244, 1104, 3206314,                                             1000000, 24.55229377746582, 413.337890625
3493, -5460.856079757214, 3, 36.79281328799698, 1274, 3207588,                                             1000000, 24.382057189941406, 412.0768127441406
3494, -5915.2927069664, 4, 50.63966268799777, 1770, 3209358,                                             1000000, 24.612003326416016, 413.2790832519531
3495, -5356.555218160152, 3, 29.798742007998953, 1038, 3210396,                                             1000000, 24.240619659423828, 413.6195068359375
3496, -6518.201429724693, 4, 49.841413140999066, 1754, 3212150,                                             1000000, 24.29180908203125, 413.2980041503906
3497, -5752.99836987257, 3, 33.99991291399783, 1176, 3213326,                                             1000000, 24.553693771362305, 413.0910339355469
3498, -8196.788764238358, 2, 46.83499287599989, 1650, 3214976,                                             1000000, 24.849851608276367, 414.6631164550781
3499, -4700.491797506809, 3, 23.57787404999908, 822, 3215798,                                             1000000, 24.370038986206055, 412.76397705078125
3500, -4616.781006932259, 3, 22.35753734299942, 776, 3216574,                                             1000000, 24.565872192382812, 412.7144470214844
3501, -4621.605708241463, 3, 21.44300514799761, 750, 3217324,                                             1000000, 24.665618896484375, 414.3182373046875
3502, -5825.256947159767, 4, 49.842952651000815, 1742, 3219066,                                             1000000, 23.996593475341797, 412.8019104003906
3503, -5655.993692159653, 3, 28.574490289000096, 992, 3220058,                                             1000000, 25.105422973632812, 413.1425476074219
3504, -5136.587423324585, 4, 50.44090598299954, 1764, 3221822,                                             1000000, 24.49901008605957, 412.6505126953125
3505, -6056.8132927417755, 3, 32.18050294000204, 1125, 3222947,                                             1000000, 24.39072036743164, 410.5446472167969
3506, -4830.322539687157, 3, 21.566368484000122, 749, 3223696,                                             1000000, 24.58485984802246, 412.08660888671875
3507, -5781.384824752808, 3, 26.778011841997795, 934, 3224630,                                             1000000, 23.275144577026367, 410.52581787109375
3508, -4097.686734557152, 3, 18.56878411800062, 649, 3225279,                                             1000000, 23.926258087158203, 410.5799255371094
3509, -3108.9118287563324, 2, 7.719935553999676, 260, 3225539,                                             1000000, 23.823383331298828, 410.6728820800781
3510, -5451.863810420036, 3, 22.171145014999638, 770, 3226309,                                             1000000, 23.908235549926758, 412.1787414550781
3511, -5625.370356678963, 3, 22.335973530000047, 771, 3227080,                                             1000000, 23.959854125976562, 412.314697265625
3512, -5500.5395141243935, 4, 50.65265627199915, 1776, 3228856,                                             1000000, 24.08454132080078, 410.6815490722656
3513, -2966.5938774347305, 2, 7.322602836997248, 251, 3229107,                                             1000000, 24.739643096923828, 408.235595703125
3514, -6036.990514218807, 3, 32.596384115000546, 1139, 3230246,                                             1000000, 24.554153442382812, 410.4434814453125
3515, 2375.562296628952, 1, 4.125362544000382, 140, 3230386,                                             1000000, 25.07806396484375, 411.4713439941406
3516, -3452.3160803318024, 2, 11.132399160000205, 386, 3230772,                                             1000000, 24.524314880371094, 410.7684326171875
3517, -6619.538002669811, 4, 50.64377435499773, 1768, 3232540,                                             1000000, 24.12659454345703, 409.6239013671875
3518, -4052.0763127803802, 3, 17.160968730000604, 589, 3233129,                                             1000000, 24.261980056762695, 411.0356750488281
3519, -4821.406344175339, 3, 25.181779840000672, 877, 3234006,                                             1000000, 24.32646369934082, 409.92828369140625
3520, -5073.932419896126, 3, 25.966397855998366, 896, 3234902,                                             1000000, 24.058351516723633, 408.7928161621094
3521, -4845.60518348217, 2, 21.469130601999495, 738, 3235640,                                             1000000, 23.786359786987305, 408.1452941894531
3522, -5431.313882470131, 2, 29.976661025000794, 1046, 3236686,                                             1000000, 23.68330955505371, 407.70452880859375
3523, -3261.14362514019, 2, 9.337047888999223, 325, 3237011,                                             1000000, 23.297544479370117, 408.74957275390625
3524, -4388.841794252396, 2, 17.96533504999752, 617, 3237628,                                             1000000, 23.698944091796875, 409.3703308105469
3525, 2336.233481347561, 1, 4.525975078999181, 155, 3237783,                                             1000000, 23.51687240600586, 405.5882568359375
3526, 1408.6751374006271, 1, 11.935989382000116, 412, 3238195,                                             1000000, 24.23003578186035, 405.4228210449219
3527, -2634.836773455143, 3, 5.93485276499996, 204, 3238399,                                             1000000, 23.50906753540039, 408.7154235839844
3528, -5423.098909020424, 3, 25.154834308999853, 872, 3239271,                                             1000000, 23.665733337402344, 405.3893737792969
3529, -4249.152719676495, 2, 16.544213819001016, 573, 3239844,                                             1000000, 23.435686111450195, 407.21234130859375
3530, -3320.1021200418472, 2, 13.13356164599827, 448, 3240292,                                             1000000, 23.25399398803711, 407.35028076171875
3531, -7069.403760194778, 2, 30.284355326999503, 1056, 3241348,                                             1000000, 23.887451171875, 406.54229736328125
3532, -5338.87339258194, 2, 23.37712087700129, 810, 3242158,                                             1000000, 23.81966781616211, 405.3012390136719
3533, -3553.418693482876, 2, 14.351544679000654, 500, 3242658,                                             1000000, 24.05885124206543, 408.3343505859375
3534, -5054.233206748962, 2, 19.37120637499902, 672, 3243330,                                             1000000, 23.464492797851562, 405.811279296875
3535, -3077.561730861664, 3, 8.741766191997158, 298, 3243628,                                             1000000, 24.086074829101562, 404.91748046875
3536, -3052.9610500335693, 2, 5.515282524000213, 183, 3243811,                                             1000000, 25.25145149230957, 408.84320068359375
3537, -6132.041982769966, 2, 25.77558144000068, 894, 3244705,                                             1000000, 23.875356674194336, 406.5341491699219
3538, -4724.966087818146, 2, 22.159456403998774, 762, 3245467,                                             1000000, 23.67436408996582, 406.1530456542969
3539, -6045.00535684824, 3, 29.18398648099901, 1013, 3246480,                                             1000000, 23.800832748413086, 406.68634033203125
3540, -1931.6560102701187, 1, 39.424462228002085, 1377, 3247857,                                             1000000, 23.6159725189209, 406.1815185546875
3541, -7283.5617817640305, 2, 48.77799409799991, 1704, 3249561,                                             1000000, 23.9443359375, 406.25360107421875
3542, -4952.283691644669, 2, 15.953033185000095, 554, 3250115,                                             1000000, 23.33312225341797, 404.75164794921875
3543, -4415.441900968552, 2, 22.154369993000728, 768, 3250883,                                             1000000, 23.484228134155273, 405.9109802246094
3544, -2976.0062049627304, 3, 8.936138484001276, 311, 3251194,                                             1000000, 23.889972686767578, 405.7662658691406
3545, 2353.1826314926147, 1, 4.510783252000692, 146, 3251340,                                             1000000, 23.51274299621582, 404.6246643066406
3546, -4914.724013566971, 2, 21.554035490000388, 743, 3252083,                                             1000000, 24.028926849365234, 405.8188781738281
3547, -3803.8018367886543, 1, 39.01662722400215, 1364, 3253447,                                             1000000, 23.95794105529785, 405.4228515625
3548, -6248.344027400017, 2, 11.326119643999846, 390, 3253837,                                             1000000, 23.572967529296875, 404.55364990234375
3549, -2835.790987253189, 2, 6.7357181509978545, 235, 3254072,                                             1000000, 23.260244369506836, 406.2685852050781
3550, -3447.344817638397, 3, 13.952004211998428, 493, 3254565,                                             1000000, 24.617717742919922, 408.9781188964844
3551, -4762.014245867729, 2, 20.058683826999186, 694, 3255259,                                             1000000, 23.999256134033203, 404.9360046386719
3552, -5073.694877445698, 3, 26.76789204599845, 927, 3256186,                                             1000000, 23.5474796295166, 405.51873779296875
3553, -3190.3287568092346, 2, 7.323180814997613, 249, 3256435,                                             1000000, 24.0223445892334, 406.1546936035156
3554, 537.8276488780975, 1, 20.956103565000376, 721, 3257156,                                             1000000, 24.081392288208008, 405.44586181640625
3555, -2809.9099366664886, 3, 4.53103748599824, 156, 3257312,                                             1000000, 22.692977905273438, 405.4296569824219
3556, -6407.447527170181, 2, 30.778216026003065, 1069, 3258381,                                             1000000, 23.43928337097168, 404.68310546875
3557, -4958.288256406784, 3, 24.577870454999356, 856, 3259237,                                             1000000, 23.808317184448242, 405.2420349121094
3558, -5485.012255191803, 4, 49.843948065001314, 1747, 3260984,                                             1000000, 23.08266258239746, 404.63397216796875
3559, -5715.517481923103, 3, 29.385602448997815, 1023, 3262007,                                             1000000, 23.401540756225586, 404.24969482421875
3560, -5373.120437145233, 3, 26.76865697299945, 931, 3262938,                                             1000000, 23.51191520690918, 404.5907897949219
3561, -5319.4567939043045, 2, 27.676650177996635, 970, 3263908,                                             1000000, 23.68465805053711, 405.1202697753906
3562, -5504.476268172264, 3, 26.983366663997003, 946, 3264854,                                             1000000, 23.28331184387207, 404.691162109375
3563, -5489.7172421216965, 4, 49.82086559899835, 1749, 3266603,                                             1000000, 23.505170822143555, 404.9723815917969
3564, -4843.758969664574, 3, 22.968178504001116, 801, 3267404,                                             1000000, 23.538677215576172, 403.93328857421875
3565, -2750.7395565509796, 2, 6.734638820998953, 230, 3267634,                                             1000000, 23.52013397216797, 403.964599609375
3566, -5368.235927462578, 3, 23.176978124000016, 804, 3268438,                                             1000000, 23.29550552368164, 402.8416442871094
3567, -7603.997986316681, 4, 49.63988872200207, 1735, 3270173,                                             1000000, 24.16298484802246, 402.980712890625
3568, 2372.9076414704323, 1, 4.3106427940001595, 139, 3270312,                                             1000000, 23.13791275024414, 403.7300109863281
3569, -3438.438308775425, 3, 13.956724203999329, 490, 3270802,                                             1000000, 22.930919647216797, 402.77294921875
3570, -2739.5031529664993, 2, 6.93180442800076, 231, 3271033,                                             1000000, 25.148883819580078, 404.5133361816406
3571, -4147.819547176361, 2, 18.5800920340007, 637, 3271670,                                             1000000, 23.326059341430664, 402.9035339355469
3572, -7108.223890602589, 2, 31.99625889299932, 1122, 3272792,                                             1000000, 23.438554763793945, 403.42626953125
3573, -4819.379174530506, 3, 24.778284022999287, 858, 3273650,                                             1000000, 23.237659454345703, 403.23944091796875
3574, -4802.122971773148, 3, 23.97504654400109, 829, 3274479,                                             1000000, 23.024295806884766, 402.0707092285156
3575, -4683.1067370176315, 3, 22.75265499500165, 788, 3275267,                                             1000000, 22.993595123291016, 402.85369873046875
3576, -2814.4159757494926, 2, 8.736885926999093, 303, 3275570,                                             1000000, 23.6287841796875, 401.6699523925781
3577, -4625.258695244789, 3, 22.36932899599924, 775, 3276345,                                             1000000, 23.641895294189453, 401.9501953125
3578, -3377.7754056453705, 2, 9.118659522999224, 306, 3276651,                                             1000000, 23.609254837036133, 400.5698547363281
3579, -5185.706537246704, 3, 25.379521193000983, 889, 3277540,                                             1000000, 22.83016586303711, 402.04345703125
3580, -6684.716097295284, 2, 40.599364407000394, 1420, 3278960,                                             1000000, 23.109594345092773, 402.4760437011719
3581, -3025.279135465622, 3, 8.616518304002966, 292, 3279252,                                             1000000, 24.440380096435547, 405.2908935546875
3582, -6679.738179802895, 2, 28.975687469999684, 997, 3280249,                                             1000000, 23.14310073852539, 402.587890625
3583, -3954.734052479267, 3, 19.365839625999797, 668, 3280917,                                             1000000, 22.764476776123047, 404.4097595214844
3584, -5813.290922880173, 2, 27.58730200699938, 969, 3281886,                                             1000000, 23.63763999938965, 404.51953125
3585, -4462.983600199223, 3, 22.361044951998338, 777, 3282663,                                             1000000, 23.886510848999023, 401.94561767578125
3586, -4580.635214328766, 2, 10.54418550599803, 365, 3283028,                                             1000000, 22.015832901000977, 400.6333923339844
3587, -7693.666866898537, 2, 34.80296694699791, 1220, 3284248,                                             1000000, 23.92221450805664, 403.0487060546875
3588, -3846.692530155182, 2, 11.748076584000955, 408, 3284656,                                             1000000, 23.933284759521484, 403.12640380859375
3589, -3357.070362865925, 1, 46.015853213997616, 1599, 3286255,                                             1000000, 23.289461135864258, 401.6947326660156
3590, -2482.112442612648, 2, 2.7097430920002807, 82, 3286337,                                             1000000, 23.583354949951172, 406.17315673828125
3591, -2793.762328982353, 2, 6.700293641999451, 223, 3286560,                                             1000000, 23.96367645263672, 404.162353515625
3592, -4342.374817371368, 3, 19.969215547000204, 678, 3287238,                                             1000000, 23.463233947753906, 403.56005859375
3593, -3953.02484446764, 2, 17.95903180499954, 623, 3287861,                                             1000000, 23.09435272216797, 402.074951171875
3594, -3395.462197482586, 2, 15.759488032999798, 540, 3288401,                                             1000000, 23.7425537109375, 403.1369934082031
3595, -3289.0139186382294, 2, 8.32316133600034, 284, 3288685,                                             1000000, 22.94801902770996, 403.0957946777344
3596, -3053.862801671028, 2, 10.144363075000001, 351, 3289036,                                             1000000, 23.37309455871582, 403.62445068359375
3597, -4334.334126889706, 2, 14.954723146998731, 503, 3289539,                                             1000000, 23.71810531616211, 403.65936279296875
3598, -2649.959610939026, 2, 4.924526545000845, 170, 3289709,                                             1000000, 23.638843536376953, 403.9183044433594
3599, -3411.792372584343, 2, 12.545475187002012, 439, 3290148,                                             1000000, 24.0831298828125, 404.35601806640625
3600, 1474.149706542492, 1, 11.146626908001053, 386, 3290534,                                             1000000, 24.467531204223633, 403.193359375
3601, -3226.7445188760757, 2, 13.012774192000506, 446, 3290980,                                             1000000, 23.72299575805664, 401.5521545410156
3602, -3107.120045542717, 2, 11.732495340998867, 398, 3291378,                                             1000000, 24.382810592651367, 404.83746337890625
3603, 1868.1030672490597, 1, 8.339763326999673, 290, 3291668,                                             1000000, 24.75495719909668, 403.6809997558594
3604, -3316.381258368492, 2, 13.736210961000324, 472, 3292140,                                             1000000, 24.86342430114746, 404.2615661621094
3605, 2042.6750558018684, 1, 6.933113184000831, 236, 3292376,                                             1000000, 23.888349533081055, 399.7620544433594
3606, -5583.34310400486, 2, 14.535485825999785, 495, 3292871,                                             1000000, 23.631784439086914, 403.0318603515625
3607, 2370.7189888060093, 1, 4.7136622430007264, 153, 3293024,                                             1000000, 24.65332794189453, 402.4482421875
3608, -3692.256324529648, 2, 13.153014785999403, 456, 3293480,                                             1000000, 24.48108673095703, 403.5406799316406
3609, -3043.9064422249794, 2, 8.721984112999053, 294, 3293774,                                             1000000, 23.935901641845703, 403.9077453613281
3610, 1844.1968680024147, 1, 7.535601352999947, 263, 3294037,                                             1000000, 23.346086502075195, 404.74346923828125
3611, -3328.527495265007, 2, 14.911787004999496, 510, 3294547,                                             1000000, 24.432153701782227, 403.616943359375
3612, -4612.740151643753, 2, 11.144693763999385, 387, 3294934,                                             1000000, 24.481075286865234, 405.0521545410156
3613, 1672.9291242957115, 1, 8.738397655000881, 302, 3295236,                                             1000000, 24.00411605834961, 403.3470458984375
3614, -2963.8474218845367, 2, 5.5097927110000455, 183, 3295419,                                             1000000, 25.184167861938477, 406.7901611328125
3615, -2964.3089349269867, 2, 7.531994847999158, 257, 3295676,                                             1000000, 24.914037704467773, 404.0920104980469
3616, -3009.940836906433, 2, 6.316985187000682, 210, 3295886,                                             1000000, 24.61067008972168, 404.8443603515625
3617, -3255.6458510756493, 2, 11.14328786400074, 385, 3296271,                                             1000000, 25.391603469848633, 405.7952880859375
3618, 1951.8430269956589, 1, 7.344851860001654, 252, 3296523,                                             1000000, 24.448041915893555, 405.145751953125
3619, -3132.800115585327, 3, 10.324299519001215, 348, 3296871,                                             1000000, 24.22011375427246, 404.77056884765625
3620, -2932.1500731110573, 2, 7.3321845089994895, 248, 3297119,                                             1000000, 24.51563835144043, 406.1092224121094
3621, -2881.0885167121887, 2, 5.313246812998841, 168, 3297287,                                             1000000, 24.998607635498047, 405.3932189941406
3622, -3957.5560486912727, 2, 14.956334320999304, 519, 3297806,                                             1000000, 24.771833419799805, 406.1070861816406
3623, -3201.6121641397476, 3, 13.330254721000529, 448, 3298254,                                             1000000, 25.045495986938477, 404.188232421875
3624, 1495.741686284542, 1, 12.347819285998412, 430, 3298684,                                             1000000, 24.715246200561523, 403.6911315917969
3625, -2792.0827922821045, 2, 3.7066844159999164, 119, 3298803,                                             1000000, 24.2211856842041, 408.30096435546875
3626, -3730.968304157257, 2, 11.142384765000315, 384, 3299187,                                             1000000, 25.343252182006836, 405.7883605957031
3627, -3342.6199477910995, 2, 14.55468533900057, 505, 3299692,                                             1000000, 24.395706176757812, 406.9881591796875
3628, -3842.382965326309, 2, 12.351140769998892, 424, 3300116,                                             1000000, 23.998401641845703, 405.252685546875
3629, -2922.9932568073273, 2, 5.314874745999987, 176, 3300292,                                             1000000, 24.577796936035156, 410.4042663574219
3630, -2564.9266172647476, 2, 5.12848504700014, 175, 3300467,                                             1000000, 25.564815521240234, 406.08941650390625
3631, -3064.8864121437073, 2, 7.458486778999941, 255, 3300722,                                             1000000, 25.508699417114258, 405.68218994140625
3632, -2796.176991224289, 2, 4.928834211998037, 169, 3300891,                                             1000000, 25.321754455566406, 405.5176696777344
3633, -4047.3067475557327, 2, 20.551872009000363, 716, 3301607,                                             1000000, 25.39569854736328, 408.9115295410156
3634, -2943.6018245220184, 2, 8.339760413000477, 289, 3301896,                                             1000000, 25.82610511779785, 407.5093078613281
3635, 1849.1794350147247, 1, 9.275603330002923, 315, 3302211,                                             1000000, 26.053848266601562, 409.37493896484375
3636, -2758.395688533783, 3, 4.514555726000253, 150, 3302361,                                             1000000, 25.490283966064453, 408.74322509765625
3637, -2840.7344439029694, 2, 5.124637930999597, 175, 3302536,                                             1000000, 25.9449405670166, 409.473876953125
3638, -3715.8087680339813, 2, 8.938720801001182, 313, 3302849,                                             1000000, 25.63001251220703, 410.04595947265625
3639, -3332.790163040161, 2, 6.718260080997425, 227, 3303076,                                             1000000, 25.3148250579834, 409.3880920410156
3640, -2535.71823823452, 2, 5.124291297001037, 174, 3303250,                                             1000000, 25.587736129760742, 408.3781433105469
3641, -4093.476747572422, 2, 16.10530954600108, 547, 3303797,                                             1000000, 25.42214012145996, 410.87701416015625
3642, -2652.586580336094, 2, 5.327239457001269, 183, 3303980,                                             1000000, 25.869178771972656, 410.0479736328125
3643, 1716.3257741332054, 1, 14.549699993000104, 485, 3304465,                                             1000000, 25.422937393188477, 411.3749084472656
3644, -2724.427488088608, 2, 3.1093763369972294, 96, 3304561,                                             1000000, 26.369577407836914, 414.423583984375
3645, -3827.183775484562, 2, 15.36220261500057, 532, 3305093,                                             1000000, 25.47491455078125, 409.8537292480469
3646, -3082.879026412964, 2, 7.13677620299859, 246, 3305339,                                             1000000, 25.84822654724121, 410.7664489746094
3647, 1875.2305791378021, 1, 7.917152076999628, 264, 3305603,                                             1000000, 24.993907928466797, 411.3855895996094
3648, -3000.5417262911797, 2, 8.942668939998839, 304, 3305907,                                             1000000, 25.998502731323242, 411.7886047363281
3649, -3423.6580535173416, 2, 13.525561604998074, 460, 3306367,                                             1000000, 25.732118606567383, 409.5895690917969
3650, -2692.717336654663, 3, 9.130282940997859, 313, 3306680,                                             1000000, 26.11224937438965, 410.06134033203125
3651, -3090.9205402731895, 2, 12.871124716999475, 445, 3307125,                                             1000000, 26.389400482177734, 410.8597717285156
3652, -3676.0234900712967, 2, 13.333501491000789, 456, 3307581,                                             1000000, 26.403335571289062, 414.0282287597656
3653, -3198.517202973366, 2, 11.543470205997437, 404, 3307985,                                             1000000, 26.780118942260742, 410.8997497558594
3654, -2852.3834216594696, 2, 5.1306899129995145, 169, 3308154,                                             1000000, 26.8105525970459, 410.9934387207031
3655, 2014.790944993496, 1, 8.537893845001236, 290, 3308444,                                             1000000, 26.312650680541992, 410.8620910644531
3656, -2486.5754091739655, 2, 2.705210326002998, 79, 3308523,                                             1000000, 27.227508544921875, 413.551025390625
3657, -3626.132877588272, 2, 13.546045985000092, 471, 3308994,                                             1000000, 26.422378540039062, 412.4521179199219
3658, 1259.3432946801186, 1, 8.941150299000583, 309, 3309303,                                             1000000, 26.591516494750977, 411.4427185058594
3659, -2979.478425502777, 2, 5.109927145000256, 173, 3309476,                                             1000000, 27.18745994567871, 412.287841796875
3660, -3294.655853807926, 2, 10.730972053002915, 365, 3309841,                                             1000000, 26.868331909179688, 412.04248046875
3661, 2170.162382364273, 1, 8.382847908000258, 285, 3310126,                                             1000000, 26.717924118041992, 414.2275085449219
3662, -3117.4040014743805, 2, 4.3136326519997965, 137, 3310263,                                             1000000, 28.379215240478516, 416.6246337890625
3663, -2748.274940907955, 2, 5.329993496998213, 184, 3310447,                                             1000000, 26.42203712463379, 414.5592346191406
3664, 1782.6948732733727, 1, 6.7344210100018245, 232, 3310679,                                             1000000, 27.119054794311523, 413.0729675292969
3665, 1000.327230155468, 1, 18.151812658998097, 627, 3311306,                                             1000000, 27.196134567260742, 414.4335021972656
3666, -2650.2382044792175, 2, 1.7058870119981293, 45, 3311351,                                             1000000, 27.473703384399414, 411.2291564941406
3667, -3954.042005777359, 3, 8.736127040996507, 301, 3311652,                                             1000000, 27.25552749633789, 415.2385559082031
3668, -2634.9127829670906, 2, 5.517745316999935, 181, 3311833,                                             1000000, 29.185001373291016, 411.4187316894531
3669, 1896.8971538543701, 1, 7.739987771001324, 264, 3312097,                                             1000000, 27.266796112060547, 414.61199951171875
3670, -2642.6934301257133, 3, 4.912888504000875, 164, 3312261,                                             1000000, 26.662269592285156, 412.4757080078125
3671, -2709.558143079281, 2, 5.227490077002585, 178, 3312439,                                             1000000, 26.418399810791016, 413.97564697265625
3672, -4214.235200822353, 2, 17.543639673000143, 601, 3313040,                                             1000000, 27.0613956451416, 412.0475769042969
3673, -3366.80865329504, 2, 12.951011621000362, 448, 3313488,                                             1000000, 28.028032302856445, 414.7070007324219
3674, -3476.658596277237, 3, 13.13133974000084, 453, 3313941,                                             1000000, 27.39540672302246, 414.7120666503906
3675, -2914.925617456436, 2, 5.929894503999094, 202, 3314143,                                             1000000, 28.184282302856445, 419.0892333984375
3676, -3052.9846066236496, 2, 7.317889234000177, 246, 3314389,                                             1000000, 27.734277725219727, 414.68182373046875
3677, 2198.2299621105194, 1, 4.3256264600022405, 149, 3314538,                                             1000000, 28.130098342895508, 410.90814208984375
3678, -2498.1258659362793, 2, 2.1045075619986164, 68, 3314606,                                             1000000, 26.5129451751709, 410.79327392578125
3679, 1870.264799296856, 1, 6.126602487998753, 204, 3314810,                                             1000000, 27.696910858154297, 412.4735412597656
3680, 1161.3848405480385, 1, 15.939785038000991, 550, 3315360,                                             1000000, 27.69641876220703, 412.8420715332031
3681, -2840.902280330658, 2, 2.9831198430001677, 99, 3315459,                                             1000000, 26.946533203125, 406.56488037109375
3682, 1702.55930352211, 1, 8.72310206900147, 294, 3315753,                                             1000000, 29.05678367614746, 412.4034423828125
3683, -3761.093566298485, 2, 12.934239072998025, 437, 3316190,                                             1000000, 28.530620574951172, 416.42547607421875
3684, -3187.1548568606377, 2, 9.344707270996878, 323, 3316513,                                             1000000, 27.861494064331055, 414.94305419921875
3685, -2864.35175549984, 2, 5.136527702001331, 177, 3316690,                                             1000000, 29.507305145263672, 416.8831787109375
3686, 1175.044766664505, 1, 12.749643572002242, 438, 3317128,                                             1000000, 28.105466842651367, 418.0722351074219
3687, -2787.5423261523247, 2, 4.307937392000895, 142, 3317270,                                             1000000, 29.688888549804688, 414.64251708984375
3688, -2774.1679750680923, 2, 5.130305219001457, 171, 3317441,                                             1000000, 28.575016021728516, 416.31707763671875
3689, 1708.7202225327492, 1, 11.131381869003235, 377, 3317818,                                             1000000, 28.764986038208008, 417.4784851074219
3690, -3035.8645848035812, 2, 5.329272037000919, 183, 3318001,                                             1000000, 28.387218475341797, 415.8489685058594
3691, -3670.1320283412933, 2, 8.432542510003259, 283, 3318284,                                             1000000, 28.97342300415039, 417.3242492675781
3692, 2079.0480921268463, 1, 5.933836729000177, 203, 3318487,                                             1000000, 28.758594512939453, 414.107421875
3693, -3818.082451581955, 2, 6.91640227100288, 231, 3318718,                                             1000000, 28.03301239013672, 417.0779113769531
3694, -3800.595683336258, 2, 9.547347720999824, 331, 3319049,                                             1000000, 27.703323364257812, 416.4789123535156
3695, -6968.6471282839775, 2, 32.17974100999709, 1114, 3320163,                                             1000000, 27.883386611938477, 418.0921936035156
3696, -4596.315867900848, 3, 21.370680715997878, 743, 3320906,                                             1000000, 28.777273178100586, 416.9300231933594
3697, -4398.855245232582, 3, 20.168808514001284, 696, 3321602,                                             1000000, 29.254913330078125, 421.1986389160156
3698, -4454.880826473236, 3, 20.767871779000416, 720, 3322322,                                             1000000, 28.25319480895996, 419.2927551269531
3699, -6756.286023020744, 3, 29.572805227999197, 1026, 3323348,                                             1000000, 28.327884674072266, 418.18115234375
3700, 1187.7962636947632, 1, 13.551048342000286, 468, 3323816,                                             1000000, 27.608732223510742, 417.0632629394531
3701, -3309.2315002679825, 3, 8.619137685000169, 286, 3324102,                                             1000000, 27.781715393066406, 415.09246826171875
3702, -7529.64873456955, 4, 50.426590791998024, 1768, 3325870,                                             1000000, 28.105205535888672, 416.70587158203125
3703, -4305.395136833191, 3, 19.165641306997713, 664, 3326534,                                             1000000, 26.354951858520508, 415.3840026855469
3704, -6329.799809336662, 3, 27.986115514999256, 985, 3327519,                                             1000000, 27.853675842285156, 416.3795166015625
3705, -6754.135707497597, 3, 27.971089365000807, 968, 3328487,                                             1000000, 26.882118225097656, 415.41558837890625
3706, -4437.36584854126, 3, 19.967965533000097, 692, 3329179,                                             1000000, 27.286060333251953, 416.9469909667969
3707, -5584.962946891785, 3, 29.575545987001533, 1022, 3330201,                                             1000000, 26.688310623168945, 415.70733642578125
3708, -5914.361293554306, 3, 34.19333870999981, 1186, 3331387,                                             1000000, 26.841724395751953, 416.6977844238281
3709, -2911.8777829408646, 2, 7.537132836001547, 257, 3331644,                                             1000000, 26.87562370300293, 416.36572265625
3710, -6165.016359329224, 4, 50.02839873599805, 1750, 3333394,                                             1000000, 27.005348205566406, 416.82659912109375
3711, -4952.53164088726, 3, 26.911232705002476, 939, 3334333,                                             1000000, 27.016393661499023, 417.81329345703125
3712, -6155.736512184143, 3, 29.589945056999568, 1024, 3335357,                                             1000000, 26.636201858520508, 415.6441650390625
3713, -5771.822965145111, 3, 30.578530622999097, 1071, 3336428,                                             1000000, 26.849397659301758, 415.9224853515625
3714, -6184.7775292396545, 4, 50.65044414300064, 1768, 3338196,                                             1000000, 26.73752212524414, 417.38818359375
3715, -4697.895758032799, 3, 21.572140149000916, 750, 3338946,                                             1000000, 26.33518409729004, 416.7187805175781
3716, -4727.892480611801, 2, 16.559981212998537, 572, 3339518,                                             1000000, 26.33565330505371, 415.4174499511719
3717, -7214.247696578503, 3, 33.39852707099999, 1162, 3340680,                                             1000000, 27.082056045532227, 416.2048034667969
3718, -4155.666734576225, 3, 18.968703160000587, 651, 3341331,                                             1000000, 25.86028480529785, 417.37030029296875
3719, -5469.175927639008, 3, 32.198684914001205, 1124, 3342455,                                             1000000, 26.693565368652344, 415.8803405761719
3720, -5178.28712105751, 4, 50.031152299001405, 1737, 3344192,                                             1000000, 25.944292068481445, 415.4390869140625
3721, -4818.387693107128, 3, 24.98381107899695, 873, 3345065,                                             1000000, 26.301118850708008, 417.336669921875
3722, -5268.980095088482, 3, 27.381773093999072, 948, 3346013,                                             1000000, 25.676321029663086, 415.90435791015625
3723, -5136.344753503799, 3, 30.992771075998462, 1082, 3347095,                                             1000000, 25.835996627807617, 415.1687927246094
3724, -5301.02750480175, 3, 27.167753228997753, 949, 3348044,                                             1000000, 26.01580047607422, 415.62164306640625
3725, -5085.723785102367, 3, 27.39559485800055, 949, 3348993,                                             1000000, 25.764192581176758, 415.1506042480469
3726, -5222.389952301979, 3, 26.17790256399894, 911, 3349904,                                             1000000, 25.448837280273438, 413.6311950683594
3727, -5384.214748203754, 4, 50.019129448002786, 1743, 3351647,                                             1000000, 25.303890228271484, 413.6018371582031
3728, -6646.399613380432, 3, 30.79376454800149, 1064, 3352711,                                             1000000, 24.71097755432129, 414.43682861328125
3729, -5185.0800713300705, 3, 25.982825137001782, 900, 3353611,                                             1000000, 25.23282241821289, 413.26593017578125
3730, -5876.425414264202, 3, 32.59334799000135, 1132, 3354743,                                             1000000, 24.914047241210938, 414.312255859375
3731, -5270.5867557525635, 3, 27.959753986000578, 961, 3355704,                                             1000000, 24.647619247436523, 412.8790283203125
3732, -5006.54758143425, 4, 50.02356023899847, 1734, 3357438,                                             1000000, 25.312423706054688, 413.3189392089844
3733, -5024.275920391083, 4, 50.439227983999444, 1760, 3359198,                                             1000000, 24.814762115478516, 413.3550109863281
3734, -4130.141134023666, 3, 18.943485514999338, 654, 3359852,                                             1000000, 25.064456939697266, 414.2472839355469
3735, -5665.58315372467, 3, 22.568406882997806, 782, 3360634,                                             1000000, 24.64655113220215, 413.15277099609375
3736, -5169.9842166900635, 4, 49.64124368799821, 1731, 3362365,                                             1000000, 24.567108154296875, 413.75982666015625
3737, -5300.428980469704, 3, 28.389157727000566, 991, 3363356,                                             1000000, 25.275789260864258, 415.8718566894531
3738, -4273.924113869667, 3, 19.96329696000248, 695, 3364051,                                             1000000, 25.1664981842041, 414.5897521972656
3739, -6175.448232293129, 4, 49.85315149099915, 1735, 3365786,                                             1000000, 24.67923355102539, 414.35369873046875
3740, -7123.402009367943, 4, 49.64998577600272, 1734, 3367520,                                             1000000, 25.125944137573242, 414.322998046875
3741, -5268.534742236137, 3, 21.686374476998026, 748, 3368268,                                             1000000, 25.233379364013672, 414.3660583496094
3742, -5080.423745453358, 3, 25.784816649000277, 903, 3369171,                                             1000000, 25.225976943969727, 415.5378723144531
3743, -5693.763302326202, 3, 22.958285681001144, 801, 3369972,                                             1000000, 24.650875091552734, 413.7982482910156
3744, -6172.2920261621475, 4, 49.83952056600174, 1737, 3371709,                                             1000000, 24.807518005371094, 413.71490478515625
3745, -5529.244049072266, 3, 29.581610130000627, 1024, 3372733,                                             1000000, 24.45833396911621, 413.435302734375
3746, -4460.019736528397, 3, 21.158831821001513, 734, 3373467,                                             1000000, 25.64957046508789, 414.825439453125
3747, -5512.487253785133, 3, 33.19272084499971, 1156, 3374623,                                             1000000, 25.03656005859375, 415.02886962890625
3748, -4872.7050186395645, 2, 23.582910445999005, 817, 3375440,                                             1000000, 24.683441162109375, 413.8695068359375
3749, -5730.23618721962, 4, 49.64467620100186, 1734, 3377174,                                             1000000, 24.858537673950195, 413.0018615722656
3750, -796.0438160896301, 1, 24.759033627000463, 856, 3378030,                                             1000000, 25.27376365661621, 414.7304382324219
3751, -5985.065927922726, 2, 30.911477374000242, 1076, 3379106,                                             1000000, 24.59307861328125, 415.2828063964844
3752, 2325.5806930065155, 1, 4.510427328001242, 148, 3379254,                                             1000000, 23.33965492248535, 412.2600402832031
3753, -1955.0413857400417, 1, 43.228901843998756, 1505, 3380759,                                             1000000, 24.460168838500977, 414.3662414550781
3754, -5832.334907889366, 4, 50.421385000001465, 1750, 3382509,                                             1000000, 24.677627563476562, 415.3191833496094
3755, -6637.536397814751, 4, 50.445300103998306, 1765, 3384274,                                             1000000, 24.402877807617188, 413.935791015625
3756, -5108.21691930294, 3, 24.183565904000716, 843, 3385117,                                             1000000, 24.667146682739258, 414.00982666015625
3757, -5044.082461297512, 3, 26.986048656002822, 941, 3386058,                                             1000000, 24.45521354675293, 412.5491027832031
3758, -4770.441308557987, 3, 23.55761982700278, 810, 3386868,                                             1000000, 23.886735916137695, 412.5290222167969
3759, 705.2897608280182, 1, 19.56596278300276, 683, 3387551,                                             1000000, 24.060264587402344, 412.50787353515625
3760, -8479.8471788764, 3, 47.010694630000216, 1623, 3389174,                                             1000000, 24.43440055847168, 414.0992126464844
3761, -2759.4447088241577, 2, 4.999522280999372, 169, 3389343,                                             1000000, 23.6257381439209, 412.1822204589844
3762, 1539.9202206730843, 1, 9.522034376001102, 326, 3389669,                                             1000000, 24.276559829711914, 413.2301025390625
3763, -10546.552965044975, 4, 49.84843478699986, 1742, 3391411,                                             1000000, 24.33966636657715, 414.12786865234375
3764, -3094.5622284412384, 3, 9.138949253003375, 299, 3391710,                                             1000000, 24.017709732055664, 414.2172546386719
3765, -4123.00560605526, 2, 15.56507415699889, 539, 3392249,                                             1000000, 23.930042266845703, 414.93914794921875
3766, -4949.692380011082, 2, 15.959207244999561, 557, 3392806,                                             1000000, 24.419471740722656, 416.3598327636719
3767, -3967.4392725229263, 2, 12.74941345300249, 437, 3393243,                                             1000000, 24.802907943725586, 410.89501953125
3768, -4559.864702582359, 2, 13.9327395170003, 475, 3393718,                                             1000000, 25.802738189697266, 414.9831237792969
3769, -3161.365511417389, 3, 8.939804628000275, 311, 3394029,                                             1000000, 24.25438690185547, 414.853759765625
3770, -3397.234308063984, 3, 14.149129845998687, 487, 3394516,                                             1000000, 24.912338256835938, 416.9698791503906
3771, 2208.1182311177254, 1, 4.7786200730006385, 157, 3394673,                                             1000000, 24.90776824951172, 416.0624084472656
3772, -3697.1892759799957, 2, 12.935931957999856, 450, 3395123,                                             1000000, 24.817310333251953, 414.6942443847656
3773, -2884.565789461136, 2, 5.531899345998681, 185, 3395308,                                             1000000, 25.070716857910156, 416.358642578125
3774, -2803.7122015953064, 2, 5.328857581000193, 183, 3395491,                                             1000000, 25.6757755279541, 411.79742431640625
3775, -2561.9939746260643, 2, 5.127451192998706, 174, 3395665,                                             1000000, 24.786834716796875, 415.42718505859375
3776, -3382.9581496715546, 3, 13.134417164998013, 452, 3396117,                                             1000000, 25.699169158935547, 416.38470458984375
3777, -3965.181733727455, 2, 14.353308623001794, 498, 3396615,                                             1000000, 25.715782165527344, 416.3962707519531
3778, 1302.0218815803528, 1, 11.740821344999858, 407, 3397022,                                             1000000, 25.202762603759766, 413.6211853027344
3779, 1651.5112742185593, 1, 10.543320444998244, 345, 3397367,                                             1000000, 24.99672508239746, 414.9128112792969
3780, 1117.331395715475, 1, 9.739238779999141, 334, 3397701,                                             1000000, 25.190595626831055, 415.2016296386719
3781, -3157.820701599121, 2, 7.6257425530020555, 257, 3397958,                                             1000000, 25.198305130004883, 415.7734680175781
3782, -3354.3858390450478, 3, 13.353029939000407, 463, 3398421,                                             1000000, 26.345664978027344, 415.9535827636719
3783, 1893.7059390544891, 1, 7.531958348001353, 244, 3398665,                                             1000000, 26.23804473876953, 413.6347351074219
3784, -2581.706255674362, 2, 2.72477873599928, 88, 3398753,                                             1000000, 25.114540100097656, 417.3755798339844
3785, -3264.9180760979652, 2, 13.14823998099746, 453, 3399206,                                             1000000, 24.971641540527344, 415.0544738769531
3786, -3734.547735452652, 2, 16.16385510499822, 564, 3399770,                                             1000000, 26.10824203491211, 417.6385803222656
3787, -3315.0449273586273, 2, 10.525881434001349, 355, 3400125,                                             1000000, 26.566082000732422, 418.6280822753906
3788, -4087.6795058846474, 3, 17.359221557999263, 601, 3400726,                                             1000000, 26.01075553894043, 417.5379333496094
3789, -5264.267124056816, 3, 16.759277371998905, 585, 3401311,                                             1000000, 25.2481632232666, 416.8750305175781
3790, -5237.65167593956, 3, 29.189434633997735, 1006, 3402317,                                             1000000, 25.634220123291016, 416.9646301269531
3791, -5844.179813146591, 3, 26.212850177998916, 897, 3403214,                                             1000000, 25.645605087280273, 417.4938049316406
3792, -5282.594211101532, 3, 30.19028529800198, 1044, 3404258,                                             1000000, 26.208477020263672, 417.67578125
3793, -4641.499078631401, 3, 21.172844001997873, 735, 3404993,                                             1000000, 24.95940399169922, 416.5758972167969
3794, -7016.228683114052, 4, 49.839749965998635, 1728, 3406721,                                             1000000, 25.781362533569336, 417.81011962890625
3795, -4405.936862230301, 3, 21.153151566002634, 721, 3407442,                                             1000000, 25.74628257751465, 416.3689880371094
3796, -5286.227141737938, 3, 28.580983335999917, 990, 3408432,                                             1000000, 25.598098754882812, 416.9273681640625
3797, -5322.042183041573, 3, 29.58668792699973, 1032, 3409464,                                             1000000, 26.00542449951172, 417.5751647949219
3798, -4608.987650513649, 3, 21.970992359001684, 761, 3410225,                                             1000000, 25.976064682006836, 416.306640625
3799, -4385.584269404411, 3, 21.172623148002458, 733, 3410958,                                             1000000, 26.208717346191406, 417.4084167480469
3800, -5445.10492348671, 3, 29.18419311300022, 1006, 3411964,                                             1000000, 25.58161163330078, 416.26739501953125
3801, 544.0008370280266, 1, 21.617798934999882, 741, 3412705,                                             1000000, 25.468210220336914, 416.93084716796875
3802, -3613.4418771266937, 3, 10.124685593000322, 342, 3413047,                                             1000000, 24.938457489013672, 416.08880615234375
3803, -5206.32504928112, 3, 27.79074191700056, 960, 3414007,                                             1000000, 25.6622314453125, 416.4292297363281
3804, 2356.4465592503548, 1, 4.128915055996913, 133, 3414140,                                             1000000, 23.87240219116211, 415.22528076171875
