episode,reward,success,duration,steps,total_steps,memory length,avg_critic_loss,avg_actor_loss
1,-3896.000268161297,2,23.71515816900001,1806,50190,50190,0.0743021294474601,0.0187044627964496
2,-1432.1537341177464,2,24.21769276300006,846,51036,51036,0.4452718496322632,2.583146095275879
3,-2147.153658986092,2,26.92614956400007,949,51985,51985,0.435882419347763,7.208862781524658
4,-1835.714468806982,2,31.747716946999844,1120,53105,53105,0.4308377504348755,12.83154296875
5,-2242.577123999596,2,24.917830160999983,867,53972,53972,0.4580742418766022,18.314756393432617
6,-1550.280317440629,2,39.39356984099982,1367,55339,55339,0.4729823768138885,24.280221939086918
7,-2664.490582585335,4,48.954477077999854,1718,57057,57057,0.5314216017723083,32.250244140625
8,-2338.608019411564,2,36.94083823100004,1262,58319,58319,0.631726861000061,39.58892059326172
9,-2153.4774328768253,2,32.566774172999885,1126,59445,59445,0.714976966381073,45.355716705322266
10,-1842.418797373772,2,28.95585129699998,978,60423,60423,0.8099929690361023,50.4071159362793
11,-1653.6363860666752,2,29.332280929000035,977,61400,61400,0.9162050485610962,54.82540512084961
12,-1537.795251429081,2,27.52108733399996,920,62320,62320,0.9264556169509888,59.04893493652344
13,-1661.8541925102472,2,28.54799895700012,952,63272,63272,1.025843858718872,63.14184188842773
14,-1975.3599027395248,2,26.374504690999856,877,64149,64149,1.0831221342086792,67.30078887939453
15,-1841.670111760497,2,32.92736430299988,1129,65278,65278,1.1836222410202026,71.4854507446289
16,-1692.6093220710754,2,26.952604692000023,918,66196,66196,1.2817004919052124,75.7845687866211
17,-2182.904064446688,2,33.75435182399997,1144,67340,67340,1.3739200830459597,79.53092956542969
18,-3113.2548856139183,4,49.13974830100005,1687,69027,69027,1.4794238805770874,85.38326263427734
19,-2126.76174916327,4,50.17549304499994,1726,70753,70753,1.6326441764831543,91.08686065673828
20,-3031.53605774045,4,50.40075997600002,1742,72495,72495,1.6499630212783811,96.6923599243164
21,-3522.711141228676,4,48.95644658299989,1696,74191,74191,1.7663172483444214,102.3727035522461
22,-1694.408813163638,1,46.371418562000144,1596,75787,75787,1.8375253677368164,107.30303192138672
23,-1870.5321382582188,4,49.96817643700024,1631,77418,77418,1.931577563285828,111.67765808105467
24,-1350.591952830553,4,49.5779720569999,1687,79105,79105,2.113621234893799,115.51396942138672
25,-2369.8860932588577,4,49.97781935000012,1700,80805,80805,2.1308844089508057,120.08275604248048
26,59.8023961186409,1,2.305387668000094,71,80876,80876,2.205512523651123,122.16128540039062
27,-1744.4298017472029,4,49.36984449900001,1686,82562,82562,2.157366752624512,123.90931701660156
28,-2053.116329908371,4,49.80856938500028,1694,84256,84256,2.293929100036621,127.50934600830078
29,-2145.1785728633404,4,49.12130364299992,1606,85862,85862,2.309389114379883,130.71435546875
30,-2021.64244890213,4,49.38079820600024,1664,87526,87526,2.305314779281616,133.4915771484375
31,-2167.9875953495502,4,49.16386788099999,1639,89165,89165,2.4046285152435303,136.49366760253906
32,-2443.863420665264,4,49.38140255799999,1657,90822,90822,2.5129663944244385,140.15675354003906
33,-1335.1280075609684,1,48.36151764599981,1619,92441,92441,2.4824881553649902,142.75302124023438
34,-1410.8708525002005,4,50.78439933400023,1666,94107,94107,2.468327283859253,144.69876098632812
35,-1738.416621029377,4,49.1608496519998,1632,95739,95739,2.605484962463379,146.95046997070312
36,-179.13344463706017,1,17.14324484000008,555,96294,96294,2.62201189994812,148.32574462890625
37,-1599.2195853590963,4,49.55572874600011,1619,97913,97913,2.5500259399414062,148.98355102539062
38,-2032.4067124724388,4,49.361872890000086,1574,99487,99487,2.6645452976226807,151.4855499267578
39,55.64819061756134,1,3.530604766000124,93,99580,99580,2.7848381996154785,154.47962951660156
40,-1452.6149310171604,4,50.32883225199976,1421,101001,101001,2.6319284439086914,153.199951171875
41,-1037.8688661456108,4,49.83364719199972,1333,102334,102334,2.7452235221862797,153.9278106689453
42,-1250.244576737285,4,49.57329967499982,1221,103555,103555,2.706594944000244,155.1807403564453
43,-1392.1484154760838,4,49.579190285000095,1212,104767,104767,2.786251306533813,156.4468231201172
44,-211.3018520474434,1,30.092598865000127,730,105497,105497,2.6972479820251465,157.18870544433594
45,-273.5444203019142,1,30.583180399999947,746,106243,106243,2.633993148803711,156.71224975585938
46,-894.2252041399479,4,50.34351076400026,1235,107478,107478,2.8741323947906494,157.5615234375
47,-1594.2934743762016,4,49.56708142900016,1220,108698,108698,2.7332444190979004,158.3578338623047
48,-163.66665124893188,1,26.731166347,652,109350,109350,2.7710864543914795,159.14547729492188
49,-1085.0356062203646,4,49.78383405600016,1230,110580,110580,2.8673741817474365,159.6981658935547
50,-1818.7782938927407,4,49.36386790100005,1212,111792,111792,2.838937997817993,160.7423858642578
51,-1380.972156405449,4,50.2119541420002,1237,113029,113029,2.916844606399536,161.2072296142578
52,-1145.8607099056244,4,49.39791062299992,1224,114253,114253,2.8468897342681885,161.8081512451172
53,-1176.816453948617,4,49.34305539199977,1206,115459,115459,2.8237054347991943,162.3396759033203
54,-1347.6008309423923,4,50.37019157900022,1242,116701,116701,2.9317002296447754,163.02342224121094
55,-1571.8131877481935,4,49.34403213899986,1204,117905,117905,2.840328931808472,163.43997192382812
56,-1419.3639718592167,4,50.40164558100014,1241,119146,119146,2.9147257804870605,163.8212432861328
57,-971.8377566933632,4,49.928650041999845,1228,120374,120374,2.8230106830596924,163.7859344482422
58,-1382.3185991942885,4,50.5809353059999,1246,121620,121620,2.8928470611572266,164.99188232421875
59,-1019.4066407084464,4,49.385758979,1178,122798,122798,2.9194371700286865,164.84397888183594
60,-1204.6125291138887,4,49.162861338999846,1211,124009,124009,2.876175880432129,165.15228271484375
61,-1102.9649506360292,4,49.40541304999988,1216,125225,125225,2.862231492996216,165.33607482910156
62,-1083.5894050896168,4,49.34610746899989,1211,126436,126436,2.893970727920532,165.57467651367188
63,-1008.9612762480974,4,50.390252362999945,1248,127684,127684,3.071676254272461,166.01126098632812
64,-1122.624654904008,4,49.153985191000174,1201,128885,128885,2.9614458084106445,165.39646911621094
65,-1229.8786476552486,4,49.56785755400006,1219,130104,130104,2.8155531883239746,165.04974365234375
66,-627.9647451043129,1,37.55238044500038,926,131030,131030,2.985687255859375,165.91163635253906
67,-1054.1988661587238,4,49.97803108700009,1230,132260,132260,2.9441611766815186,165.24639892578125
68,-683.7713718116283,1,37.563968724000006,996,133256,133256,3.0400850772857666,165.4499969482422
69,-1208.2317791879177,4,49.74631210200005,1536,134792,134792,2.891334295272827,164.73907470703125
70,-223.2886722534895,1,22.143370631000835,698,135490,135490,2.99163031578064,164.57803344726562
71,-414.94092684984207,1,37.14161546700052,1024,136514,136514,2.948771476745605,164.3048095703125
72,-112.6701564192772,1,16.9608152790006,414,136928,136928,2.965857982635498,163.4944305419922
73,-422.7723246812821,1,44.92025670900057,1098,138026,138026,2.920194625854492,163.2851104736328
74,-219.04991218447685,1,30.194949480000105,740,138766,138766,3.0044782161712646,163.2386474609375
75,-420.3065201938152,1,45.32962372200018,1081,139847,139847,2.8507158756256104,163.03558349609375
76,-1300.5279237180948,4,49.56139232900023,1253,141100,141100,2.8870060443878174,162.7038116455078
77,-557.0066689997911,1,36.74335336700005,895,141995,141995,2.9030568599700928,162.69061279296875
78,-1204.0757974684238,4,49.79983898699993,1224,143219,143219,2.850464105606079,162.12881469726562
79,-1096.379714369774,4,49.5482128499998,1206,144425,144425,2.851956605911255,162.15884399414062
80,-746.7811686694622,1,46.751653137000176,1139,145564,145564,3.068796157836914,161.94021606445312
81,-1002.719549521804,4,49.81312923600035,1219,146783,146783,3.006299495697021,162.3164825439453
82,-1159.17640671134,4,49.36561988999984,1197,147980,147980,2.99830961227417,161.65992736816406
83,-1008.9168562591076,4,49.572536682000646,1213,149193,149193,2.847353219985962,160.95904541015625
84,-932.386855110526,4,49.17437122299998,1191,150384,150384,2.867324113845825,160.9173126220703
85,-1031.454503595829,4,49.37799983000059,1203,151587,151587,2.8269832134246826,160.5278778076172
86,-90.09887389838696,1,17.4776513730003,421,152008,152008,2.761171102523804,160.5511932373047
87,-702.6901580840349,4,50.21411092899962,1227,153235,153235,2.7865195274353027,160.03514099121094
88,-1077.4884974956512,4,49.34135106699978,1207,154442,154442,2.974388837814331,159.82005310058594
89,-315.2981316745281,1,28.52666996700009,792,155234,155234,2.67704176902771,159.73399353027344
90,-343.8696959018707,1,31.534510934000537,954,156188,156188,2.8185038566589355,160.05538940429688
91,-1316.639884993434,4,50.03669708100006,1553,157741,157741,2.818245887756348,159.2931671142578
92,-1498.1599285155537,4,49.35918112299987,1523,159264,159264,2.8022806644439697,159.0428466796875
93,14.121522158384323,1,5.537758579000183,173,159437,159437,2.915304660797119,158.9961700439453
94,-977.41969537735,1,44.34592994000013,1373,160810,160810,2.7964236736297607,158.39244079589844
95,-897.8347464799881,4,49.75890372100002,1526,162336,162336,2.9620180130004883,158.04568481445312
96,-773.7576348781586,1,40.163762856000176,1229,163565,163565,2.912057638168335,157.94630432128906
97,-1063.71901845932,4,49.14949552899998,1514,165079,165079,2.777345657348633,157.77134704589844
98,-1310.53987506032,4,49.599456564999855,1534,166613,166613,2.7875959873199463,157.0869140625
99,-1721.1438721120358,4,49.54536767599984,1523,168136,168136,2.834439992904663,156.94590759277344
100,-1446.6155819445848,4,49.97334383999987,1539,169675,169675,2.7891769409179688,156.19110107421875
101,-1912.9916339814663,4,49.53207242099961,1510,171185,171185,2.9101831912994385,156.41079711914062
102,-1715.0685079544785,4,49.81274703399959,1541,172726,172726,2.8185763359069824,156.34703063964844
103,-2676.0960213541985,4,49.35295040500023,1535,174261,174261,2.9533915519714355,156.28334045410156
104,-303.8596491590142,1,25.938010947999828,808,175069,175069,2.881986618041992,156.48989868164062
105,-919.003872320056,4,49.95387760100039,1531,176600,176600,2.819431066513061,156.0406951904297
106,-1690.021284803748,4,49.99567324799955,1558,178158,178158,2.917872190475464,155.94497680664062
107,-2104.849029928446,4,49.34879494500001,1517,179675,179675,2.848102331161499,155.455078125
108,86.05280582606792,1,1.117468249999547,30,179705,179705,3.208247184753418,155.56466674804688
109,-2028.385593533516,2,39.16203816600046,1209,180914,180914,2.90390944480896,156.54998779296875
110,-1987.014874085784,4,49.55043937099981,1515,182429,182429,2.8519515991210938,156.99940490722656
111,-2425.4068447053432,4,50.05964476400004,1556,183985,183985,3.0464584827423096,157.65174865722656
112,-552.0360851585865,1,32.54528817699975,1001,184986,184986,2.9843337535858154,156.8960723876953
113,-570.2965560853481,1,46.73292461599976,1426,186412,186412,2.986124277114868,156.507080078125
114,-896.2032326757908,4,49.39803055500033,1513,187925,187925,2.9778199195861816,155.95375061035156
115,-136.77602624893188,1,19.100669036,578,188503,188503,3.0042412281036377,155.79994201660156
116,-589.2107274532318,1,39.77162187500016,1216,189719,189719,2.844655990600586,154.7602996826172
117,-407.8942893445492,1,31.32859198700044,949,190668,190668,2.9470973014831543,154.54058837890625
118,-1051.033302679658,4,49.58284646799984,1516,192184,192184,2.843057155609131,154.3017120361328
119,-3155.376052558422,4,49.17414763900069,1506,193690,193690,2.909043550491333,154.50169372558594
120,-1294.7870209813118,4,49.342956364999736,1486,195176,195176,2.981658935546875,154.3890838623047
121,-1395.622401997447,4,50.240201187999446,1541,196717,196717,2.988992214202881,154.1272430419922
122,-1134.0056001544,4,48.9644933540003,1223,197940,197940,3.015022754669189,154.45338439941406
123,-839.5874685794115,4,49.203789641000185,1181,199121,199121,3.088569402694702,154.03733825683594
124,-764.622164696455,4,49.92376094599968,1217,200338,200338,2.817548990249634,152.99253845214844
125,-37.86618506908417,1,15.945003147000534,390,200728,200728,2.972175121307373,153.2605438232422
126,-263.4222229421139,1,32.3287205229999,769,201497,201497,2.9660861492156982,152.65182495117188
127,-302.54739178717136,1,32.751763790999576,790,202287,202287,2.911320686340332,152.57000732421875
128,-683.3553515970707,4,50.23001737600043,1200,203487,203487,2.8917076587677,151.82992553710938
129,-451.0951226949692,1,37.90788580699973,921,204408,204408,2.811957597732544,151.7749786376953
130,-212.8995443880558,1,30.15151533700009,731,205139,205139,2.88941502571106,151.95404052734375
131,-308.1588319838047,1,34.96513110500018,856,205995,205995,2.8668508529663086,151.08653259277344
132,-707.2105793952942,4,50.34487628399984,1213,207208,207208,2.978203773498535,150.552978515625
133,-455.0257002860308,1,36.98787096600063,893,208101,208101,2.8442461490631104,150.50738525390625
134,-1319.6709270477295,4,49.74665841600017,1269,209370,209370,2.869155168533325,150.14962768554688
135,-963.8486113250256,4,50.1880838369998,1275,210645,210645,2.771045923233032,149.22743225097656
136,-1154.825482338667,4,49.5548296879997,1411,212056,212056,2.8219070434570312,148.90219116210938
137,-52.5260606110096,1,15.741482143999749,395,212451,212451,2.839609146118164,148.82408142089844
138,-152.3717606663704,1,23.09122958900025,545,212996,212996,2.849049568176269,148.08917236328125
139,-334.0104420632124,1,41.97680153400052,1011,214007,214007,2.777493953704834,148.18067932128906
140,-132.82449251413345,1,26.098373496000026,567,214574,214574,2.7800211906433105,146.63058471679688
141,-759.6815688163042,4,49.71978846999991,1207,215781,215781,2.6818766593933105,147.12130737304688
142,-1310.0782219171524,4,50.00318220899953,1486,217267,217267,2.8706743717193604,146.58033752441406
143,-521.2540811747313,1,32.34605613799977,968,218235,218235,2.840553998947144,146.48622131347656
144,-1225.0823038816452,4,48.955596157999935,1481,219716,219716,2.724628448486328,145.8520050048828
145,-1261.5677054226398,4,49.54508279299989,1501,221217,221217,2.734621047973633,145.2821807861328
146,-165.59646853804588,1,18.561711458999525,562,221779,221779,2.737923622131348,145.2214813232422
147,-489.9931285977364,1,41.55236232900006,1248,223027,223027,2.6923153400421143,144.37391662597656
148,-1090.297713637352,4,49.80271136200008,1506,224533,224533,2.6355130672454834,143.54916381835938
149,-124.22920975089072,1,17.878626857999734,533,225066,225066,2.630099058151245,143.15792846679688
150,-312.6424990147352,1,28.38882027300042,860,225926,225926,2.6377341747283936,143.12408447265625
151,-334.4470739364624,1,30.111626027000057,896,226822,226822,2.6497037410736084,142.4564208984375
152,-662.0907014608383,1,46.96682864700051,1429,228251,228251,2.7797787189483643,142.75294494628906
153,-365.7575952857733,1,33.535525583999515,1010,229261,229261,2.7340033054351807,141.9410858154297
154,-1534.7451856434343,4,49.59976892299983,1489,230750,230750,2.7868802547454834,141.9411163330078
155,-360.6743160486221,1,28.00406214100076,839,231589,231589,2.6148464679718018,141.1298370361328
156,-1846.3293646425009,4,49.66324218400041,1491,233080,233080,2.6129794120788574,140.7927703857422
157,-670.2803635150194,1,34.96154560599916,1050,234130,234130,2.583857536315918,140.11697387695312
158,-550.4463932514191,1,40.581596282000646,1206,235336,235336,2.6317906379699707,140.2306365966797
159,-641.8173947036266,1,41.3367527649998,1239,236575,236575,2.548890829086304,140.00697326660156
160,-225.42378289997575,1,25.162685677999438,746,237321,237321,2.55627965927124,139.7111053466797
161,-1119.120142325759,4,48.97698198099988,1477,238798,238798,2.554417610168457,138.772216796875
162,-1248.8272565603256,4,49.57221771600052,1486,240284,240284,2.645427703857422,138.4924774169922
163,-36.942785903811455,1,11.729339285000606,285,240569,240569,2.569103240966797,138.56553649902344
164,-322.65554724633694,1,31.877131066999937,899,241468,241468,2.4383137226104736,137.43670654296875
165,-599.1102861911058,1,48.98446365500058,1443,242911,242911,2.535923957824707,137.04458618164062
166,-1107.7708401829004,4,49.566148515999885,1454,244365,244365,2.615115165710449,136.65652465820312
167,-1321.1860147416592,4,49.532846197000254,1457,245822,245822,2.455899953842163,136.3820343017578
168,-97.99210199713708,1,13.743910565999611,407,246229,246229,2.4427876472473145,135.99147033691406
169,-584.1775750815868,1,33.728914497000005,984,247213,247213,2.522356986999512,136.28855895996094
170,-1289.2134456932545,4,49.58656940900073,1457,248670,248670,2.384782314300537,135.24240112304688
171,-240.77779340744016,1,23.129950259000907,690,249360,249360,2.34368109703064,134.10922241210938
172,-375.3875683695078,1,37.68277058199965,1088,250448,250448,2.412998914718628,134.3670654296875
173,-542.8423251956701,1,44.80304431300101,1324,251772,251772,2.3897058963775635,134.16061401367188
174,-355.44006684422493,1,31.932183814000386,940,252712,252712,2.449862241744995,133.4103240966797
175,-1232.6709791868925,4,49.15573975099869,1448,254160,254160,2.4562222957611084,133.2301483154297
176,66.99604439735413,1,2.721294492001107,78,254238,254238,2.45394229888916,132.6533203125
177,-270.9944072812796,1,26.95760449699992,779,255017,255017,2.486572742462158,133.57650756835938
178,-1014.4880983233452,4,49.53741512300076,1468,256485,256485,2.376652717590332,132.5702362060547
179,-79.57401484251022,1,15.099803514998712,436,256921,256921,2.355010509490967,132.8643341064453
180,-1014.5301091372968,4,49.79251482600012,1452,258373,258373,2.321725368499756,131.50132751464844
181,-120.93870747089386,1,15.916821513001196,467,258840,258840,2.2549145221710205,131.7630615234375
182,-453.7602750062943,1,27.383667124999192,808,259648,259648,2.3420891761779785,131.24807739257812
183,-201.5149339735508,1,21.075933191999862,609,260257,260257,2.3117926120758057,130.95217895507812
184,-976.9574531465768,4,49.777182579999135,1192,261449,261449,2.3806309700012207,130.85984802246094
185,-456.2608308792114,1,37.73819122399982,839,262288,262288,2.450978994369507,130.562744140625
186,-690.8171188533306,4,49.991853862000426,1140,263428,263428,2.345184326171875,130.73989868164062
187,-1222.5751678943634,4,49.15843902900088,1339,264767,264767,2.307997226715088,129.82286071777344
188,-272.93428471684456,1,26.1000359640002,721,265488,265488,2.224083423614502,129.39617919921875
189,-791.1842949688435,4,49.788293812998745,1371,266859,266859,2.2516679763793945,129.31329345703125
190,-178.97197411954403,1,20.903533357000924,604,267463,267463,2.359219789505005,128.9833984375
191,-474.6206442117691,1,43.81834749599875,1178,268641,268641,2.30006742477417,128.3727264404297
192,-172.49848486483097,1,21.70202277200042,546,269187,269187,2.260824918746948,128.2058868408203
193,-481.2255116701126,1,32.17027848399994,909,270096,270096,2.2812020778656006,127.96383666992188
194,-467.9256889522076,1,39.73134139399917,1125,271221,271221,2.287691831588745,127.3987808227539
195,-1106.6434651613235,4,50.54235915299978,1456,272677,272677,2.2474634647369385,126.959716796875
196,-995.6761780530214,4,49.17159302000073,1208,273885,273885,2.302919149398804,127.42135620117188
197,-52.26777184009552,1,9.94072229899939,247,274132,274132,2.300379037857056,126.26146697998048
198,-279.488919660449,1,32.9149673439988,810,274942,274942,2.2603015899658203,126.3838348388672
199,-383.09231516718864,1,34.36942195700067,848,275790,275790,2.17446517944336,126.60173034667967
200,-923.3707170635462,4,49.94335072700051,1177,276967,276967,2.350823163986206,126.2372055053711
201,-196.07927045226097,1,23.441549049999598,590,277557,277557,2.379477262496948,126.18307495117188
202,-1840.4958108216524,4,50.29066417300001,1407,278433,278433,2.352770566940308,125.1937484741211
203,-402.034086227417,1,43.76315499799966,1094,279409,279409,2.333818197250366,125.53893280029295
204,-263.0902237147093,1,31.755428383001345,781,280190,280190,2.2655038833618164,124.91307067871094
205,-384.3453103750944,1,35.52065906700045,884,281074,281074,2.239227771759033,124.9531707763672
206,-356.37170672416687,1,36.77059326400013,905,281979,281979,2.210639715194702,124.72894287109376
207,-231.2741781771183,1,19.29417766799997,549,283071,283071,2.2539403438568115,125.48307800292967
208,-728.1816620081663,4,49.16926299199986,1218,284263,284263,2.3245739936828613,124.41075134277344
209,-178.3591504395008,1,26.28508797500035,646,284909,284909,2.2423694133758545,124.57447052001952
210,-263.4502727240324,1,34.98092379099944,851,285760,285760,2.2390408515930176,123.827880859375
211,-254.3893696665764,1,35.95392039100079,879,286639,286639,2.122728109359741,123.13250732421876
212,-390.11333110928535,1,35.14651993099994,1002,287273,287273,2.278750419616699,123.58712768554688
213,-305.56670984625816,1,29.34150802100009,845,288118,288118,2.169661283493042,122.9344711303711
214,-871.2654286921024,4,50.37314679400004,1437,289555,289555,2.2764837741851807,123.1399154663086
215,-1176.2918018102646,4,49.18890193799996,1418,290973,290973,2.2393157482147217,123.06954956054688
216,-173.55982001125813,1,21.726044241999944,623,291596,291596,2.2789525985717773,122.71428680419922
217,-260.581868737936,1,32.74367795299986,805,290419,290419,2.147036075592041,122.02467346191406
218,-271.0305054783821,1,33.54321262200028,829,291248,291248,2.163785696029663,122.2695770263672
219,-227.4696910381317,1,34.35222160500052,829,292077,292077,2.273263692855835,121.3857421875
220,-312.7495419085026,1,41.17144706900035,981,293058,293058,2.2628095149993896,121.52224731445312
221,-307.13813154399395,1,38.17007313199974,928,293986,293986,2.209185838699341,121.1526107788086
222,-208.12679688632488,1,32.5245783090013,733,294719,294719,2.129223585128784,121.07284545898438
223,-202.03217989206317,1,25.74849032499992,708,297451,297451,2.196481704711914,120.32374572753906
224,-392.28295040130615,1,42.58060981400013,977,296373,296373,2.2711668014526367,120.62261199951172
225,-533.2973858714104,1,49.39157727100064,1193,297566,297566,2.3749029636383057,120.72675323486328
226,-510.0015481412411,1,49.34028846299952,1302,298868,298868,2.183047294616699,119.85474395751952
227,-297.11851593852043,1,25.331786254999315,776,299644,299644,2.0940256118774414,119.29899597167967
228,-1355.7762274444103,4,50.81639908199941,1516,301160,301160,2.2790236473083496,119.2035675048828
229,-261.91678316891193,1,31.739474941000022,895,303891,303891,2.2304983139038086,119.44438934326172
230,-481.74118052423,1,43.98320510400117,1265,303112,303112,2.2166860103607178,118.8697509765625
231,-303.3164115846157,1,30.9458433230011,904,304016,304016,2.233314275741577,118.3656997680664
232,-1222.1584203988314,4,49.52792922999993,1384,307441,307441,2.2791099548339844,118.95874786376952
233,-486.690533682704,1,35.944216128000335,1098,306099,306099,2.1292412281036377,118.1028289794922
234,-191.38038285076615,1,21.28182307800012,595,308445,308445,2.0993306636810303,118.327392578125
235,-911.8553996682168,4,49.18535473100019,1277,308607,308607,2.1414506435394287,117.7394027709961
236,-32.80239227414131,1,14.88286158899973,334,308941,308941,2.206051826477051,117.4016571044922
237,-575.784106940031,1,48.83405670899992,1157,310098,310098,2.246699094772339,117.09480285644533
238,-995.7071752995251,4,49.98137893000012,1398,312343,312343,2.1917028427124023,117.59329986572266
239,-184.6888688057661,1,22.94747869300045,550,311840,311840,2.154648780822754,117.00709533691406
240,-377.51234290003777,1,36.958343197999966,1032,314668,314668,2.2138373851776123,117.14720916748048
241,-240.1362737417221,1,36.362035575000846,759,313387,313387,2.163756847381592,116.93296813964844
242,-388.4963575750589,1,42.5561050819997,1032,314419,314419,2.2807061672210693,116.56449127197266
243,-320.6751793920994,1,43.958774906001054,1077,315496,315496,2.1099448204040527,115.94202423095705
244,-1034.048526957631,4,50.15398590500013,1398,319918,319918,2.1180548667907715,115.82271575927734
245,-59.28662967681885,1,19.699542905998896,433,317164,317164,2.071303129196167,114.8995590209961
246,-261.6197690963745,1,39.36802289700063,891,318055,318055,2.104990005493164,115.44043731689452
247,-187.25392213463783,1,22.113641594,609,321678,321678,2.0594613552093506,114.9189224243164
248,-435.33261528611183,1,38.96186701999977,1103,319828,319828,2.1513381004333496,114.99211883544922
249,-860.2225597947836,1,47.15872397399994,1306,324103,324103,2.1284964084625244,115.00556182861328
250,-793.0221600830555,1,46.77763345700009,1304,325407,325407,2.047104835510254,115.13644409179688
251,-146.6618286073208,1,20.14196912200009,546,325953,325953,2.103534460067749,114.65925598144533
252,-134.54257199168205,1,18.559963611000057,512,326465,326465,1.9864712953567505,113.88164520263672
253,-170.9296293258667,1,19.70641028599971,533,326998,326998,2.0985705852508545,114.72349548339844
254,-365.3299839794636,1,33.53608282899995,943,327941,327941,2.017800807952881,113.88540649414062
255,-1153.8515102267263,4,49.55407404499965,1372,329313,329313,2.1341826915740967,113.47892761230467
256,-1172.944070905447,4,50.025786143000005,1420,330733,330733,2.0339484214782715,113.74368286132812
257,-53.55495868623257,1,15.10474276199966,401,331134,331134,1.998827338218689,113.7706527709961
258,-319.9039753675461,1,37.748973965000005,1037,332171,332171,2.0401716232299805,113.82034301757812
259,-127.60236144065856,1,20.119210074999955,551,332722,332722,2.188904047012329,113.6799545288086
260,-902.4211623072624,4,49.56951296099987,1370,334092,334092,2.1106905937194824,113.25814056396484
261,-718.8865843117237,1,42.1992547169998,1165,335257,335257,2.0807886123657227,113.758544921875
262,-207.35113042593,1,24.156917326999974,607,335864,335864,1.9448907375335691,112.89225006103516
263,-259.32269769907,1,22.886773907000133,618,336482,336482,1.998155117034912,112.44556427001952
264,-212.62399280071256,1,24.904066740000417,664,337146,337146,1.9437226057052608,112.60987854003906
265,-493.068300396204,1,44.609722702,1205,338351,338351,1.985235452651977,112.01271057128906
266,-964.3109898716212,4,48.92924503499989,1316,339667,339667,2.067265748977661,112.18673706054688
267,-371.1367417871952,1,30.332735875999788,802,340469,340469,1.9748728275299072,112.08441925048828
268,-429.2325340211392,1,40.35972070399976,1085,341554,341554,2.0361790657043457,112.13983917236328
269,-993.088699951768,4,49.37608474400031,1321,342875,342875,2.0131654739379883,112.05052185058594
270,-111.0753240287304,1,18.515558945000063,496,343371,343371,2.06853985786438,111.89581298828124
271,-189.2518250644207,1,17.16209396899967,459,343830,343830,2.0664048194885254,111.22161865234376
272,-172.55957080423832,1,23.980187253000167,615,344445,344445,1.924553155899048,111.43744659423828
273,-130.8208630979061,1,23.26630866200003,600,345045,345045,2.0378835201263428,111.34391784667967
274,-136.8515980243683,1,23.155529176000076,593,345638,345638,1.9678858518600464,110.81295013427734
275,-854.1062035411596,4,50.3675971470002,1349,346987,346987,1.969511032104492,111.23070526123048
276,-563.4553789794445,1,37.55098319700028,1002,347989,347989,1.9352025985717771,110.55281829833984
277,-335.1090983152389,1,38.52373598000031,1022,349011,349011,2.004498243331909,110.84768676757812
278,-258.9755532592535,1,31.755918993999785,844,349855,349855,1.9811800718307493,111.1486587524414
279,-879.3020216077566,4,49.60596318399985,1320,351175,351175,2.010136842727661,110.63191223144533
280,-94.15892025828362,1,20.91639652799995,546,351721,351721,2.024543046951294,110.88040924072266
281,-313.2183013856411,1,27.78718592199993,735,352456,352456,1.960817575454712,110.31909942626952
282,-369.897274762392,1,31.88041750499997,806,353262,353262,2.021881580352783,109.93900299072266
283,-134.44466689229012,1,14.94187245699959,391,353653,353653,2.092564821243286,110.12745666503906
284,-397.7666098028421,1,29.72279881600025,792,354445,354445,1.9606637954711916,109.62449645996094
285,-319.4692166149616,1,28.134557704000144,759,355204,355204,1.987055778503418,109.6020736694336
286,-864.2416036725044,4,49.77682081600005,1316,356520,356520,1.9899805784225464,109.3244171142578
287,-50.31212219595909,1,15.337543561000077,387,356907,356907,2.0734212398529053,109.01834106445312
288,-395.6639752686024,1,41.29657934499983,1093,358000,358000,2.045393705368042,109.41730499267578
289,-499.3530296385288,1,37.75675288899993,1001,359001,359001,1.973010778427124,108.75237274169922
290,-270.03364926576614,1,33.18431348199965,862,359863,359863,2.0386950969696045,108.50202178955078
291,-152.12419678270817,1,22.121098130000064,556,360419,360419,1.8899129629135127,108.85267639160156
292,-238.2903876900673,1,24.16127158000017,632,361051,361051,2.083172082901001,108.54518127441406
293,-281.63757371902466,1,30.083666283000184,791,361842,361842,1.982835054397583,108.16446685791016
294,-305.1960815191269,1,34.747720156000014,911,362753,362753,1.914205551147461,108.20240783691406
295,-762.6658578366041,4,49.16911671099979,1307,364060,364060,1.940058350563049,107.57222747802734
296,-113.4354688078165,1,19.1253232439999,505,364565,364565,1.9022446870803835,107.68060302734376
297,-203.3475671261549,1,30.3245264899997,814,365379,365379,1.9066466093063357,107.91705322265624
298,-224.90173937380317,1,37.20556613999997,891,366270,366270,1.9616987705230715,107.58465576171876
299,-156.6039893478155,1,25.09857157900024,560,366830,366830,1.921787977218628,107.4095458984375
300,-276.2685183286667,1,36.53549076100035,850,367680,367680,2.038904190063477,106.85035705566406
301,-264.6589946746826,1,30.53761595800006,743,368423,368423,1.96948504447937,106.9288330078125
302,-259.8474431335926,1,30.1739762469997,783,369206,369206,2.0298092365264893,107.2930145263672
303,-335.49775283038616,1,29.28737795500001,738,369944,369944,1.9611663818359373,106.56326293945312
304,-312.0604463368654,1,31.97895148700036,825,370769,370769,1.9426727294921875,106.52674102783205
305,-122.2242991924286,1,22.97243401300011,573,371342,371342,1.83953869342804,106.6984405517578
306,-407.5341823101044,1,37.22088211600021,966,372308,372308,1.810893416404724,106.38434600830078
307,-140.77394032478333,1,16.5576583940001,439,372747,372747,1.897995948791504,106.95193481445312
308,-119.05834451317789,1,21.10560105599961,510,373257,373257,1.8839765787124636,106.36659240722656
309,-113.73437112569808,1,19.96876941600021,497,373754,373754,1.943920016288757,106.54776000976562
310,-122.8458263128996,1,18.674171934999777,490,374244,374244,1.8700776100158687,106.03941345214844
311,-153.19454057514668,1,18.544221179000036,473,374717,374717,1.8627961874008176,105.60588073730467
312,-199.7401993796229,1,27.385545456999807,720,375437,375437,1.8475404977798464,106.0199737548828
313,-198.36065644025803,1,22.68439903799981,591,376028,376028,1.8807802200317385,106.22391510009766
314,-112.73641887307168,1,20.92662372399991,542,376570,376570,1.9057554006576536,105.36898040771484
315,-231.96401254832745,1,31.931257103000007,822,377392,377392,1.797113060951233,105.38497924804688
316,-175.02606305480003,1,24.533562859000085,628,378020,378020,1.9897785186767576,104.82656860351562
317,-322.1715292185545,1,38.39064398900018,990,379010,379010,1.9013630151748655,105.24317169189452
318,-209.23371875286105,1,20.911402719000307,520,379530,379530,1.8762129545211792,105.0082550048828
319,-268.64759750664234,1,34.5787552390002,890,380420,380420,1.8087095022201536,104.71456909179688
320,-207.3322859480977,1,33.68906436799989,830,381250,381250,1.962158441543579,105.37628936767578
321,-262.4617917537689,1,36.54889011399973,953,382203,382203,1.886851191520691,104.7841339111328
322,-155.56522484123707,1,27.144268546000603,695,382898,382898,1.888066649436951,104.7576904296875
323,-150.27285119891167,1,21.35313521199987,550,383448,383448,1.933316707611084,104.37355041503906
324,-173.49503272771835,1,15.868080831000045,400,383848,383848,1.839870810508728,104.25700378417967
325,-153.4793693125248,1,24.126688130999355,622,384470,384470,1.8899973630905151,104.58505249023438
326,-96.19186478853226,1,21.97116361799999,563,385033,385033,1.9176695346832275,104.34709930419922
327,-154.46266900002956,1,21.35169883799972,533,385566,385566,1.881792426109314,103.86443328857422
328,-309.62334240973,1,33.196602557000006,811,386377,386377,1.8942821025848389,104.04109191894533
329,-145.07014329731464,1,26.98704957999962,668,387045,387045,1.848498106002808,103.70832061767578
330,-209.0398365706205,1,28.294008644000314,702,387747,387747,1.93715500831604,103.65753173828124
331,-240.73405441641808,1,26.80150673299977,691,388438,388438,1.8464664220809937,103.2234878540039
332,-132.1620070040226,1,24.914787551999325,647,389085,389085,1.9171608686447144,103.9862823486328
333,-168.5053088068962,1,19.706727656000112,491,389576,389576,1.8399733304977417,103.01940155029295
334,-301.97719487547874,1,31.731265907000303,808,390384,390384,1.874812722206116,103.222900390625
335,-226.6340763270855,1,26.33675866700014,665,391049,391049,1.743363380432129,102.7201156616211
336,-294.0485962331295,1,32.94811653399938,832,391881,391881,1.797734022140503,102.66847229003906
337,-144.59158776700497,1,25.579656433999844,657,392538,392538,1.9076865911483765,103.79817199707033
338,-199.0958160161972,1,27.71124976400006,702,393240,393240,1.921921133995056,102.82262420654295
339,-164.27468582987785,1,23.493918041000143,600,393840,393840,1.90032958984375,103.2582778930664
340,-258.54440954327583,1,22.53036634,578,394418,394418,1.902133584022522,102.83446502685548
341,-228.8194086253643,1,29.559319856999537,757,395175,395175,1.8572640419006348,102.71469116210938
342,-42.559306770563126,1,11.316813424999964,282,395457,395457,1.811506986618042,102.95100402832033
343,-297.1891503185034,1,35.1441001459998,902,396359,396359,1.835265040397644,102.70858001708984
344,-85.30888159573078,1,15.503802920999988,391,396750,396750,2.0028209686279297,102.0824737548828
345,-269.9162160754204,1,35.94814672300072,908,397658,397658,1.8649226427078247,102.17607879638672
346,-189.0736492574215,1,27.34299098199972,710,398368,398368,1.9179116487503047,101.6805648803711
347,-75.81566083431244,1,13.129641135000384,333,398701,398701,1.8728338479995728,102.01939392089844
348,-248.8676333427429,1,25.104027216999384,647,399348,399348,1.874542236328125,101.96183013916016
349,-124.94643524289133,1,14.53582226799972,367,399715,399715,1.779857516288757,101.66254425048828
350,-125.842062830925,1,24.101346654000736,613,400328,400328,1.874502182006836,101.6964111328125
351,-199.17744773626328,1,30.777389588000005,777,401105,401105,1.8008801937103271,101.96198272705078
352,-131.90517546236515,1,23.3058828330004,553,401658,401658,1.8376269340515137,101.767578125
353,-183.5901561677456,1,20.09469702799925,514,402172,402172,1.8277995586395264,101.23384857177734
354,-201.71618612110612,1,21.17010827299964,539,402711,402711,1.8569566011428835,101.68640899658205
355,-192.65288797020912,1,29.518954397000016,741,403452,403452,1.7960697412490845,101.44153594970705
356,-245.79938964545727,1,30.9934816949999,760,404212,404212,1.8136976957321167,100.9592514038086
357,-249.37294393777847,1,38.114375189000384,964,405176,405176,1.8251817226409912,100.7471923828125
358,-186.7082847505808,1,22.34463229300036,573,405749,405749,1.782906413078308,100.82775115966795
359,-191.1539524793625,1,31.9125969630004,802,406551,406551,1.9295885562896729,100.82769012451172
360,-271.9878507256508,1,31.7480276590004,793,407344,407344,1.7778573036193848,100.45030975341795
361,-136.39390917122364,1,24.40301390900004,607,407951,407951,1.6582200527191162,100.77887725830078
362,-198.87774854898453,1,20.46608337799989,499,408450,408450,1.833320140838623,100.36555480957033
363,-373.0382172763348,1,36.55568269099968,909,409359,409359,1.903542399406433,100.39451599121094
364,-120.74172370135784,1,22.56961443199998,576,409935,409935,1.675130009651184,100.00440216064452
365,-106.35586531460284,1,22.51620602100047,572,410507,410507,1.8305401802062988,99.91849517822266
366,-159.86917489767075,1,29.52996282699951,736,411243,411243,1.7634443044662476,99.72452545166016
367,-199.0320065766573,1,29.9469737849995,749,411992,411992,1.7503044605255127,99.93628692626952
368,-338.99084980785847,1,39.775510729000416,1007,412999,412999,1.8167898654937744,99.30046844482422
369,-105.0600670427084,1,19.707117023000137,487,413486,413486,1.7297509908676147,99.55223083496094
370,-136.4024666249752,1,16.741070741999465,418,413904,413904,1.96356463432312,99.28921508789062
371,-143.446622595191,1,22.338619881999875,561,414465,414465,1.7257418632507324,99.17044067382812
372,-99.27892391383648,1,21.911548303000018,544,415009,415009,1.796245574951172,99.58118438720705
373,-110.31553602218628,1,16.9570155170004,424,415433,415433,1.7122504711151123,99.18114471435548
374,-173.42711815238,1,17.677900956000485,433,415866,415866,1.8093738555908203,99.3316650390625
375,-185.5818098783493,1,21.132823651999388,523,416389,416389,1.8033323287963867,99.20872497558594
376,-119.7755343914032,1,16.53677027499998,388,416777,416777,1.680055022239685,98.61023712158205
377,-235.131792858243,1,21.120603628000023,529,417306,417306,1.795198678970337,99.09525299072266
378,-203.6901933848858,1,22.50614042899997,556,417862,417862,1.877461552619934,99.35247039794922
379,-136.0711930990219,1,18.35986355299974,459,418321,418321,1.8078341484069824,99.04328155517578
380,-224.10348963737488,1,22.30229566700018,549,418870,418870,1.8480584621429443,98.8000030517578
381,-271.06792406737804,1,37.97071442499964,945,419815,419815,1.821974277496338,98.51309204101562
382,-123.8956687003374,1,18.117750667999644,445,420260,420260,1.772003412246704,98.80866241455078
383,-173.50860261917114,1,28.949804621999647,711,420971,420971,1.7525577545166016,98.29901885986328
384,-125.1032516658306,1,24.176640441000018,607,421578,421578,1.7216147184371948,98.36515045166016
385,-257.30308616161346,1,24.88403224800004,618,422196,422196,1.649746298789978,97.80368041992188
386,-192.71700809895992,1,24.34122490699974,602,422798,422798,1.9123517274856567,98.29265594482422
387,-191.4245398342609,1,23.013205809999818,561,423359,423359,1.7776528596878052,97.93172454833984
388,-159.2941529005766,1,24.179594379000264,607,423966,423966,1.8169647455215452,98.63654327392578
389,-194.3762466907501,1,29.6073228209998,731,424697,424697,1.766898512840271,98.17002868652344
390,-175.66220112144947,1,27.139738765999937,675,425372,425372,1.7713255882263184,97.49435424804688
391,-177.7320644557476,1,28.53139534999991,699,426071,426071,1.7381404638290403,97.9542007446289
392,-191.6347196251154,1,32.969574408999506,818,426889,426889,1.8218940496444704,97.2767105102539
393,-122.62825448811054,1,24.124559126999884,583,427472,427472,1.774863362312317,97.83394622802734
394,-124.95047163963318,1,16.1592319450001,399,427871,427871,1.82229745388031,97.59762573242188
395,-65.88491623103619,1,16.873703477000163,411,428282,428282,1.8798562288284304,98.01383972167967
396,-155.2690274566412,1,18.303142556999774,444,428726,428726,1.7548846006393433,97.374267578125
397,-181.32380206882956,1,27.782165840000744,684,429410,429410,1.766982078552246,97.05709838867188
398,-133.1844700872898,1,28.317917689999376,701,430111,430111,1.7008793354034424,96.64415740966795
399,-195.2350091636181,1,33.550252534999345,826,430937,430937,1.731900334358215,96.43093872070312
400,-113.61944562196732,1,21.905345707999917,534,431471,431471,1.759841799736023,96.21599578857422
401,-211.57948412001133,1,28.28231869199953,700,432171,432171,1.7402173280715942,96.4565658569336
402,-219.16632233560085,1,33.94856333300049,835,433006,433006,1.764283299446106,96.80081176757812
403,-226.0255089104176,1,37.1615549600001,916,433922,433922,1.7102826833724976,96.49250030517578
404,-197.83836561441424,1,31.544324812000013,786,434708,434708,1.7410417795181274,96.03195190429688
405,-156.7021708190441,1,31.16576059399995,768,435476,435476,1.7188962697982788,95.98043823242188
406,-117.78117330372334,1,25.31960622499992,612,436088,436088,1.7598488330841064,96.00741577148438
407,-84.55380181968212,1,22.124449161000484,540,436628,436628,1.8351489305496216,95.43833923339844
408,-204.09466855227947,1,29.74087603499993,732,437360,437360,1.7231035232543943,95.19357299804688
409,-178.69233739376068,1,30.34856107499945,754,438114,438114,1.845095157623291,95.77701568603516
410,-96.2499876320362,1,18.15417016899937,460,438574,438574,1.8392003774642944,95.80255889892578
411,-178.66561150550842,1,28.303115805000743,687,439261,439261,1.6858547925949097,95.46314239501952
412,-104.13906987011433,1,20.73309869599961,507,439768,439768,1.779036283493042,95.28392028808594
413,-73.8960011228919,1,16.956795572000374,414,440182,440182,1.8126766681671145,94.68557739257812
414,-116.79082551598547,1,23.51176740200026,592,440774,440774,1.74553644657135,94.90039825439452
415,-202.5116376280785,1,27.156005147999167,655,441429,441429,1.664211988449097,95.15276336669922
416,-135.25712431967258,1,27.130306936000125,678,442107,442107,1.862479567527771,95.52342987060548
417,-76.40887719392776,1,22.488322104999497,550,442657,442657,1.8137905597686768,94.78033447265624
418,-152.09505850076675,1,19.753485977999844,483,443140,443140,1.831228733062744,95.00244903564452
419,-202.79470217227936,1,30.720123361999867,763,443903,443903,1.7733973264694214,94.87230682373048
420,-282.67182071506977,1,31.32962519600005,769,444672,444672,1.780628681182861,94.7972412109375
421,-232.3668177425861,1,35.14743255099984,863,445535,445535,1.708265781402588,94.52978515625
422,-135.33817717432976,1,25.537006008999924,626,446161,446161,1.6689692735671997,94.49797058105467
423,-102.61704781651495,1,18.71003907000068,451,446612,446612,1.6341930627822876,94.24806213378906
424,-268.3376916348934,1,23.76929479899991,582,447194,447194,1.807000994682312,94.33527374267578
425,-175.13132631778717,1,25.11576993699964,616,447810,447810,1.688557267189026,94.29257202148438
426,-125.94687715172768,1,18.89901358499992,457,448267,448267,1.710878849029541,94.4288558959961
427,-160.7127906680107,1,20.324097820000134,501,448768,448768,1.805453538894653,94.1043701171875
428,-120.23868301510812,1,25.77668045000064,642,449410,449410,1.8274894952774048,94.11380767822266
429,-49.854238361120224,1,12.2688048050004,296,449706,449706,1.820605754852295,94.34382629394533
430,-108.252670109272,1,21.16682052299984,524,450230,450230,1.6881296634674072,94.11809539794922
431,-160.67135858535767,1,31.31971452899961,766,450996,450996,1.7161530256271362,94.49201202392578
432,-98.12186354398727,1,21.7373976279996,529,451525,451525,1.5995978116989136,94.205078125
433,-163.43231523036957,1,26.928170355000475,654,452179,452179,1.710996150970459,93.70079803466795
434,-32.183202877640724,1,17.906711730999632,436,452615,452615,1.7622405290603638,93.51663208007812
435,-55.814130529761314,1,20.753860007000185,501,453116,453116,1.6979418992996216,94.32623291015624
436,-53.2799736559391,1,15.707811837000008,378,453494,453494,1.6659824848175049,93.20564270019533
437,-173.72718255221844,1,32.53056272000049,795,454289,454289,1.7466380596160889,93.79558563232422
438,-115.0599596053362,1,23.15717623600085,562,454851,454851,1.7600080966949463,93.2029800415039
439,-44.99244692921639,1,14.096718899000734,344,455195,455195,1.633172631263733,92.89134216308594
440,-62.427412912249565,1,17.744202408000092,431,455626,455626,1.8107893466949463,93.5423583984375
441,-173.64802914857864,1,28.336054168000373,699,456325,456325,1.7317731380462646,93.24823760986328
442,-152.09296491742134,1,27.92981983999925,671,456996,456996,1.7309666872024536,93.42977142333984
443,-58.38043591380119,1,15.512125735999687,376,457372,457372,1.7062759399414062,93.01373291015624
444,-85.3755545169115,1,20.552124685000308,495,457867,457867,1.7044591903686523,92.70101928710938
445,-80.30565489828587,1,22.505811613000333,542,458409,458409,1.7749723196029663,93.1386260986328
446,-259.8569197654724,1,32.54595296000025,774,459183,459183,1.7059452533721924,93.02283477783205
447,-114.42247031629086,1,27.516364154000257,560,459743,459743,1.8271554708480835,92.46351623535156
448,-78.2372622564435,1,25.51403060499979,462,460205,460205,1.7828221321105957,92.54450225830078
449,-46.931456387043,1,13.139600950000386,307,460512,460512,1.6661255359649658,92.08235168457033
450,-175.2576456964016,1,24.698754017999818,567,461079,461079,1.694793701171875,92.43228912353516
451,-122.85174164175989,1,16.075038347000373,384,461463,461463,1.7101746797561646,92.27633666992188
452,-60.35088770091534,1,18.95192517900068,423,461886,461886,1.671834945678711,92.90084838867188
453,-235.7846806645393,1,26.90446488500038,647,462533,462533,1.7004618644714355,92.28109741210938
454,-105.36211188137533,1,25.739112765000755,602,463135,463135,1.6651344299316406,91.97689056396484
455,-121.64710533618928,1,17.344262305000484,413,463548,463548,1.774579405784607,92.53023529052734
456,-283.77974849939346,1,30.33134268199956,713,464261,464261,1.7326483726501465,91.98424530029295
457,-182.2376344352961,1,31.33147879399985,728,464989,464989,1.7655612230300903,92.26942443847656
458,-56.72759284079075,1,14.113809628000126,335,465324,465324,1.6908166408538818,93.20828247070312
459,-32.00865702331066,1,17.74074661800023,392,465716,465716,1.7882126569747925,92.49205017089844
460,-134.5351201146841,1,26.509552321999763,603,466319,466319,1.71481454372406,91.59180450439452
461,-203.25451558828357,1,28.067885581000155,640,466959,466959,1.616722822189331,91.18091583251952
462,-101.76476684212685,1,21.912826017000043,511,467470,467470,1.8430367708206177,92.3582000732422
463,-65.47399920225143,1,18.760083852000207,456,467926,467926,1.6629260778427124,91.53453826904295
464,-97.33061702549458,1,22.12449579299937,526,468452,468452,1.738886833190918,91.64832305908205
465,-115.02129329741,1,26.327723944000358,627,469079,469079,1.78339684009552,91.68169403076172
466,-47.06150597333908,1,11.930586173999473,286,469365,469365,1.7764761447906494,91.5113296508789
467,-308.40955179929733,1,27.333406822000143,661,470026,470026,1.7802952527999878,91.94734191894533
468,-232.2302186191082,1,27.11607232400001,647,470673,470673,1.731492280960083,91.66068267822266
469,-277.29105469584465,1,25.135975863000567,606,471279,471279,1.7586019039154053,91.65332794189452
470,-191.44016095995903,1,27.920865837000747,664,471943,471943,1.5709662437438965,91.00650024414062
471,-51.37839795649052,1,16.13958515899958,393,472336,472336,1.8253321647644043,90.93643951416016
472,-177.66138181090355,1,21.917833789000724,520,472856,472856,1.7565386295318604,91.88953399658205
473,-280.3460892736912,1,28.734632308000077,691,473547,473547,1.7749334573745728,91.49273681640624
474,-178.43755236268044,1,32.73657159999948,778,474325,474325,1.7517105340957642,90.94586181640624
475,-69.36278626322746,1,13.555214339000486,322,474647,474647,1.6309890747070312,91.5234832763672
476,-116.8278875425458,1,23.500830794999278,555,475202,475202,1.6085165739059448,91.30413818359376
477,-55.66379818320274,1,12.094314832000236,284,475486,475486,1.8028088808059688,91.6388702392578
478,-49.69638215005398,1,15.538581023000006,366,475852,475852,1.672044277191162,90.99956512451172
479,-115.07908813655376,1,26.12644004799949,590,476442,476442,1.62448251247406,90.61067962646484
480,-81.9895406961441,1,20.711761852000564,476,476918,476918,1.781364679336548,90.74991607666016
481,-36.712973311543465,1,14.320587629999864,330,477248,477248,1.6566263437271118,90.44609832763672
482,-195.70942403376105,1,31.940063467999607,746,477994,477994,1.6436458826065063,90.43721771240234
483,-198.4197854846716,1,30.336531179000303,714,478708,478708,1.719490647315979,90.61021423339844
484,-186.32588689029217,1,29.314878641000178,691,479399,479399,1.705899357795715,90.0866241455078
485,-117.31835934519768,1,19.33315684899935,457,479856,479856,1.7607301473617554,90.7577896118164
486,-332.1998554170132,1,43.78087117399991,1037,480893,480893,1.72917902469635,90.30691528320312
487,-59.35402351617813,1,15.350051018998784,366,481259,481259,1.7467191219329834,89.98548126220703
488,-132.5230471342802,1,24.67229432500062,584,481843,481843,1.665292501449585,89.94725036621094
489,-49.47213037312031,1,11.942978502998812,284,482127,482127,1.7450568675994873,89.94001007080078
490,-129.34222221374512,1,19.967380905000027,475,482602,482602,1.6936523914337158,90.25562286376952
491,-231.0311708450317,1,29.86503735299993,706,483308,483308,1.7521631717681885,90.1845474243164
492,-414.1548614501953,1,41.57758907700008,982,484290,484290,1.7391135692596436,89.98646545410156
493,-142.32247427105904,1,17.095538474000932,401,484691,484691,1.7797132730484009,90.15764617919922
494,-119.29683943092824,1,24.121712763000687,567,485258,485258,1.6091549396514893,89.94474792480469
495,-114.989375770092,1,26.52208405300007,621,485879,485879,1.720405340194702,90.11180114746094
496,-148.05395030230284,1,27.38587398799973,642,486521,486521,1.7495225667953491,90.04167938232422
497,-105.84679725766182,1,17.28535087599994,404,486925,486925,1.6088476181030271,89.54351806640625
498,-133.26896396279335,1,27.34054275299968,644,487569,487569,1.64602792263031,90.08973693847656
499,-52.64946177601814,1,14.73474216899922,345,487914,487914,1.6313351392745972,90.1824188232422
500,-60.77679173648357,1,16.68100392800079,385,488299,488299,1.6555724143981934,89.40684509277344
501,-50.4502067565918,4,0.5467584380003245,1,488300,134835,7.152397155761719,91.59979248046876
502,-1409.7544694840908,1,22.48352822299998,1533,490023,1724,0.0,0.0
503,-1636.562288761139,2,5.122279431000038,329,490352,2053,0.0,0.0
504,-273.19747987389565,1,17.16268219899999,362,490058,490058,1.8343749046325684,88.7538833618164
505,-2547.696093410253,1,23.36476161600001,1560,492952,4653,0.0,0.0
506,-484.9433323144913,2,11.132877953999923,339,489897,136432,3.3680849075317383,86.0963134765625
507,-726.5665658265352,1,25.130791431999967,526,491727,491727,1.5909202098846436,88.4830093383789
508,-232.22620353102684,1,14.610253764000843,442,490655,137190,3.16171669960022,85.26222229003906
509,-390.7231229543686,1,14.236041664000028,298,492143,492143,1.6185091733932495,88.32732391357422
510,10.978032648563383,1,5.729220256999724,174,491227,137762,3.076942205429077,84.43855285644531
511,-47.20992970466614,1,12.101602774000014,262,492436,492436,1.6848716735839844,88.45457458496094
512,-573.4548905491829,2,9.138540815,213,492649,492649,1.6985279321670532,89.18712615966797
513,-2005.828186959028,2,15.752043301000016,1131,499337,11038,0.0,0.0
514,-1217.2863909602163,1,17.556459934999964,1255,500592,12293,0.0,0.0
515,-2799.6569687873125,4,50.59283282399997,1742,508505,70659,5.331079959869385,212.20640563964844
516,-2093.202950388193,1,18.96217193000001,1346,502121,13822,0.0,0.0
517,-2245.848331645131,2,49.756305167999926,1673,510892,73046,5.419227123260498,214.62890625
518,-268.1865585297346,1,23.048825715999957,568,495298,495298,1.7042096853256226,88.03253936767578
519,-3889.015639215708,2,25.560729276000018,1804,505769,17470,0.0,0.0
520,-3346.3168857097626,4,50.346416482,1758,516032,78186,5.877239227294922,220.6196746826172
521,-445.7299510240555,2,16.73716569699991,495,495765,142300,2.340562582015991,79.68627166748047
522,-244.818176150322,1,15.512527227000078,358,496552,496552,1.8848602771759035,88.47787475585938
523,-3063.298249423504,4,49.81437540700006,1847,520720,82874,6.451446056365967,226.9869842529297
524,-459.4906979799271,1,27.826186838000467,839,497434,143969,2.254724502563477,78.9266357421875
525,-3383.5283922553062,4,50.185075348000055,1827,524369,86523,6.714923858642578,231.77020263671875
526,-588.776491895318,1,21.49709836599993,504,497588,497588,1.6834354400634766,88.00240325927734
527,-2946.836226657033,4,49.53979871699994,1806,527975,90129,6.948091506958008,235.1683807373047
528,-4.213136658072472,1,8.535897513999771,256,498171,144706,2.14973521232605,79.23028564453125
529,-310.08303940296173,2,7.720257608000793,225,498396,144931,2.178064584732056,78.99919891357422
530,-1921.028815060854,1,19.413460085,1391,515497,27198,0.0,0.0
531,-2439.7959657907486,2,20.695639607999965,723,533012,95166,7.729954242706299,242.85870361328125
532,-3614.955066055059,2,44.177569663999975,1589,534601,96755,7.666324138641357,245.31842041015625
533,-504.0616210401058,2,10.325687711,246,499828,499828,1.8864213228225708,87.76020812988281
534,-1538.3693479895592,1,27.35030010199989,979,536128,98282,7.799239635467529,247.8259429931641
535,-4677.559880524874,4,50.32230132300015,1811,537939,100093,7.893553256988525,249.21388244628903
536,-369.13374312222,1,7.7312967919999664,541,520715,32416,0.0,0.0
537,-2803.9438182115555,1,24.62259613599997,1748,522463,34164,0.0,0.0
538,-200.45615074038503,1,18.743120819999945,448,501373,501373,1.846022605895996,88.22200775146484
539,-2133.975561887026,4,49.95892536800011,1787,543712,105866,8.166889190673828,255.9987335205078
540,48.92104589939117,1,4.03122621700004,89,501534,501534,1.9909343719482424,87.28718566894531
541,-2527.673219129443,4,50.16744029699999,1614,545863,108017,8.43181324005127,257.0882263183594
542,-583.4087144434452,2,6.111634902999981,139,502128,502128,1.708445429801941,87.41053771972656
543,-3380.2678586244583,1,22.555674006999997,1673,527406,39107,0.0,0.0
544,-421.2222897410393,2,10.724027987999762,324,503365,149900,2.102128744125366,80.28784942626953
545,-1310.7839729487896,2,19.292969034000063,461,503316,503316,1.952713251113892,87.80830383300781
546,-2989.231673628092,4,50.367434927999966,1634,550266,112420,8.593393325805664,258.8450012207031
547,-179.89977183938026,1,12.953819171999385,391,504835,151370,2.1531450748443604,81.02987670898438
548,-758.2067580968142,2,17.943937930999937,373,504832,504832,1.8167508840560915,87.78011322021484
549,-1110.129104912281,2,5.514999776999957,370,532218,43919,0.0,0.0
550,-47.00915768742561,1,15.466166275999967,321,505227,505227,1.6825295686721802,87.43470001220703
551,-1542.48178781569,2,26.355415967000223,925,557823,119977,8.763657569885254,260.88482666015625
552,86.06763790547848,1,1.1035450899998978,30,557853,120007,9.034120559692385,262.07135009765625
553,-3830.5832710266113,2,36.90842707899992,1302,559155,121309,8.845559120178223,261.9508056640625
554,-2246.7837264090776,4,50.60676888399985,1793,560948,123102,9.036724090576172,263.22711181640625
555,29.52950422465801,1,6.735970656000063,201,508527,155062,2.182718515396118,83.04236602783203
556,-762.689477622509,2,2.5059582160000677,146,537735,49436,0.0,0.0
557,-3985.533928081393,4,49.71294995000005,1961,539696,51397,1.0568137168884275,40.08439254760742
558,-375.0284165143967,2,5.112261964999561,143,509610,156145,2.141157627105713,82.93033599853516
559,-2107.473936885596,4,49.15602447099991,1726,567255,129409,9.24609375,267.7098083496094
560,-3365.4911269545555,4,50.224388740999984,1688,543443,55144,1.7887368202209473,69.77426147460938
561,-1820.6208424717188,2,32.17318341000009,1097,570089,132243,9.339890480041504,268.743896484375
562,32.7218976020813,1,4.324013268000044,147,544845,56546,2.1774098873138428,77.90677642822266
563,-771.3218736052513,1,21.12346187199978,742,545587,57288,2.151596069335937,78.04430389404297
564,-701.5742356777191,2,2.9202889929999856,99,545686,57387,2.321340084075928,79.16024780273438
565,-1758.2184370160105,2,28.789428989000044,1011,574487,136641,9.575352668762209,274.8257751464844
566,-2.335019677877426,1,8.13658425199992,224,512851,159386,2.269006490707397,84.70902252197266
567,-212.32169246673584,1,23.856467188999886,694,513545,160080,2.25883150100708,85.27993774414062
568,-1254.916058272123,2,15.754761073000054,546,548035,59736,2.5926012992858887,85.43138885498047
569,-573.5191266238689,1,12.052537197999982,418,548453,60154,2.684337615966797,86.87113952636719
570,-342.5088227689266,1,23.87723158100016,708,514628,161163,2.2720651626586914,85.62980651855469
571,-476.2253360450268,1,23.73957618300028,709,515337,161872,2.3294501304626465,86.17485809326172
572,-232.62802040576932,2,1.3044530870001836,30,515367,161902,2.62800931930542,85.7900390625
573,-334.4459593743086,2,8.740256693999982,258,515625,162160,2.28464674949646,86.49120330810547
574,-432.55946722626686,2,13.264816701999736,395,516020,162555,2.3442370891571045,86.16529083251953
575,-3910.92881667614,4,49.773364351000055,1704,588467,150621,9.466748237609863,274.80279541015625
576,-1273.0799616277218,2,27.848081412999814,835,517330,163865,2.3640947341918945,87.06739044189453
577,-2250.6757236123085,2,24.11848524600009,812,590995,153149,9.647613525390623,274.2305908203125
578,-2537.627181470394,4,50.010418085999845,1704,592699,154853,9.56720733642578,273.9757995605469
579,39.29156664013863,1,3.921943114999976,134,592833,154987,9.566279411315918,274.4583740234375
580,-3063.5921190977097,2,44.12481989800017,1482,594315,156469,9.609622955322266,274.0005187988281
581,-3676.9478179216394,2,30.387573903999964,1018,595333,157487,9.754072189331056,273.93853759765625
582,-641.6643576174974,2,20.62845965699944,613,520833,167368,2.4836528301239014,88.6883316040039
583,-430.3469949066639,2,11.545770304000143,340,521173,167708,2.5194549560546875,89.12767791748047
584,44.16453531384468,1,3.912027125999885,106,521279,167814,2.5219485759735107,88.86177062988281
585,-649.5973259955645,2,17.87993324299987,531,521810,168345,2.5038087368011475,88.94065856933594
586,-2826.458453223109,4,49.81042657200032,1686,601605,163759,10.321861267089844,274.4141540527344
587,-418.04440124332905,1,19.43360494799981,558,522398,168933,2.5318703651428223,89.3219985961914
588,-5085.509710609913,2,34.1356114729997,1139,604431,166585,10.238648414611816,273.6611022949219
589,-83.79962445795536,1,15.35238060500069,457,522893,169428,2.5275838375091557,89.21440124511719
590,-2386.469011604786,4,49.55287676299986,1620,607720,169874,10.21895694732666,273.4578857421875
591,-2286.23093059659,4,49.38060059700001,1640,609360,171514,10.35941219329834,273.123046875
592,-103.5992013886571,1,14.05790768100087,417,524409,170944,2.6203441619873047,90.27507781982422
593,-2238.6379673182964,4,49.73824964999994,1671,611203,173357,10.220884323120115,272.5418701171875
594,-4510.184093758464,4,49.79197484999986,1683,612886,175040,10.170023918151855,272.5194702148437
595,-559.5559501647949,2,6.832506640999782,197,525179,171714,2.630379199981689,90.15480041503906
596,-2674.73513185978,4,50.19923412800017,1689,616228,178382,10.260643005371094,273.19970703125
597,-1006.345040678978,1,32.74760986699994,1089,617317,179471,10.349706649780272,273.2528991699219
598,-3123.677327275276,4,50.15328455400004,1651,618968,181122,10.397404670715332,273.50640869140625
599,-287.6714849025011,1,22.45455034499992,670,527296,173831,2.648753881454468,91.1097640991211
600,-2744.414228975773,4,50.18335471099999,1667,621513,183667,10.260604858398438,272.9405212402344
601,-2799.8291668891907,4,49.20585754299964,1625,623138,185292,10.18408489227295,272.6949462890625
602,-1846.4550413787365,4,49.49462342100014,1647,624785,186939,10.221039772033691,272.3388366699219
603,-226.1344201415777,1,20.908865579999656,620,529911,176446,2.628150701522827,91.78260803222656
604,-221.9424501657486,2,1.323269479999908,37,529948,176483,2.5587949752807617,92.08061981201172
605,-761.535177141428,2,15.353611003999504,455,530403,176938,2.6377737522125244,91.82681274414062
606,-173.1833819746971,1,17.677845170999717,526,530929,177464,2.675297737121582,92.50772857666016
607,-257.1176265478134,2,2.9069714739998744,79,531008,177543,2.622509479522705,91.56729125976562
608,-179.9033710733056,1,16.926142704000085,501,531509,178044,2.663330078125,92.49275207519533
609,-54.61522859334946,1,14.73535318300037,431,531940,178475,2.6477575302124023,92.88453674316406
610,-2091.4726363420486,4,49.15965601599965,1607,635612,197766,10.09949779510498,269.3652648925781
611,-305.15969797968864,2,4.902009651000299,129,532927,179462,2.882578134536743,93.64944458007812
612,-5150.860763192177,4,50.16473794299964,1637,638494,200648,10.042611122131348,268.7423095703125
613,-233.0448587536812,2,2.705516653999439,64,533585,180120,2.533047676086426,93.23219299316406
614,-1834.714048743248,4,49.77805518600053,1640,640176,202330,10.160998344421388,269.2487487792969
615,-6208.565724849701,4,49.34583352900063,1610,641786,203940,10.11386775970459,267.94708251953125
616,-341.2488945126533,1,22.402965545999905,576,535091,181626,2.704294443130493,93.70687866210938
617,-389.2882061004639,2,14.139187480000146,362,535453,181988,2.7516872882843018,93.7902603149414
618,-156.31644585728645,1,20.28068321000046,524,535977,182512,2.783200740814209,94.05352020263672
619,-283.6278622150421,2,2.9334986690000733,74,536051,182586,2.7192223072052,93.91363525390624
620,-3130.7231592983007,4,49.6001618549999,1625,648822,210976,10.205949783325195,267.6748962402344
621,-267.759998947382,2,6.893998767999619,172,536545,183080,2.746537208557129,94.2269058227539
622,-7038.083744347096,4,49.16157457000008,1602,652051,214205,10.086424827575684,267.6104736328125
623,-330.3855530619621,2,13.157223510000222,339,537070,183605,2.839072227478028,94.52928924560548
624,-2099.7399445921183,4,49.15345389100003,1601,655248,217402,10.149446487426758,267.1494140625
625,-2826.0510450303555,2,42.76603430000068,1398,656646,218800,9.998353958129885,266.5535583496094
626,-2928.379556879401,4,49.562384729999394,1610,658256,220410,9.973047256469728,265.6220397949219
627,-3085.010789036751,4,50.38915993599949,1639,659895,222049,10.056321144104004,266.1927795410156
628,-2.986931711435318,1,8.748346241000036,222,540266,186801,2.7571396827697754,95.29683685302734
629,10.88501900434494,1,4.925062334999893,157,661643,223797,10.178088188171388,265.70635986328125
630,-2163.5236178040504,4,50.15763753199917,1623,663266,225420,10.02130889892578,265.0357666015625
631,-1691.354700818658,4,50.17424130499967,1627,664893,227047,10.06040859222412,264.5883178710937
632,-2153.368916809559,4,49.33267657299984,1591,666484,228638,10.008373260498049,264.13494873046875
633,55.209601640701294,1,2.51868861299954,77,666561,228715,9.83041763305664,263.2669677734375
634,-579.3707985281944,1,24.763841598,641,544287,190822,2.8531839847564697,96.62535095214844
635,-1122.3821207731962,4,55.6994658600006,1458,545745,192280,2.8499464988708496,96.658203125
636,51.333402052521706,1,3.5058143959995505,85,545830,192365,2.769333839416504,96.76201629638672
637,-433.111980035901,2,18.62084215899995,447,546277,192812,2.8764634132385254,96.87229919433594
638,-1527.6488204672933,4,53.48366587599958,1387,547664,194199,2.8621256351470947,97.04996490478516
639,-2963.010249376297,4,50.20143059600014,1576,676171,238325,10.161466598510742,265.2645263671875
640,-3299.6218209266663,4,49.35672486299973,1585,677756,239910,10.226826667785645,265.1404724121094
641,64.58594924211502,1,3.700227520001136,89,548327,194862,2.9543206691741943,96.73896026611328
642,-498.491420134902,1,39.61143743899993,1037,549364,195899,2.881991147994995,97.49649810791016
643,-4854.353056401014,4,50.00808163700003,1607,682551,244705,10.45776653289795,265.93731689453125
644,-1717.0098697394133,4,49.3614494680005,1578,684129,246283,10.565802574157717,266.3129577636719
645,-3691.533690974116,1,44.56534878399998,1425,685554,247708,10.438024520874023,266.122314453125
646,-2465.375275492668,4,48.77937041299992,1551,687105,249259,10.514327049255373,266.2205505371094
647,-235.21197736263275,2,5.513172601999031,135,550613,197148,2.904288053512573,98.7581024169922
648,-2569.3500835448503,4,49.170377690999885,1541,690138,252292,10.545742988586426,266.3245544433594
649,-1226.5303861051798,4,52.4862733530008,1331,553339,199874,2.9164552688598637,98.61927032470705
650,-1247.604734748602,1,52.70751574799942,1360,554699,201234,2.931684970855713,99.11822509765624
651,-284.02949849516153,1,23.689188049000222,606,555305,201840,2.906880617141724,99.36473083496094
652,-689.93037712574,2,30.39143351799976,784,556089,202624,2.904058694839477,99.31748962402344
653,-309.104141831398,1,22.495311536999907,705,695571,257725,10.699912071228027,264.55224609375
654,-5077.424226820469,4,50.18687136399967,1553,697124,259278,10.50686264038086,265.2279968261719
655,-1003.2139274775982,2,34.35989818999951,875,558041,204576,2.91958236694336,99.59050750732422
656,-848.2495378702879,1,41.06239875799838,1041,559082,205617,2.935258626937866,99.69784545898438
657,-514.0459587574005,1,28.418612587000094,718,559800,206335,2.978065729141236,100.12872314453124
658,-286.80359280109406,1,24.648697616999925,619,560419,206954,2.9411566257476807,99.9935531616211
659,-1156.633016899228,1,48.168368182999984,1218,561637,208172,2.946041822433472,100.06344604492188
660,-246.1877601146698,2,1.3122559120001824,30,561667,208202,3.16199254989624,100.74333953857422
661,-51.437118485569954,1,18.68483898699924,463,562130,208665,3.0299859046936035,100.2548599243164
662,-881.5170698016882,4,54.50441240700093,1365,563495,210030,2.9630167484283447,100.27336120605467
663,-2409.701861515641,4,49.58918718200039,1555,710013,272167,10.375701904296877,261.4750671386719
664,-878.1306784898043,1,38.16972001900013,1199,711212,273366,10.26625919342041,261.2884826660156
665,-5541.2495104670525,4,49.341458660999706,1540,712752,274906,10.32890796661377,261.31005859375
666,-1928.46968460083,4,49.96436707500016,1551,714303,276457,10.318974494934082,261.5204162597656
667,-63.90824684500694,1,8.935617798999374,277,714580,276734,10.689661979675291,261.2408142089844
668,-3357.134754180908,4,50.16935703499985,1562,716142,278296,10.362412452697754,260.6007385253906
669,-652.2174688875675,2,28.75456130800012,726,568031,214566,2.985472679138184,100.71361541748048
670,-2690.186949327588,4,49.372793252999145,1526,719229,281383,10.381080627441406,260.1150207519531
671,-167.78942434489727,1,22.349638529000003,559,568727,215262,3.0143401622772217,101.0398406982422
672,-3241.294636130333,4,49.376413813999534,1533,722309,284463,10.265832901000977,259.1617736816406
673,-2977.594564050436,4,49.36563940299948,1531,723840,285994,10.168597221374512,259.4384460449219
674,-1932.1732210069893,4,50.373717091999424,1559,725399,287553,10.338085174560549,259.1151123046875
675,-1648.910701006651,4,49.42480810500001,1522,726921,289075,10.249886512756348,258.6185607910156
676,-2087.93488971889,1,49.53289949700047,1530,728451,290605,10.137945175170898,257.8601989746094
677,-612.7000332921743,2,16.368846526998823,406,571408,217943,3.0158519744873047,101.15583801269533
678,-2518.5341368317604,4,57.62346984299984,1444,572852,219387,3.085789442062378,101.86070251464844
679,-141.22665660083294,1,22.33634007799992,556,573408,219943,3.10273814201355,102.13912200927734
680,-127.03036573529243,1,13.542305427999963,413,732445,294599,9.978997230529783,257.2209777832031
681,-1302.7484891712666,2,51.603280416000416,1289,575266,221801,3.079571008682251,102.28058624267578
682,-2833.922829374671,2,52.762883809000414,1316,576582,223117,3.147270679473877,102.54096221923828
683,-1914.0409743338823,4,48.99259396599973,1511,736776,298930,10.09238338470459,257.038330078125
684,-2058.2319631278515,4,49.34450556699994,1515,738291,300445,10.033926010131836,256.7899780273437
685,-1532.7985294163227,2,33.145859441999164,1019,739310,301464,9.953086853027344,255.99493408203125
686,-319.04690240323544,1,23.730420321000565,582,578942,225477,3.123886823654175,103.69328308105467
687,-2350.8001797795296,4,50.18275090399948,1542,742359,304513,10.060124397277832,255.8560333251953
688,-1382.0278053581717,4,51.60318696600007,1280,580252,226787,3.1678056716918945,103.87928771972656
689,-410.6966467499733,1,21.976934016000087,543,580795,227330,3.168907403945923,104.17882537841795
690,-172.47544564306736,1,13.935470414999145,342,581137,227672,3.1296379566192627,104.16506958007812
691,-1763.8974000811577,4,49.78186714599997,1532,748447,310601,9.928129196166992,254.3411407470703
692,-1756.1993017792702,4,57.49769440199998,1426,583214,229749,3.182546615600586,104.59735870361328
693,31.91973042488098,1,8.345775806999882,205,583419,229954,3.2369847297668457,104.9260025024414
694,-1084.9741943776608,4,56.26292950199968,1394,584813,231348,3.238998889923096,104.7598876953125
695,-130.8702348843217,1,18.522049192999475,458,585271,231806,3.2118477821350098,104.9703140258789
696,-401.8293255716562,1,25.77611411900034,639,585910,232445,3.1871557235717773,104.8869171142578
697,-2648.979353249073,2,50.63099573599902,1247,587157,233692,3.2123847007751465,105.22834777832033
698,-4879.603851497173,4,50.56767696799943,1532,757158,319312,9.891098976135254,252.1950836181641
699,-1153.1359771192074,4,49.16992864399981,1508,758666,320820,10.026640892028809,253.24166870117188
700,-333.9454364180565,2,8.349415720000252,205,588824,235359,3.2548258304595947,106.01046752929688
701,-175.5739175528288,1,20.47261415400135,485,589309,235844,3.1426398754119877,105.91643524169922
702,-3595.27307677269,4,49.14592794300006,1506,763193,325347,9.846994400024414,251.8128967285156
703,-382.59585861861706,1,26.82098551299896,654,591302,237837,3.220844268798828,105.88925170898438
704,-450.31441040337086,1,34.424123666000014,845,592147,238682,3.1439309120178223,105.81745910644533
705,-4061.5763524770737,4,49.77227405699887,1519,766596,328750,9.896113395690918,251.3467712402344
706,-1177.0533854663372,1,48.174096045000624,1471,768067,330221,9.986583709716797,251.30111694335935
707,-441.09495827555656,1,25.36651601000085,775,768842,330996,9.91139030456543,251.17169189453125
708,-2210.193458378315,4,49.13506176600095,1513,770355,332509,9.892777442932127,251.00711059570312
709,-1933.5114150047305,4,49.37062243899891,1517,771872,334026,9.911864280700684,250.63763427734372
710,59.3934543132782,1,4.137889506999272,101,596329,242864,3.082479238510132,106.07913970947266
711,-3549.8667992055416,4,49.77578196099967,1520,774369,336523,9.9788236618042,250.3760223388672
712,-1150.8010488003492,2,52.76153207000061,1282,598385,244920,3.181647777557373,106.21338653564452
713,71.03057397156954,1,2.3051617210003315,48,598433,244968,3.197024345397949,105.74242401123048
714,-155.13248373568058,1,21.438388673999725,523,598956,245491,3.172658681869507,106.1528778076172
715,-1392.6910066977143,4,53.25979399500102,1309,600265,246800,3.0962555408477783,106.19856262207033
716,-781.9833888709545,2,29.008044550000704,703,600968,247503,3.121638059616089,106.10694885253906
717,-854.400790207088,2,35.70741595099935,870,601838,248373,3.1213836669921875,105.9601821899414
718,-960.6644288897514,2,42.69306342100026,1055,602893,249428,3.1190667152404785,106.1298828125
719,-53.90136091411114,1,17.16795403300057,413,603306,249841,3.071904420852661,106.1290283203125
720,-2143.9560555815697,4,49.938179555001625,1474,785367,347521,9.803230285644531,248.9532165527344
721,-259.3905891031027,2,8.211625375999574,169,604860,251395,3.062469720840454,106.8083038330078
722,-1730.706561550498,4,56.95365641099852,1379,606239,252774,3.1102371215820312,106.35179138183594
723,32.56709386408329,1,5.917298618000132,136,606375,252910,2.9934115409851074,106.63053131103516
724,-1640.103969886899,4,57.59971572199902,1392,607767,254302,3.052464246749878,106.37267303466795
725,-1393.481932938099,4,55.11513192299935,1333,609100,255635,3.11256742477417,106.66990661621094
726,-2070.6278387606144,4,49.96032419099902,1486,791544,353698,9.83021640777588,248.02456665039065
727,-152.50884690880775,1,13.91126347000136,398,791942,354096,9.618419647216797,247.1829833984375
728,-4929.423393845558,4,49.97658232899994,1505,793447,355601,9.835063934326172,247.3850555419922
729,-3571.558265864849,4,49.98136699099996,1495,794942,357096,9.749444961547852,247.3545837402344
730,-2989.779849454761,4,49.37838847700005,1448,796390,358544,9.795051574707031,246.7695770263672
731,-452.8338362798095,1,34.808405146999576,833,612441,258976,3.0910158157348637,106.88957214355467
732,-506.8104050755501,1,29.08314845700079,700,613141,259676,3.136498212814331,106.94405364990234
733,-231.247891664505,2,2.9007899749994976,61,613202,259737,3.135676860809326,107.49568176269533
734,-24.455350950360295,1,10.152649248000673,241,613443,259978,3.01636004447937,106.92849731445312
735,-124.6526288986206,1,16.957837615000244,417,802046,364200,9.80318546295166,246.09251403808597
736,-4246.774249315262,4,49.94942393699967,1218,803264,365418,9.909412384033203,246.4281311035156
737,-1421.9357713609934,4,49.57260857000074,1306,804570,366724,9.804668426513672,246.30419921875
738,40.67861931025982,1,5.333929200998682,124,615205,261740,3.101651668548584,106.99518585205078
739,-2159.17094796896,4,50.15044583999952,1173,805804,367958,9.798818588256836,245.84353637695312
740,-2000.1328895241024,4,50.2246823280002,1258,807062,369216,9.731050491333008,245.7399444580078
741,59.82242640852928,1,2.809374434998972,76,807138,369292,9.647313117980955,247.8065643310547
742,-102.57914370298386,1,16.540697758000533,385,618417,264952,3.132189989089966,107.3409423828125
743,-166.64369724690914,1,18.57125140800053,437,618854,265389,3.1519899368286133,107.39639282226562
744,33.26239728927612,1,4.936035918000925,128,809672,371826,9.56583023071289,245.89454650878903
745,-1169.154212743044,4,49.95790582600057,1120,810792,372946,9.73524284362793,245.3675994873047
746,-3451.587036639452,4,49.96591390299909,1243,812035,374189,9.903510093688965,244.5109405517578
747,-414.7877097725868,1,32.180393728000126,764,621195,267730,3.1327226161956787,107.37947082519533
748,-1096.843031540513,4,49.13559863099909,1160,813498,375652,9.882286071777344,245.03135681152344
749,69.28254947066307,1,3.927932812999643,90,622604,269139,3.055929660797119,107.17621612548828
750,-886.8922238051891,1,40.80949392199909,961,623565,270100,3.1111724376678467,107.57112884521484
751,-932.5296668857336,2,44.61915133500042,1059,624624,271159,3.1411375999450684,107.39984130859376
752,-2677.1840034127235,4,50.22609006300081,1106,818553,380707,9.784817695617676,245.1158447265625
753,-574.5509201586246,1,35.23187599099947,830,625797,272332,3.146270036697388,107.742919921875
754,-2019.774932935834,4,50.19392453699948,1299,820038,382192,9.77362060546875,245.0099639892578
755,-1708.9773846566677,4,49.943483928000205,1296,821334,383488,9.747111320495604,244.80413818359372
756,-1196.764209151268,4,49.40692666399991,1309,822643,384797,9.763362884521484,244.3053436279297
757,-1932.9227134734392,4,49.34140243100046,984,823627,385781,9.720029830932615,244.040771484375
758,-1449.1689051687715,4,58.10508153699993,1371,629440,275975,3.187273502349853,107.80007934570312
759,-152.414293512702,1,24.990234482000236,589,630029,276564,3.178349256515503,107.74761199951172
760,-246.76083087921145,2,2.932062898000368,65,630094,276629,3.076573371887207,107.78947448730467
761,-1185.1642991304398,4,49.24942757400095,887,826551,388705,9.726346969604492,243.6724548339844
762,17.54932214319706,1,7.950747932000013,179,631579,278114,3.2356152534484863,108.264892578125
763,-1887.510010868311,4,49.725883597000575,1249,828759,390913,9.67673397064209,243.80162048339844
764,19.614439457654957,1,6.11524289999943,151,828910,391064,9.703027725219728,244.80059814453125
765,-3785.7119570970535,2,48.75982656399901,1126,830036,392190,9.710856437683104,243.14614868164065
766,-206.15899407863617,1,20.078296300000147,477,830513,392667,9.866869926452637,244.50164794921875
767,-2322.7490717470646,4,49.17138670199893,1128,831641,393795,9.856711387634276,244.0563507080078
768,-215.29592031240463,1,25.37970541100003,568,832209,394363,9.740758895874023,243.046875
769,-4672.460021406412,4,49.524961359999,1240,833449,395603,9.746552467346191,243.22711181640625
770,-1463.089075267315,4,50.16730562699922,1302,834751,396905,9.869203567504885,243.38267517089844
771,-1319.421336531639,4,49.51768070800063,1356,836107,398261,9.67250919342041,243.4745635986328
772,-228.7580172419548,1,16.738611188000505,440,634668,281203,3.2488315105438232,108.13068389892578
773,-1949.7809299826624,4,50.38089235500047,1419,838909,401063,9.829300880432127,243.88890075683597
774,-1110.6593852639198,2,34.983240073999696,876,636005,282540,3.2367498874664307,108.07936096191406
775,-356.2474212795496,2,10.54728810100096,256,636261,282796,3.192732095718384,108.18214416503906
776,-20.752171576023105,1,15.613605881000694,354,636615,283150,3.2855727672576904,108.58892059326172
777,-1041.782713741064,4,52.55212768599995,1263,637878,284413,3.217941999435425,108.36740112304688
778,-3329.3333545923238,4,50.22842611899978,1413,845147,407301,9.775588035583496,244.1803741455078
779,-1854.837334573269,4,49.15017547100069,1372,846519,408673,9.789941787719728,243.9909820556641
780,-2531.1748975664377,4,49.38599548999992,1385,847904,410058,9.749420166015623,244.0841827392578
781,-3860.534047663212,4,50.126088675000574,1404,849308,411462,9.838356971740724,243.9926300048828
782,-2120.4799461960797,4,49.581855393000296,1372,850680,412834,9.74010181427002,243.9393615722656
783,-1232.9039480388165,4,55.36796770599904,1316,642023,288558,3.244392156600952,108.6928939819336
784,-1481.9185018539429,4,49.97258698099904,1394,853182,415336,9.873963356018066,244.09304809570312
785,-176.1342348754406,1,12.939525890000368,301,642650,289185,3.372178077697754,108.74810028076172
786,-1333.2094793915749,4,50.37100074599948,1404,854874,417028,9.846435546875,243.21536254882807
787,-2306.157906249165,4,50.17357748799986,1393,856267,418421,9.657663345336914,243.02525329589844
788,50.06528929620981,1,6.516629560001093,140,643487,290022,3.334137439727783,108.92093658447266
789,-369.970822930336,1,25.12626303700017,594,644081,290616,3.2917962074279785,108.8822250366211
790,-495.9285174310208,1,38.13322429599975,904,644985,291520,3.258535623550415,108.8563003540039
791,-1066.302465081215,4,55.95021313899997,1318,646303,292838,3.310488224029541,109.04143524169922
792,61.88216459751129,1,3.735439860000042,87,646390,292925,3.236582040786743,108.6312484741211
793,-2626.85272538662,4,49.577699444000245,1353,864442,426596,9.81688404083252,241.97064208984372
794,-1227.1525471508503,4,49.16393563600104,1356,865798,427952,9.685687065124512,241.5002593994141
795,-1859.8636036217213,4,49.57784216300024,1363,867161,429315,9.65820598602295,241.0707550048828
796,-416.56521831452847,2,17.171805370000584,401,647871,294406,3.297978162765503,108.88150787353516
797,-75.80651143193245,1,19.022478713000964,449,648320,294855,3.4016036987304688,108.94221496582033
798,-3183.1622522622347,4,48.75457142599953,1329,871183,433337,9.644389152526855,240.3868560791016
799,-1841.56550642848,4,49.38376125200011,1349,872532,434686,9.625968933105469,240.2407989501953
800,-487.0823856294155,1,31.563573868001185,851,873383,435537,9.51688289642334,240.6338653564453
801,-1233.6687210798264,2,31.03814936100025,716,651993,298528,3.321844577789306,109.14950561523438
802,-57.05750003457069,1,21.56050282400065,489,652482,299017,3.3305649757385254,109.3017349243164
803,-1903.3618478178976,4,50.18385888699959,1362,877198,439352,9.51473617553711,238.88064575195312
804,-369.3963390365243,1,35.836969272000715,829,654432,300967,3.3187379837036133,109.58160400390624
805,-446.1131251007319,2,16.6465617549984,380,654812,301347,3.362399101257324,109.4821319580078
806,61.01990100741386,1,4.089115773998856,87,654899,301434,3.3097965717315674,109.24156188964844
807,-1057.965727508068,2,39.10388252099983,901,655800,302335,3.2750301361083984,109.51231384277344
808,-1370.303481683135,4,49.99477462600044,1385,882665,444819,9.474913597106934,237.6464080810547
809,-504.2802615314722,2,15.326469810999695,349,656355,302890,3.3036937713623047,109.59017944335938
810,-1953.7498407065868,4,49.78077206799935,1380,885424,447578,9.474717140197754,238.05984497070312
811,-363.8173805177212,1,24.87853580699993,688,886112,448266,9.575484275817873,238.0221405029297
812,-4779.208217442036,4,49.36032352899929,1358,887470,449624,9.534645080566406,237.9250030517578
813,-2622.7467553317547,4,49.58347900700028,1367,888837,450991,9.615981101989746,237.90419006347656
814,7.023083478212357,1,7.941710466000586,178,658705,305240,3.3665859699249268,109.55728912353516
815,-3187.8664636164904,4,49.98666889299966,1364,891560,453714,9.521672248840332,237.8860015869141
816,-1871.6135190725329,4,48.95628097000008,1335,892895,455049,9.675210952758787,238.13693237304688
817,-48.86889232695103,1,11.353516531000423,252,660136,306671,3.450313091278076,109.52790832519533
818,-806.4606434851885,1,19.34484410799996,520,894756,456910,9.472827911376951,237.1221160888672
819,-1423.207058802247,1,44.12687949599968,1196,895952,458106,9.646772384643556,237.81121826171875
820,-975.2635621279478,1,52.91050471000017,1209,662116,308651,3.2844643592834477,109.34963989257812
821,-1305.5416705608368,4,49.09516505099964,1336,898641,460795,9.584457397460938,237.24468994140625
822,-150.24896144866943,1,14.16110555600062,323,662969,309504,3.288212537765503,109.37709045410156
823,-241.40074594318867,1,19.392904411999552,442,663411,309946,3.2712650299072266,109.27433013916016
824,-1036.1672700047493,4,50.40618711499883,1369,902607,464761,9.559588432312012,236.9435272216797
825,-756.0376761034131,1,49.5032358490007,1124,664751,311286,3.363348484039306,109.32118225097656
826,-236.4978346824646,2,2.5094918289996717,49,664800,311335,3.487566947937012,109.03887176513672
827,-1471.3628783524036,1,34.33004298200103,932,906225,468379,9.628093719482422,236.83999633789065
828,-14.838754460215569,1,8.716587212000377,201,666214,312749,3.3878729343414307,109.35003662109376
829,-106.38750970363616,1,19.94927491999988,447,666661,313196,3.4246490001678467,109.41658020019533
830,-4227.313097625971,4,49.98928060099934,1365,910251,472405,9.437091827392578,236.0038909912109
831,-6.235858380794525,1,7.863502522999624,209,910460,472614,9.391416549682615,235.50421142578125
832,-2004.564147144556,4,49.95983173700006,1339,911799,473953,9.462262153625488,236.26785278320312
833,-3234.7537956237798,4,49.756794257000365,1357,913156,475310,9.48855972290039,236.3353271484375
834,-39.54055207967758,1,11.549858487000163,259,669230,315765,3.2841336727142334,109.45206451416016
835,-372.3190484791994,2,17.810489748999316,362,669592,316127,3.317237377166748,109.28645324707033
836,25.741241455078125,1,7.957320702000288,175,669767,316302,3.350517988204956,109.44084930419922
837,-2454.049176067114,4,48.75445294800011,1266,917704,479858,9.53864860534668,235.5984649658203
838,-1772.5060980021954,4,49.78139976199964,1332,919036,481190,9.611783027648926,235.2467193603516
839,-1280.8223417848349,4,50.36926772199877,1347,920383,482537,9.535018920898438,235.31784057617188
840,-2129.818307250738,4,49.17405548900024,1315,921698,483852,9.517617225646973,234.6764068603516
841,-2922.243620619178,4,49.310487413999,1312,923010,485164,9.621808052062988,235.2990875244141
842,82.474465072155,1,1.9063595370007531,41,923051,485205,9.962034225463867,238.4279022216797
843,-4041.75320315361,4,49.5492957309998,1310,924361,486515,9.49255657196045,234.5636138916016
844,-2109.606514751911,4,49.58987076199992,1311,925672,487826,9.462383270263672,235.45187377929688
845,-2701.549337595701,4,49.77425334599866,1318,926990,489144,9.503213882446287,235.7356109619141
846,-104.93652521073818,1,12.345015565999349,324,927314,489468,9.675607681274414,235.5695953369141
847,-1545.6149020940063,4,49.5331249489991,1301,928615,490769,9.59449291229248,235.2623291015625
848,-1970.3348736166956,4,50.18247988400071,1327,929942,492096,9.522865295410156,235.2969970703125
849,-2217.893544226885,4,50.5745340450012,1329,931271,493425,9.66028118133545,235.50094604492188
850,-36.24656270444393,1,17.37389180000173,380,680008,326543,3.456920862197876,110.46685028076172
851,-401.2284812033176,1,16.007243261999974,353,680361,326896,3.429492473602295,110.51296997070312
852,-39.748294204473495,1,15.545139345998903,347,680708,327243,3.4744155406951904,110.1600570678711
853,-878.0116844251752,1,51.69905045899941,1164,681872,328407,3.387136936187744,110.47698211669922
854,-638.0208006352186,1,43.172088983999856,964,682836,329371,3.4574005603790283,110.6236801147461
855,-1077.4041581600904,4,53.99547492700003,1196,684032,330567,3.449913263320923,110.62388610839844
856,-2973.5107139348984,4,49.96848096699978,1313,938763,500917,9.553937911987305,235.1175994873047
857,-2875.453263491392,4,48.96396826400087,1278,940041,502195,9.584269523620604,235.8475341796875
858,-1682.234539322555,4,55.699824187999184,1238,686836,333371,3.42911958694458,110.52567291259766
859,51.562624990940094,1,4.32498293199933,110,941448,503602,9.535577774047852,236.8912353515625
860,-1135.481600701809,4,55.13778470000034,1235,688264,334799,3.4222006797790527,110.85022735595705
861,-545.8901006728411,1,38.92271803499898,863,689127,335662,3.4485738277435303,110.82835388183594
862,-2902.308767169714,4,49.76001767299931,1275,944646,506800,9.544750213623049,236.1768341064453
863,-54.70129859447479,1,12.07318694099922,260,689433,335968,3.4715168476104736,110.97669982910156
864,-1837.9873071610928,4,49.20575259199904,1281,947225,509379,9.596746444702148,235.63731384277344
865,-2249.877839446068,4,49.52646069699949,1278,948503,510657,9.581029891967772,235.6226959228516
866,-563.6831156462431,1,45.40578509500119,1009,691152,337687,3.4035587310791016,110.7599868774414
867,-1425.7622361779213,4,49.74430682300044,1277,949937,512091,9.557615280151367,235.85708618164065
868,0.2776109427213669,1,9.33378077999987,238,950175,512329,9.598280906677246,235.90798950195312
869,-2574.58342307806,4,50.15834991600059,1291,951466,513620,9.558876037597656,236.1474456787109
870,-1333.1917874962091,4,50.20107713799917,1293,952759,514913,9.529712677001951,236.07530212402344
871,-227.62445068359372,2,3.5215126650000457,71,692444,338979,3.6163949966430655,111.46282196044922
872,-585.4339769333601,1,33.722618060999594,744,693188,339723,3.4493110179901123,111.04302215576172
873,-434.4673429429531,2,22.08039436099898,481,693669,340204,3.462432622909546,110.82400512695312
874,-1909.8985129371283,4,55.80325150399949,1229,694898,341433,3.452515125274658,111.02132415771484
875,-5.5241119265556335,1,11.931209753000076,256,695154,341689,3.3725361824035645,111.27810668945312
876,-1281.3456305116415,4,49.59561232200031,1255,958445,520599,9.604350090026855,236.0588836669922
877,-2212.367166519165,4,48.95508986800087,1247,959692,521846,9.638458251953123,235.83074951171875
878,-915.610863558948,4,53.17552810599955,1139,696681,343216,3.435494899749756,110.97574615478516
879,-571.3215868622065,1,30.748795894000068,773,961732,523886,9.617764472961426,235.7448883056641
880,-245.3524607419968,2,2.309062411000923,42,697815,344350,3.353088855743408,110.76885986328124
881,-1378.1721954494717,2,39.89531673900092,874,698689,345224,3.4543099403381348,111.0321807861328
882,32.37383446097374,1,8.481673645999763,143,698832,345367,3.504549741744995,111.36027526855467
883,-2076.7825015485287,4,50.37281592399995,1271,965157,527311,9.617596626281738,236.3983612060547
884,28.320597678422928,1,5.141290499001116,126,965283,527437,9.22097110748291,235.6576690673828
885,-237.7642177939415,2,3.937696330000108,81,700465,347000,3.3253979682922363,111.57575988769533
886,-2131.860635340214,4,50.17778038600045,1247,967807,529961,9.638989448547363,235.9137115478516
887,-1203.1606433838606,4,53.627270368999234,1167,702191,348726,3.4394359588623047,111.19596099853516
888,45.49324953556061,1,4.086041251997813,100,969157,531311,9.315014839172363,235.71917724609372
889,-1715.6177827715874,4,57.369681682999726,1257,703693,350228,3.422151565551758,111.21434783935548
890,-1012.1950202807784,4,49.98405542299952,1257,971669,533823,9.544316291809082,235.7906188964844
891,-508.0974023640156,1,20.07445873100005,510,972179,534333,9.502400398254396,235.35400390625
892,-2370.4068835377693,4,49.5494543140012,1254,973433,535587,9.607186317443848,235.21961975097656
893,-350.44461469352245,1,21.34289274699768,537,973970,536124,9.645429611206056,235.46554565429688
894,-1763.3045723736286,4,50.55730323800162,1274,975244,537398,9.45677661895752,235.3682556152344
895,25.07668075710535,1,7.249616443999912,154,707145,353680,3.4585976600646973,111.73296356201172
896,-3423.2024743556976,4,49.21036291400014,1226,977720,539874,9.587916374206545,236.00851440429688
897,-153.19618532061577,1,17.754486360001465,385,708381,354916,3.42531156539917,111.83374786376952
898,-2443.451658129692,4,49.76526540199848,1240,979029,541183,9.634446144104004,236.3516845703125
899,34.67391583323479,1,4.925449254998966,121,979150,541304,9.579263687133787,237.29556274414065
900,-2874.085105255246,4,49.92743372800032,1237,980387,542541,9.612970352172852,235.87384033203125
901,-1764.2902278602123,2,34.93259573899991,1308,1031297,50910,4.526893138885498,167.4882354736328
902,-789.8673856854439,4,55.16645162500026,1192,712110,358645,3.477580070495605,112.06565856933594
903,-4485.847049176693,4,55.863313431999984,3681,987805,7418,0.0,0.0
904,-941.3108444660902,4,56.71008338300089,1234,713617,360152,3.442600727081299,111.9766616821289
905,-1282.9117050468922,1,22.177850296999992,1443,992969,12582,0.0,0.0
906,-1999.6442773342133,4,55.53014830699999,1792,1040296,59909,4.402398586273193,221.49313354492188
907,-139.76213124394417,1,5.525406584999985,348,997001,16614,0.0,0.0
908,-3384.218537867069,4,56.43345002899997,3711,1000712,20325,0.0,0.0
909,-4375.324469506741,4,53.91136690799999,3700,1004412,24025,0.0,0.0
910,-2105.4306265711784,4,54.82280596400005,1267,1043540,63153,4.300302028656006,212.34371948242188
911,-2884.641138225794,4,50.10243558699949,1234,991776,553930,9.504127502441406,235.5550994873047
912,-2341.23414093256,4,55.33182692599985,1179,719256,365791,3.441967725753784,112.0888442993164
913,-389.0992077514529,1,36.75448455899823,800,720056,366591,3.457837581634521,112.3198013305664
914,-2145.188357591629,4,50.58039540699974,1228,995451,557605,9.557011604309082,235.4881134033203
915,-332.19787476956844,1,16.52949050800089,401,995852,558006,9.424827575683594,235.53436279296875
916,-366.25342005491257,2,7.535203624000131,156,720625,367160,3.446192502975464,112.26079559326172
917,-37.35219222307205,1,17.371970333999343,370,720995,367530,3.464301347732544,112.37682342529295
918,-1752.6778847575188,2,26.160848709999986,1410,1030658,50271,1.2466084957122805,44.05179214477539
919,-1425.990125656128,2,29.55877989800001,937,1053518,73131,3.445556879043579,182.94036865234372
920,-2512.158847495913,2,53.53579542400007,1716,1055234,74847,3.3307132720947266,180.15045166015625
921,-2982.262164369225,4,51.543466752000086,1626,1056860,76473,3.333529233932495,178.02459716796875
922,-303.3096994757652,1,29.16912237399993,621,723583,370118,3.52285099029541,112.34117126464844
923,-1875.727309972048,2,27.40995882700008,860,1059086,78699,3.313184976577759,174.2605438232422
924,-621.0728818923235,1,34.53425217799668,791,1005564,567718,9.40070343017578,235.35205078125
925,-203.41489946842196,1,19.153401048000887,401,725799,372334,3.463620901107788,112.17504119873048
926,-805.5880315601826,2,35.11736853599905,741,726540,373075,3.5947265625,112.33831024169922
927,-72.18341359496117,1,15.332606846999624,321,726861,373396,3.5339341163635254,112.2616195678711
928,-1273.845928966999,2,31.32510063299992,977,1064289,83902,3.0306246280670166,165.153076171875
929,-3073.39905372262,4,49.78469469400079,1180,1010686,572840,9.602477073669434,234.93667602539065
930,9.68978187441826,1,9.32039764199726,219,1010905,573059,9.574152946472168,235.3678131103516
931,-25.52466394007206,1,15.782443071999296,332,729784,376319,3.599461555480957,112.3978500366211
932,-864.9621419906616,4,56.06354845499845,1185,730969,377504,3.5298283100128174,112.46842193603516
933,62.17525928467512,1,5.335461286002101,110,731079,377614,3.5557162761688232,112.25003814697266
934,4.682349219918251,1,7.535878818000128,214,1068473,88086,2.822839975357056,156.81309509277344
935,-1078.4898131936789,4,56.95628872499947,1196,733493,380028,3.539257764816284,112.38435363769533
936,-444.4759105592966,1,21.181063343999995,628,1069880,89493,2.773579835891724,154.59429931640625
937,-392.7974197864533,2,17.14618030099882,356,734345,380880,3.5357472896575928,112.64280700683594
938,-1858.9864533245564,4,50.56875490099992,1184,1018457,580611,9.518380165100098,234.9555511474609
939,-287.5606828480959,2,10.526731679001388,217,735744,382279,3.579843521118164,112.71994018554688
940,-1035.712694823742,1,54.67667105899818,1154,736898,383433,3.5067951679229736,112.27777099609376
941,-406.5198175907135,2,7.174412091000704,150,737048,383583,3.558307409286499,112.339111328125
942,-996.94144231081,2,55.98743118499988,1176,738224,384759,3.5471134185791016,112.71529388427734
943,-1603.0671861469746,4,56.00990250099994,1550,1074434,94047,2.7284741401672363,148.68789672851562
944,-695.2474033087492,4,51.43891621200237,1078,739714,386249,3.528139114379883,112.59368896484376
945,-127.63278552889824,1,17.811998237997614,368,740082,386617,3.51627779006958,112.36819458007812
946,-713.8630075156689,2,27.413702612999717,756,1077117,96730,2.7871570587158203,146.5585479736328
947,-211.58236145973208,2,1.8901597060030328,34,740591,387126,3.7312498092651367,112.7683563232422
948,-269.2000680118799,2,10.157036189000792,212,740803,387338,3.573857545852661,112.65045166015624
949,-1223.3804752081633,4,57.23242452100021,1188,741991,388526,3.5378100872039795,112.49271392822266
950,-2192.5962913930416,2,52.42283185099996,1426,1080425,100038,2.7491295337677,144.61085510253906
951,-77.82684367895126,1,11.90107332000025,319,1080744,100357,2.71673846244812,144.6273651123047
952,-473.1960467547178,1,37.781168396999874,993,1081737,101350,2.7584152221679688,144.0569610595703
953,-1289.8018348813057,2,17.76698826999973,445,1082182,101795,2.781916856765747,143.86676025390625
954,-147.3236999362707,1,17.746304782000152,434,1082616,102229,2.7817223072052,144.044921875
955,-1546.4720467329023,2,35.777484707999974,912,1083528,103141,2.7685787677764893,143.30728149414062
956,55.16282247006893,1,4.5400187589998495,110,1083638,103251,2.847854852676392,144.16737365722656
957,-1393.115675419569,4,57.45672447299876,1180,747346,393881,3.503368377685547,112.55598449707033
958,-1395.2818154543638,4,54.9217213070001,1350,1085574,105187,2.7141571044921875,142.2285614013672
959,-24.41489064693451,1,11.565361793000193,286,1085860,105473,2.7536983489990234,141.8968048095703
960,38.61952406913042,1,7.302377721000084,145,748850,395385,3.459294080734253,112.45987701416016
961,-1676.453544214368,4,53.17679550399998,1354,1088665,108278,2.7564451694488525,140.1954803466797
962,-435.3349551558495,1,31.415388298999915,796,1089461,109074,2.773921251296997,139.75491333007812
963,-387.8838857412338,1,32.01283874000001,806,1090267,109880,2.7572176456451416,138.8383331298828
964,-680.01265001297,1,30.215616666000187,770,1091037,110650,2.747919797897339,138.35052490234375
965,-520.2258383631706,2,8.892828103000284,218,1091255,110868,2.8104588985443115,138.00160217285156
966,-699.113051250577,4,56.96904325399737,1149,752488,399023,3.5528523921966557,112.22351837158205
967,-1533.4541650861502,4,56.46030551100012,1418,1092995,112608,2.720824956893921,137.32608032226562
968,-4.240851879119873,1,8.929046477999691,218,1093213,112826,2.739340305328369,136.80674743652344
969,-482.8503057509661,1,41.46641068000099,850,753833,400368,3.5520527362823486,112.32225799560548
970,-220.23969054222107,1,22.256749883999877,460,754293,400828,3.4673550128936768,112.41226196289062
971,-217.5765305161476,2,2.102392687000247,30,754323,400858,3.3007493019104004,113.0617446899414
972,-44.29756861925125,1,19.37200963400028,394,754717,401252,3.4788949489593506,112.37926483154295
973,-470.4743523895741,1,43.7790286030031,887,755604,402139,3.473862409591675,112.21350860595705
974,-259.97557654976845,2,4.511451689999831,109,1096973,116586,2.63431715965271,133.81182861328125
975,-50.77519369125366,1,11.9463186160001,305,1097278,116891,2.578054428100586,133.86448669433594
976,-274.76958361268044,1,32.39672096200002,820,1098098,117711,2.613033533096313,133.52682495117188
977,-568.6636939644814,1,36.24851935700008,922,1099020,118633,2.6468513011932373,133.0816650390625
978,-132.50394882261753,1,24.474438877998185,500,757569,404104,3.5250463485717773,112.17696380615234
979,-160.50848834216595,1,29.196512500002427,593,758162,404697,3.491394519805908,112.39826965332033
980,-290.6369520574808,1,25.447542824997072,523,758685,405220,3.4853029251098637,112.18942260742188
981,-225.48840724676847,1,18.867906644999948,465,1101866,121479,2.559293270111084,131.1680450439453
982,-1056.2675151079893,4,57.28214720599863,1181,760366,406901,3.502652168273926,112.11910247802734
983,48.58294951170683,1,8.920864519001043,135,760501,407036,3.496540307998657,112.19226837158205
984,-378.939358279109,2,9.92243028599978,244,1103013,122626,2.5625596046447754,130.10020446777344
985,-153.33315116167068,1,24.84198244399886,506,761330,407865,3.5075058937072754,111.9614486694336
986,-628.6082123070955,1,35.634364722999635,891,1104287,123900,2.56821608543396,129.83139038085938
987,-55.34336005151272,1,18.661171743999148,378,761829,408364,3.414461374282837,112.17118072509766
988,-0.2877557724714279,1,12.530395175999727,251,762080,408615,3.5222415924072266,112.1875991821289
989,-563.7142300307751,2,21.440488919997733,433,762513,409048,3.461598396301269,111.95471954345705
990,86.00037689507008,1,1.5299545939997188,30,762543,409078,3.4690632820129395,111.15900421142578
991,-1660.494617626071,4,56.12087881499974,1733,1109574,129187,2.443224668502808,127.03894805908205
992,-520.2352574765682,1,29.16925078200029,890,1110464,130077,2.4431395530700684,126.8584213256836
993,-347.116255953908,1,32.24651012300092,658,763652,410187,3.468003034591675,112.03978729248048
994,-14.02788658440113,1,7.317612267000186,216,1110758,130371,2.446250438690185,126.30150604248048
995,-866.5407264903188,4,52.30376185100249,1070,764752,411287,3.465198516845703,111.97158813476562
996,-876.0399446412921,4,57.46079374300098,1173,765925,412460,3.477654218673706,112.10462951660156
997,-421.56831823289394,1,39.71550593500069,816,766741,413276,3.531583547592163,112.13978576660156
998,-244.889582708478,1,21.767076231997635,438,767179,413714,3.5291566848754883,112.02749633789062
999,-452.7191709131002,2,20.23511762300041,411,767590,414125,3.554677724838257,112.24349212646484
1000,53.16424569487572,1,6.514562616001058,128,767718,414253,3.440840721130371,111.71865844726562
1001,-307.06746381521225,2,3.404480733000128,99,1115320,134933,2.3526852130889893,123.9627685546875
1002,-272.0045915842056,1,23.774000217999856,716,1116036,135649,2.399374723434448,124.14400482177734
1003,-334.9005395770073,2,4.530947292000292,136,1116172,135785,2.3858659267425537,124.09680938720705
1004,-377.000144213438,1,28.181534827000178,863,1117035,136648,2.352229356765747,123.6625518798828
1005,-682.8707022368908,2,10.323780354000064,310,1117345,136958,2.3862290382385254,123.62686157226562
1006,-71.42786628007889,1,11.740426968000063,363,1117708,137321,2.400360584259033,123.3893585205078
1007,-312.6781340390444,1,19.186892798999907,581,1118289,137902,2.353839635848999,123.1138687133789
1008,-375.6210852563381,1,26.369236335000096,806,1119095,138708,2.353704929351806,122.8117218017578
1009,-458.420379653573,1,32.26022442300018,738,773270,419805,3.542226076126098,112.00607299804688
1010,-359.8695201724768,1,28.295810884000275,805,1119930,139543,2.387342929840088,122.44566345214844
1011,-2301.762961804867,2,28.173796629999742,851,1120781,140394,2.3697855472564697,122.46609497070312
1012,-216.96830493211743,2,3.735442646000593,69,775028,421563,3.5667433738708496,112.5080337524414
1013,-475.79983952641487,1,32.01335793499948,971,1121847,141460,2.402822971343994,122.45223236083984
1014,-267.4666380286217,2,3.3255858219999936,93,1121940,141553,2.29734468460083,122.4218292236328
1015,-186.39229264110327,1,14.713719399000183,441,1122381,141994,2.3747658729553223,121.84477996826172
1016,-935.5130989849569,1,38.77434543500021,1186,1123567,143180,2.3388822078704834,121.63066864013672
1017,-485.8746021911502,1,23.95701822699993,728,1124295,143908,2.3701131343841557,121.4531707763672
1018,-235.31114138662812,2,4.93646123399958,90,778277,424812,3.7223172187805176,111.6688995361328
1019,-815.920503154397,1,26.215868974999463,797,1126724,146337,2.3778767585754395,120.54933166503906
1020,-316.3849382996559,2,2.525712169000144,71,1126795,146408,2.257861852645874,120.10111236572266
1021,11.915391117334366,1,11.463130547999754,228,780413,426948,3.52162766456604,111.81056213378906
1022,-761.1093700528145,4,57.37615111800187,1165,781578,428113,3.4922666549682617,111.99938201904295
1023,-1060.7559892833233,4,57.760053431000415,1182,782760,429295,3.4746105670928955,111.93495178222656
1024,-404.395038574934,1,27.047328147999902,883,1130725,150338,2.349544048309326,119.9980697631836
1025,-598.1538452655077,2,29.0437869640009,596,783388,429923,3.492931365966797,111.98074340820312
1026,-38.6728378534317,1,6.095907759000511,196,1131226,150839,2.258744955062866,119.6351318359375
1027,-267.8316214680672,1,26.166844806999507,846,1132072,151685,2.3684511184692383,119.86471557617188
1028,-95.7989163696766,1,23.9866570890008,489,786130,432665,3.499454498291016,112.03223419189452
1029,-1548.4463708996773,2,39.135434541,1262,1133722,153335,2.375786304473877,120.00487518310548
1030,-563.2087589949369,1,32.50629352299984,1014,1134736,154349,2.3701939582824707,120.02336120605467
1031,-313.9429467022419,2,10.272430872999394,200,786449,432984,3.6234967708587646,112.05950164794922
1032,-18.078579768538475,1,15.338429748000635,308,786757,433292,3.5242769718170166,111.82599639892578
1033,-119.2560547888279,1,22.255103122002765,451,787208,433743,3.517287254333496,111.81082153320312
1034,-165.32838152348995,1,29.96086903000105,605,787813,434348,3.450237274169922,111.83528137207033
1035,-211.6775782108307,2,1.707606134001253,33,787846,434381,3.4604644775390625,111.38479614257812
1036,-208.13938508927825,1,25.858849375999853,521,788367,434902,3.5357894897460938,111.9646453857422
1037,-229.14050710201263,2,1.7059658850012056,30,788397,434932,3.3390495777130127,112.6726531982422
1038,65.97006270289421,1,4.329400031001569,86,788483,435018,3.464447021484375,111.49932861328124
1039,-1096.1687018722296,4,57.15923988799841,1159,789642,436177,3.526003360748291,111.91775512695312
1040,-436.113277733326,1,43.117974844000855,875,790517,437052,3.53403377532959,111.86956787109376
1041,-1038.208506181836,4,58.12336500099991,1178,791695,438230,3.5206446647644043,111.89156341552734
1042,-1158.775452643633,4,55.32079785399765,1126,792821,439356,3.5459890365600586,112.02267456054688
1043,-5.45695486664772,1,12.332645288999627,266,793087,439622,3.451167106628418,111.7938461303711
1044,-258.6338582262397,1,26.79252732199893,591,793678,440213,3.5225422382354736,111.92198181152344
1045,-795.2433962970972,1,53.5346245940018,1174,794852,441387,3.469481468200684,111.84979248046876
1046,-452.55436781048775,1,37.85081682800228,836,795688,442223,3.486655712127685,111.96167755126952
1047,-73.24630633741617,1,17.13553479300026,347,796035,442570,3.4874067306518555,111.91564178466795
1048,-209.5649953335524,1,20.274809008999,451,796486,443021,3.481959581375122,111.77564239501952
1049,-962.9328712970018,4,57.70617932900132,1281,797767,444302,3.5429649353027344,111.85366821289062
1050,-784.1837074384093,4,51.69074863899732,1084,798851,445386,3.491460084915161,111.77044677734376
1051,21.848527505993843,1,7.979688534996967,156,799007,445542,3.545731782913208,111.71271514892578
1052,-893.0525515377522,4,55.483164454999496,1050,800057,446592,3.5168139934539795,111.89781188964844
1053,-438.4395188838244,1,51.8885452909999,1016,801073,447608,3.4692492485046387,111.69636535644533
1054,-715.9690503403544,4,56.09507817300255,1099,802172,448707,3.507765054702759,111.47528076171876
1055,-356.48882941156626,1,32.267610407001484,637,802809,449344,3.487691879272461,111.52888488769533
1056,-826.7534415349364,4,57.12644045300112,1152,803961,450496,3.449721336364746,111.36746978759766
1057,-119.85960709303616,1,21.95529821899981,476,804437,450972,3.490420341491699,111.23676300048828
1058,-398.9085670113564,2,5.579792478001764,123,804560,451095,3.606464147567749,111.41590881347656
1059,-585.9928648769855,1,48.047344087000965,1055,805615,452150,3.5142157077789307,111.19564056396484
1060,-428.11346320807934,2,21.79865320400131,475,806090,452625,3.419118642807007,111.04834747314452
1061,-641.2140913307667,1,56.4932021099994,1243,807333,453868,3.4467506408691406,111.11910247802734
1062,-224.48411372303963,2,2.5063460179990216,48,807381,453916,3.4490861892700195,110.576904296875
1063,-9.22780868411064,1,12.15136472299855,269,807650,454185,3.592684268951416,110.6883316040039
1064,-147.29413253068924,1,15.593971752998186,338,807988,454523,3.528004646301269,110.87901306152344
1065,-638.9564984962344,1,47.79560960199888,1056,809044,455579,3.445197820663452,110.92536926269533
1066,-1006.7873888760804,2,52.66446610899948,1142,810186,456721,3.4674060344696045,110.73524475097656
1067,32.39025714993477,1,6.950405262999993,151,810337,456872,3.4080379009246826,110.77955627441406
1068,-139.0536757260561,1,28.22315886599972,623,810960,457495,3.493214607238769,110.8153839111328
1069,-740.7688874006271,2,23.79483128100037,525,811485,458020,3.459629774093628,110.90275573730467
1070,-835.5167425274849,4,53.42938146199958,1179,812664,459199,3.4367196559906006,110.62947845458984
1071,-67.83637869358063,1,13.936952692998602,302,812966,459501,3.4882125854492188,110.60105895996094
1072,-1007.2990310639144,4,57.89072543099974,1280,814246,460781,3.452965497970581,110.57476806640624
1073,-784.8116027936339,4,53.30885118899823,1187,815433,461968,3.499265432357788,110.4425048828125
1074,-146.97435645014048,1,24.96117615899857,549,815982,462517,3.513005256652832,110.15812683105467
1075,-329.99776078760624,1,43.26682090400209,959,816941,463476,3.4422736167907715,110.28702545166016
1076,-1045.6149528622627,4,55.43201134300034,1213,818154,464689,3.45363450050354,110.29352569580078
1077,-85.32268107682467,1,17.80739511399952,389,818543,465078,3.43848180770874,110.26060485839844
1078,-167.60378907620907,1,21.553070445999765,472,819015,465550,3.3970296382904053,110.25242614746094
1079,-916.6438621878624,4,57.27971301800062,1255,820270,466805,3.4644947052001958,110.0901107788086
1080,-979.8748903498054,4,56.8350685109981,1244,821514,468049,3.41237473487854,109.85687255859376
1081,-419.4443302154541,1,42.38749322500007,920,822434,468969,3.4724442958831787,109.9247817993164
1082,-246.4770582318306,2,2.126196080000227,44,822478,469013,3.5253920555114746,110.42333984375
1083,-158.48325195908546,1,14.128459200001087,306,822784,469319,3.421586275100708,109.87188720703124
1084,-322.9827854558825,1,39.86857114400118,866,823650,470185,3.408347845077514,109.68547821044922
1085,-1136.164880208671,4,57.24649769199823,1241,824891,471426,3.419137716293335,109.71145629882812
1086,-641.3755606710911,1,54.83367743100098,1195,826086,472621,3.43271803855896,109.50938415527344
1087,-536.1819122955203,1,44.65692984500129,979,827065,473600,3.403540849685669,109.70818328857422
1088,-141.8238374888897,1,22.121169292997365,478,827543,474078,3.3989992141723637,109.4985580444336
1089,-143.33514143526554,1,11.950187717000516,258,827801,474336,3.4468140602111816,109.55155181884766
1090,-276.01400408148766,2,8.321281438998994,177,827978,474513,3.4099669456481934,109.89469909667967
1091,-236.47636461257932,2,1.4774496129975887,30,828008,474543,3.39093017578125,110.05403900146484
1092,36.44594691693783,1,6.7252798290028295,140,828148,474683,3.3694777488708496,109.4347152709961
1093,-432.8767489492893,1,42.4123612479998,914,829062,475597,3.459237098693848,109.39901733398438
1094,-466.3185542374849,1,48.07149557500088,1054,830116,476651,3.4167001247406006,109.396484375
1095,-626.087572850287,1,48.65013197399821,1061,831177,477712,3.421006679534912,109.4094009399414
1096,-420.550056040287,2,20.47567687199989,445,831622,478157,3.328926086425781,109.2744140625
1097,-50.34059792757034,1,17.69495542099685,379,832001,478536,3.459244966506958,109.00035095214844
1098,-315.190703779459,2,9.143822483001712,198,832199,478734,3.460763692855835,109.19750213623048
1099,-1111.056511119008,4,53.44889953999882,1148,833347,479882,3.409626007080078,109.0821533203125
1100,-450.28690089285374,1,43.04020686500007,927,834274,480809,3.410313367843628,109.16551208496094
1101,-16.810507774353027,1,11.023969902998942,229,834503,481038,3.355344295501709,109.08758544921876
1102,-726.5702824294567,4,57.353603317002126,1223,835726,482261,3.4119389057159424,108.94534301757812
1103,-1192.3463808894155,4,57.086085381000885,1230,836956,483491,3.369414567947388,108.84065246582033
1104,-1183.6595497876406,1,56.70972890000121,1232,838188,484723,3.3707263469696045,108.79723358154295
1105,-883.6034997850657,4,54.22624190499846,1150,839338,485873,3.366961002349853,108.6831283569336
1106,-1362.0040636509657,4,55.05713622999974,1294,840632,487167,3.378048896789551,108.61737060546876
1107,-1731.6516037285328,4,57.13271667200024,1243,841875,488410,3.365952968597412,108.55636596679688
1108,53.12075366079807,1,6.335995464000007,137,842012,488547,3.401618480682373,108.7034912109375
1109,-748.8685580044985,4,57.915934458000265,1329,843341,489876,3.3835248947143555,108.64686584472656
1110,-116.84385932981968,1,26.610914718999997,617,843958,490493,3.373379707336426,108.68275451660156
1111,-550.1529296189547,1,32.132671968996874,744,844702,491237,3.326395273208618,108.57217407226562
1112,-64.50320519506931,1,20.36544887100172,471,845173,491708,3.412548780441284,108.47696685791016
1113,-598.4695625901222,2,21.52805389399873,496,845669,492204,3.34958291053772,108.22991943359376
1114,-156.2558096498251,1,21.39170663299956,502,846171,492706,3.294856309890747,108.17214965820312
1115,-220.88067549467087,2,1.5053367190012068,30,846201,492736,3.190150260925293,108.19258880615234
1116,-869.4214928373694,4,57.69843101000152,1348,847549,494084,3.3664779663085938,108.2369613647461
1117,-12.422343954443932,1,9.923564029999396,224,847773,494308,3.313937902450561,108.0392837524414
1118,-991.9486639127136,4,57.49781825900209,1331,849104,495639,3.383500337600708,108.14886474609376
1119,-38.60538396984339,1,20.76976346900119,456,849560,496095,3.382319688796997,107.99885559082033
1120,-990.4788584709167,4,55.82600424599877,1212,850772,497307,3.3560805320739746,107.97928619384766
1121,61.19873981177807,1,3.703882263002015,80,850852,497387,3.394156217575073,108.3970718383789
1122,-150.55958034098148,1,19.770377897002614,445,851297,497832,3.329833745956421,108.15446472167967
1123,-84.23353233933449,1,13.50194172800184,303,851600,498135,3.399064064025879,107.90938568115234
1124,-1331.2705704420805,1,54.92262841900083,1232,852832,499367,3.294300079345703,107.77877807617188
1125,-323.7289916276932,1,26.146225301999948,589,853421,499956,3.339862823486328,107.77365112304688
1126,-998.8214919492602,4,57.11437814999954,1316,854737,501272,3.2997398376464844,107.74382781982422
1127,-961.7399911358953,1,51.68196667600205,1181,855918,502453,3.3178250789642334,107.63180541992188
1128,-899.2749918103218,4,57.296921861001465,1315,857233,503768,3.342787981033325,107.52881622314452
1129,-141.0062142163515,1,21.800838806000684,491,857724,504259,3.356901168823242,107.5350341796875
1130,-332.387212343514,1,35.646606685000734,761,858485,505020,3.316946268081665,107.34159088134766
1131,-804.4957346618176,2,41.99926226300158,918,859403,505938,3.3405346870422363,107.38549041748048
1132,-84.71646566689014,1,16.977709957001935,378,859781,506316,3.38789176940918,107.3159408569336
1133,-251.2461705505848,2,5.11395617600283,111,859892,506427,3.402092456817627,107.47151947021484
1134,80.63346882164478,1,2.923067474002892,66,859958,506493,3.285616874694824,107.44065856933594
1135,-833.3954797014594,1,50.72186905699709,1150,861108,507643,3.3379902839660645,107.15804290771484
1136,-393.3103760331869,2,13.148803277999832,295,861403,507938,3.307917356491089,106.95629119873048
1137,-718.9375859573483,4,56.9558437889973,1299,862702,509237,3.322997808456421,107.05089569091795
1138,43.092248409986496,1,6.701752947999921,150,862852,509387,3.2886393070220947,107.2258758544922
1139,-431.4245252609253,2,16.560182982000697,371,863223,509758,3.304250240325928,107.06986236572266
1140,17.985124096274376,1,9.560820888000308,217,863440,509975,3.344223976135254,106.97415924072266
1141,-709.0636122450233,4,57.681975213999976,1311,864751,511286,3.3016278743743896,106.85256958007812
1142,-279.7097205892205,1,28.2479938280012,642,865393,511928,3.3414363861083984,106.88479614257812
1143,-717.3943862766027,4,53.46519212100248,1168,866561,513096,3.322197675704956,106.81309509277344
1144,20.972456485033035,1,6.553995483001927,138,866699,513234,3.3131699562072754,106.63233947753906
1145,-421.28633534908295,1,45.99724160999904,997,867696,514231,3.292513132095337,106.6220245361328
1146,-646.6298215687275,1,38.01994588600064,854,868550,515085,3.3104963302612305,106.52033996582033
1147,-910.4411234855652,1,50.88078044500071,1141,869691,516226,3.344502687454224,106.52792358398438
1148,-1181.2212953865528,4,56.86120122600187,1284,870975,517510,3.3062918186187744,106.47978973388672
1149,-17.57583911716938,1,12.12509824099834,272,871247,517782,3.296257734298706,106.58197021484376
1150,-233.6933753490448,2,3.702357272002701,76,871323,517858,3.3262429237365723,106.3123550415039
1151,-344.96576833724976,2,16.89856795399828,376,871699,518234,3.2442827224731445,106.19996643066406
1152,-7.132494434714317,1,12.544690541002636,282,871981,518516,3.375720977783203,106.35926055908205
1153,-270.66218078136444,2,5.913488468999276,127,872108,518643,3.2274060249328613,106.26812744140624
1154,-45.71922927349806,1,12.1394405179999,268,872376,518911,3.300978899002075,106.31182098388672
1155,-293.9801017343998,2,7.937161418998585,177,872553,519088,3.3117809295654297,106.64176177978516
1156,-256.5663280785084,1,31.456974035998428,714,873267,519802,3.3085739612579346,106.3194580078125
1157,-952.7335083931684,4,55.81302782000057,1234,874501,521036,3.3355746269226074,106.41043853759766
1158,-859.0393711030483,4,54.064954120996845,1146,875647,522182,3.283571481704712,106.28993225097656
1159,-187.0358759388328,1,21.81662545799918,474,876121,522656,3.247187852859497,106.085205078125
1160,-267.963948212564,1,34.81603646900112,777,876898,523433,3.3308587074279785,106.18070220947266
1161,-928.178979948163,4,57.69930037300219,1283,878181,524716,3.2878572940826416,106.03337860107422
1162,-165.4745434820652,1,25.788245575000477,573,878754,525289,3.355353593826294,106.0889663696289
1163,-221.18845483660695,2,2.508690950999153,53,878807,525342,3.174835205078125,106.0596694946289
1164,19.23889860510826,1,10.699921837000147,234,879041,525576,3.301614761352539,106.18889617919922
1165,-1435.6446722745895,4,56.01498779000031,1243,880284,526819,3.305440187454224,106.06140899658205
1166,-0.3708959221839905,1,9.126163213000837,201,880485,527020,3.29225754737854,106.0184555053711
1167,-356.4302331209183,1,26.34369132700158,587,881072,527607,3.393134117126465,106.12195587158205
1168,-156.57929214835167,1,20.797404457000084,471,881543,528078,3.2969467639923096,105.97183990478516
1169,-1031.120334237814,4,55.62917343799927,1222,882765,529300,3.3535618782043457,105.97286224365234
1170,29.384030252695084,1,6.904370530999586,140,882905,529440,3.296489953994751,105.56216430664062
1171,-889.0595635771751,4,55.79581050100023,1187,884092,530627,3.3359060287475586,106.00640869140624
1172,-1505.10571962595,4,51.58044604599854,1140,885232,531767,3.3397836685180664,105.95337677001952
1173,-1568.9723237156868,4,56.04119353900023,1242,886474,533009,3.296630382537842,105.9355239868164
1174,-1.1366914808750153,1,11.132769646999805,239,886713,533248,3.3876020908355717,105.90061950683594
1175,-1308.820818901062,4,57.11408527599997,1262,887975,534510,3.336228132247925,105.9285125732422
1176,-1290.978666946292,4,56.872632106998935,1262,889237,535772,3.297546625137329,105.8687744140625
1177,81.00575353205204,1,2.6770378910005093,54,889291,535826,3.07525372505188,106.04215240478516
1178,-781.6786337643862,4,56.52205775100083,1256,890547,537082,3.340475082397461,105.87077331542967
1179,-264.57687360048294,2,8.09647716299878,170,890717,537252,3.2973334789276123,105.832763671875
1180,-680.0151983350515,1,35.00150297599976,718,891435,537970,3.3259196281433105,105.65448760986328
1181,-252.11720752716064,2,1.8259177709987853,33,891468,538003,3.295708417892456,106.06066131591795
1182,-31.491235859692097,1,13.709229146003054,282,891750,538285,3.3752806186676025,105.83850860595705
1183,-259.04456033557653,1,33.985141651999584,717,892467,539002,3.3442771434783936,105.85214233398438
1184,-265.7007182985544,1,24.39347935099795,530,892997,539532,3.3957014083862305,105.88899230957033
1185,-86.38838124275208,5,1.6814156340005866,30,893027,539562,3.1996634006500244,106.08875274658205
1186,31.514826610684395,1,7.720105487998808,162,893189,539724,3.3499975204467773,105.8378677368164
1187,-1724.3704336732626,4,55.60352984600104,1217,894406,540941,3.355456590652466,105.74413299560548
1188,-1479.465333223343,4,54.06276605499807,1191,895597,542132,3.341339588165283,105.75379180908205
1189,-1123.597616031766,4,56.8797417679998,1252,896849,543384,3.369145631790161,105.91327667236328
1190,-1127.298344090581,4,57.72441738500129,1272,898121,544656,3.3251078128814697,105.90345001220705
1191,-882.6736576929688,4,56.61812446000113,1174,899295,545830,3.35288143157959,105.85840606689452
1192,46.18805132806301,1,7.710661380999227,153,899448,545983,3.3396317958831787,106.11202239990234
1193,-582.6373298466206,4,53.34574824900119,1117,900565,547100,3.37442398071289,106.00205993652344
1194,-36.10106731951237,1,16.75719131999722,360,900925,547460,3.30526065826416,105.93383026123048
1195,-450.50266309827566,1,35.01080860300135,753,901678,548213,3.3779942989349365,105.8029556274414
1196,-390.7407333254814,2,21.31636796100065,462,902140,548675,3.393714189529419,105.7636260986328
1197,-284.44062815606594,1,28.740551051003425,627,902767,549302,3.433412313461304,105.80999755859376
1198,-215.81342560052872,2,1.5224584759998834,30,902797,549332,3.226057767868042,106.11801147460938
1199,-950.0411498397588,4,56.84808781800166,1242,904039,550574,3.364182710647583,105.9563217163086
1200,-626.5809212699533,4,51.586527077997744,1126,905165,551700,3.377143859863281,105.87567138671876
1201,-278.2586164176464,1,25.48368134699922,551,905716,552251,3.330716609954834,105.97368621826172
1202,-469.3444052413106,1,28.166616532998887,606,906322,552857,3.3571949005126958,105.95642852783205
1203,-272.96114161610603,2,6.337761211998441,135,906457,552992,3.301847219467163,105.91934204101562
1204,-97.0537497252226,1,23.156813890000198,479,906936,553471,3.414409875869751,105.8724136352539
1205,-525.4800905734301,1,53.607471998999245,1106,908042,554577,3.368309259414673,105.97557067871094
1206,-364.1461504101753,1,41.61025065300055,896,908938,555473,3.400994777679444,105.66526794433594
1207,-124.49176834523678,1,17.751638797999476,380,909318,555853,3.3731014728546143,105.68295288085938
1208,-48.50023804605007,1,19.953062952998152,434,909752,556287,3.3286473751068115,105.72018432617188
1209,-175.25445871055126,1,24.94565190899812,504,910256,556791,3.4290261268615723,105.84953308105467
1210,-704.3247689157724,4,57.63785474199904,1196,911452,557987,3.421548366546631,105.69842529296876
1211,-751.033088542521,4,56.73138468600155,1201,912653,559188,3.3602116107940674,105.66588592529295
1212,23.64191162586212,1,8.13939490499979,169,912822,559357,3.2989284992218018,105.93179321289062
1213,-773.0251620337367,4,55.62564557899896,1184,914006,560541,3.430506467819214,105.82096862792967
1214,35.186631456017494,1,8.146370362999733,173,914179,560714,3.550346612930298,105.85099029541016
1215,-468.1443461999297,1,52.23567286099933,1072,915251,561786,3.385892629623413,105.57014465332033
1216,-283.67664186656475,1,32.60203420800099,669,915920,562455,3.398268938064575,105.72777557373048
1217,-742.8930274248123,4,53.84920271200099,1135,917055,563590,3.437220811843872,105.73699188232422
1218,-57.02914671599865,1,14.327466356000514,308,917363,563898,3.423210620880127,105.49491119384766
1219,-1709.676608428359,4,57.81102316900069,1243,918606,565141,3.38142466545105,105.66704559326172
1220,-654.1210658252239,4,53.246332956001424,1120,919726,566261,3.430995464324951,105.69287109375
1221,85.25969541072845,1,2.4020403750000696,45,919771,566306,3.672924757003784,105.33455657958984
1222,-700.6357830166817,4,55.399818057998345,1171,920942,567477,3.4309990406036377,105.5973892211914
1223,-946.785781674087,4,57.50483051000265,1242,922184,568719,3.4459800720214844,105.5875473022461
1224,75.58560919761658,1,3.10668788899784,60,922244,568779,3.376934766769409,105.81562042236328
1225,-511.3603882193565,2,32.16289291800058,655,922899,569434,3.38350248336792,105.53038787841795
1226,-1026.1506847813723,4,54.983001175001846,1132,924031,570566,3.4536614418029785,105.57701110839844
1227,-829.6250213459134,4,56.70803400899968,1131,925162,571697,3.4388558864593506,105.71509552001952
1228,52.82427527755499,1,6.112294014001236,120,925282,571817,3.532383680343628,105.61282348632812
1229,-219.71796318888664,1,35.17729601300016,734,926016,572551,3.4575295448303223,105.5780792236328
1230,-142.59916262328625,1,27.538871870001454,583,926599,573134,3.4477155208587646,105.39700317382812
1231,-1230.2332718521357,4,57.67710644800172,1211,927810,574345,3.468945980072021,105.50472259521484
1232,-310.4461741149425,2,15.75773764800033,334,928144,574679,3.444669008255005,105.35816955566406
1233,-137.88198195397854,1,20.730619489000677,439,928583,575118,3.366358518600464,105.21871185302734
1234,-79.49488462507725,1,16.160085962001176,344,928927,575462,3.398329734802246,105.7265167236328
1235,-827.8123589530587,4,57.60941549400013,1223,930150,576685,3.415069341659546,105.31332397460938
1236,-640.1968221962452,4,57.61033707000024,1157,931307,577842,3.4076626300811768,105.29499053955078
1237,24.65258891880512,1,9.324022581000465,186,931493,578028,3.4397668838500977,105.31279754638672
1238,-1066.0949889868498,4,56.87188906400115,1198,932691,579226,3.4046876430511475,105.10562896728516
1239,-794.3722225427628,4,56.813465133000136,1200,933891,580426,3.4019641876220703,105.24146270751952
1240,58.63578776270151,1,5.128079759000684,108,933999,580534,3.4156291484832764,104.52701568603516
1241,-1142.2568299174309,4,57.12328851500206,1202,935201,581736,3.407224178314209,105.11859893798828
1242,-703.941710755229,4,56.65788802300085,1200,936401,582936,3.385423183441162,105.0878448486328
1243,34.664282381534576,1,7.519915865999792,156,936557,583092,3.297767877578736,104.78453826904295
1244,-1244.9800954163074,4,57.035978455001896,1201,937758,584293,3.3897359371185303,104.9213638305664
1245,-32.48138444125652,1,13.950817525001185,288,938046,584581,3.428767204284668,104.92152404785156
1246,-1082.241553351283,4,57.19076592200145,1141,939187,585722,3.379840850830078,104.87117767333984
1247,-477.31603559851646,1,31.80169159700017,663,939850,586385,3.407083749771118,104.83830261230467
1248,-1227.6110244989395,4,57.09111398400273,1192,941042,587577,3.3941433429718018,105.0808563232422
1249,-49.5654129832983,1,11.945592861997284,248,941290,587825,3.5065975189208984,105.15206146240234
1250,-834.6279171556234,4,55.58059179400152,1161,942451,588986,3.426305294036865,104.93197631835938
1251,-1070.8285655975342,4,55.08654360799847,1153,943604,590139,3.358093023300171,104.96717834472656
1252,-598.69200579077,4,53.26231980599914,1111,944715,591250,3.402337074279785,104.84310150146484
1253,-786.5317630171776,4,56.82280439599708,1172,945887,592422,3.4170382022857666,104.91497802734376
1254,1.6034066528081894,1,9.341184401997452,185,946072,592607,3.319413423538208,104.80268096923828
1255,-1237.155231833458,4,57.260078780000185,1151,947223,593758,3.4092369079589844,104.81173706054688
1256,-332.6164567172528,1,26.713004543998977,551,947774,594309,3.428147315979004,104.70743560791016
1257,-733.8873630315065,4,57.79579249000017,1195,948969,595504,3.449242353439331,104.8292007446289
1258,-392.5919604972005,1,39.401479756998015,815,949784,596319,3.3421287536621094,104.61669921875
1259,-563.230333648622,1,55.290164111997,1136,950920,597455,3.392553806304932,104.72445678710938
1260,-804.5589339882135,4,53.00226736799959,1098,952018,598553,3.3765869140625,104.68533325195312
1261,-89.7769039273262,1,15.998018692000189,330,952348,598883,3.4027161598205566,104.58452606201172
1262,-266.3844835460186,2,6.689998762998584,135,952483,599018,3.26470685005188,104.56102752685548
1263,-45.73470911383629,1,17.89329773800273,373,952856,599391,3.415968894958496,104.82286834716795
1264,-34.816947638988495,1,18.755205340999964,382,953238,599773,3.3986973762512207,104.72728729248048
1265,-1011.7061559259892,4,56.768693499998335,1127,954365,600900,3.422770500183105,104.61402130126952
1266,-603.4235631749034,4,54.961905981999735,1121,955486,602021,3.412094593048096,104.70437622070312
1267,-5.972285404801369,1,11.742432895000093,234,955720,602255,3.363988161087036,104.77993774414062
1268,-214.7351784557104,1,28.70033962800153,592,956312,602847,3.3720955848693848,104.45215606689452
1269,-634.0204211398959,1,51.21545259399864,1047,957359,603894,3.42554783821106,104.52569580078124
1270,-758.8500019609928,2,35.20059367199792,727,958086,604621,3.3826334476470947,104.52725982666016
1271,-0.971968412399292,1,13.320995100999426,268,958354,604889,3.372100353240967,104.39826202392578
1272,-643.5957296043634,4,56.78672785499657,1171,959525,606060,3.4337868690490723,104.45479583740234
1273,-666.4943965673447,4,56.72333349700057,1173,960698,607233,3.3526804447174072,104.354248046875
1274,-44.68762722611427,1,19.36522043700097,391,961089,607624,3.371466875076294,104.56178283691406
1275,-637.195508569479,4,56.75885426400055,1108,962197,608732,3.373669147491455,104.29942321777344
1276,-1310.1491807848215,4,57.39171948500007,1171,963368,609903,3.3326401710510254,104.22118377685548
1277,-65.17280305922031,1,19.311541809998744,394,963762,610297,3.3584742546081543,104.08533477783205
1278,-224.72204086184504,2,3.7036908339978254,70,963832,610367,3.395878791809082,104.4810562133789
1279,2.578465223312378,1,14.354539831001604,293,964125,610660,3.459994077682495,104.21038055419922
1280,-226.58671855926517,1,36.54345191899847,746,964871,611406,3.4243180751800537,104.22274017333984
1281,-431.35123521089554,1,39.32290514000124,804,965675,612210,3.387946844100952,104.10956573486328
1282,-205.35795118659732,1,28.926584778000688,589,966264,612799,3.391657590866089,104.07301330566406
1283,-209.78979510813951,1,34.74652144200081,709,966973,613508,3.355110883712769,103.91381072998048
1284,-21.89564774930477,1,15.542179807998764,316,967289,613824,3.4210124015808105,104.1993637084961
1285,-688.979610323906,4,57.39550460200189,1173,968462,614997,3.3586318492889404,103.90077209472656
1286,-615.0225606709719,4,56.59297606399923,1110,969572,616107,3.385367155075073,103.97936248779295
1287,-155.84954015910623,1,16.92261669999789,330,969902,616437,3.346623182296753,103.82301330566406
1288,-1374.6588356941938,4,57.07935130899932,1161,971063,617598,3.409179210662842,103.97966766357422
1289,-545.811226695776,4,55.70570157399925,1137,972200,618735,3.365847587585449,103.7702407836914
1290,-605.2817199975252,4,56.39763108899933,1157,973357,619892,3.370571613311768,103.96826934814452
1291,88.7223983258009,1,1.5522732170029483,30,973387,619922,3.27011775970459,103.39933013916016
1292,-595.9982322826982,4,54.14449414400224,1108,974495,621030,3.3551688194274902,103.7754364013672
1293,-286.9452590569854,1,31.93382446599935,628,975123,621658,3.4095945358276367,103.78022003173828
1294,-435.81342746317387,1,41.71959598899775,849,975972,622507,3.3755106925964355,103.77733612060548
1295,-562.4685401692986,4,53.80309892399964,1049,977021,623556,3.303586006164551,103.63551330566406
1296,-43.6936509385705,1,13.851244604997191,270,977291,623826,3.320799827575684,103.5869140625
1297,-729.3305614814162,4,56.06071326299934,1132,978423,624958,3.271837949752808,103.38870239257812
1298,75.97438997030258,1,2.725772311001492,51,978474,625009,3.505114793777466,103.01133728027344
1299,-190.21793583780527,1,28.496199795001303,573,979047,625582,3.3525962829589844,103.44756317138672
1300,-311.6760610714555,1,43.15515822200177,880,979927,626462,3.3527159690856934,103.21012878417967
1301,-758.1271220222116,4,56.614966394001385,1150,981077,627612,3.3802731037139893,103.25193786621094
1302,-669.6665620878339,4,57.30489148500055,1169,982246,628781,3.3208446502685547,103.30560302734376
1303,-705.2242850884795,4,53.34354934099974,1081,983327,629862,3.277442216873169,103.09314727783205
1304,10.642821043729782,1,6.662037681999209,133,983460,629995,3.3547263145446777,102.76685333251952
1305,-390.69480519741774,1,44.909048077999614,866,984326,630861,3.331185817718506,103.04100036621094
1306,-318.97253239154816,1,36.09600501999739,716,985042,631577,3.3361687660217285,102.84661102294922
1307,-670.5610314905643,4,57.07412699999986,1156,986198,632733,3.3366570472717285,102.88092803955078
1308,-71.40570942312479,1,21.460792303001654,429,986627,633162,3.356602668762207,102.85295867919922
1309,-214.7288520336151,2,2.9278801280015614,55,986682,633217,3.376842498779297,102.95945739746094
1310,-5.103991821408272,1,11.930587680999452,238,986920,633455,3.2745840549468994,102.86408996582033
1311,-1076.650274857879,4,56.72360748400024,1154,988074,634609,3.2879085540771484,102.7875518798828
1312,20.70516212284565,1,12.132307177998882,240,988314,634849,3.237581729888916,102.7240982055664
1313,-947.058430634439,4,56.85839522300012,1154,989468,636003,3.319589376449585,102.5163345336914
1314,53.29237946867943,1,7.106415613998252,140,989608,636143,3.341433525085449,102.3864974975586
1315,-724.5232948586345,1,42.3855048200021,859,990467,637002,3.3145201206207275,102.39227294921876
1316,-1041.3740201592443,4,53.372621317001176,1041,991508,638043,3.3379526138305664,102.6227035522461
1317,-692.4449702352285,4,56.38130604400067,1101,992609,639144,3.335663080215454,102.3280029296875
1318,-1126.839557811618,4,56.29996703600045,1103,993712,640247,3.287013292312622,102.25204467773438
1319,20.22430270910263,1,8.074839991000772,155,993867,640402,3.248413324356079,102.28419494628906
1320,-151.8608594983816,1,22.811385232002067,464,994331,640866,3.288970947265625,102.2348403930664
1321,-238.51053501665592,1,40.65878827199776,819,995150,641685,3.3526320457458496,102.27143096923828
1322,-184.6615424454212,1,27.69557791400075,557,995707,642242,3.286052703857422,102.1156768798828
1323,-66.08951260149479,1,20.820485919997736,417,996124,642659,3.289547920227051,101.91262817382812
1324,-51.21842993795872,1,20.36778395299916,403,996527,643062,3.3005878925323486,102.0930633544922
1325,-770.5489989966154,4,56.84106042500207,1148,997675,644210,3.293874740600586,101.9856414794922
1326,-79.13407136499882,1,17.246434726999723,346,998021,644556,3.3476431369781494,102.02566528320312
1327,-521.3987810090184,4,52.06551038799808,998,999019,645554,3.251966714859009,101.90028381347656
1328,29.172605022788048,1,6.2311305580005865,116,999135,645670,3.4043853282928467,101.75390625
1329,-617.8477156981826,4,53.71712466199824,1048,1000183,646718,3.206646203994751,101.85579681396484
1330,64.97160241007805,1,5.106403603000217,100,1000283,646818,3.3649182319641118,101.58312225341795
1331,-704.369399279356,4,55.2537104969997,1108,1001391,647926,3.2727584838867188,101.64669799804688
1332,64.68585765361786,1,3.5269460119998257,69,1001460,647995,3.25036096572876,101.40392303466795
1333,-677.8596659377217,4,54.78091401100028,1096,1002556,649091,3.2335493564605717,101.4938735961914
1334,69.48371863365173,1,3.1180636279968894,58,1002614,649149,3.2717652320861816,101.56643676757812
1335,-396.6310325860977,1,45.13552394099679,904,1003518,650053,3.28443455696106,101.39569091796876
1336,-640.4158403873444,4,53.71300407600211,1081,1004599,651134,3.2577438354492188,101.37359619140624
1337,-299.22207599133253,1,26.83786150300148,537,1005136,651671,3.2864551544189453,101.3615951538086
1338,-213.88731688261032,2,3.714522959002352,67,1005203,651738,3.187241792678833,101.67882537841795
1339,-95.82035897672176,1,16.6395814230018,331,1005534,652069,3.2526943683624268,101.32122039794922
1340,-70.1597878485918,1,17.921412931002124,337,1005871,652406,3.2296135425567627,101.56497955322266
1341,-80.52484230697155,1,23.640654662998717,448,1006319,652854,3.282041311264038,101.37599182128906
1342,-101.12033440172672,1,15.832523384000524,296,1006615,653150,3.444683790206909,101.3421630859375
1343,-513.8679253384471,4,52.92455821000112,1045,1007660,654195,3.2604575157165527,101.21581268310548
1344,-251.7287416383624,1,33.473625410999375,665,1008325,654860,3.2158000469207764,101.0314712524414
1345,-252.3426242098212,1,23.81625032500233,470,1008795,655330,3.2439143657684326,101.34049224853516
1346,-224.3890545144677,1,32.64276063500074,651,1009446,655981,3.269871711730957,101.04010772705078
1347,-701.2995380237699,4,56.98927657799868,1128,1010574,657109,3.2426347732543945,101.08507537841795
1348,-761.1611857935786,4,56.18426680599805,1120,1011694,658229,3.241150379180908,100.86851501464844
1349,-736.8149159252644,4,53.268227511001896,1059,1012753,659288,3.2289631366729736,100.7680892944336
1350,73.66408622264862,1,3.1558795950004424,30,1012783,659318,3.0709168910980225,99.93016815185548
1351,-73.60472059249878,1,24.395149668998783,459,1013242,659777,3.1988654136657715,100.72159576416016
1352,-215.14054411649704,1,31.656005912998808,602,1013844,660379,3.2501509189605717,100.63410186767578
1353,-422.4784035757184,1,40.71069371100021,791,1014635,661170,3.192807197570801,100.53345489501952
1354,-102.14099758863448,1,25.18479623199892,499,1015134,661669,3.213677406311035,100.47695922851562
1355,-174.42538638412952,1,27.40838166499816,543,1015677,662212,3.239138126373291,100.84074401855467
1356,-244.16156296432015,1,27.224898625001515,535,1016212,662747,3.193068504333496,100.592529296875
1357,-1259.9119377732277,4,56.9357826359992,1127,1017339,663874,3.250546455383301,100.34645080566406
1358,-1.2135252356529236,1,10.1441336099997,197,1017536,664071,3.2693018913269043,100.4052276611328
1359,-149.86079341173172,1,29.20796031400096,576,1018112,664647,3.2628719806671143,100.40982055664062
1360,-573.8694760203362,4,55.32366123000247,1103,1019215,665750,3.253817558288574,100.26312255859376
1361,-9.425277583301067,1,13.964300175997778,275,1019490,666025,3.1314611434936523,100.07940673828124
1362,-122.00759525597095,1,23.3890196220018,459,1019949,666484,3.17917537689209,100.27696990966795
1363,-371.57749262452126,1,48.375918564997846,912,1020861,667396,3.2608866691589355,100.26043701171876
1364,-555.5318084433675,4,53.64584108200143,1027,1021888,668423,3.237020492553711,100.1811294555664
1365,-94.12562001496552,1,15.51818731899766,308,1022196,668731,3.177050828933716,99.89350128173828
1366,-37.73272892832756,1,19.15539556600197,375,1022571,669106,3.3283939361572266,100.17780303955078
1367,-958.8615934997796,4,56.52651156600041,1118,1023689,670224,3.256800889968872,100.18731689453124
1368,-535.437805712223,4,54.50137250999978,1081,1024770,671305,3.2508912086486816,100.32117462158205
1369,-750.6892352625728,4,56.14940085900162,1114,1025884,672419,3.2223870754241943,100.03522491455078
1370,67.08331844210625,1,4.330671382002038,82,1025966,672501,3.225120782852173,99.5455093383789
1371,-784.7757563963532,4,57.30789347599784,1138,1027104,673639,3.2496674060821533,100.0653839111328
1372,-91.27546363323928,1,21.943667977997396,427,1027531,674066,3.2751166820526123,99.82698822021484
1373,-331.8047481626272,1,46.61472470599983,867,1028398,674933,3.260060787200928,99.8663330078125
1374,-88.33917535841465,1,18.5670690659972,353,1028751,675286,3.1607203483581543,99.875
1375,-1180.2377670705318,4,56.28092450799886,1092,1029843,676378,3.211400985717773,99.81362915039062
1376,57.870197147130966,1,7.134750985002029,137,1029980,676515,3.298016309738159,99.90398406982422
1377,-566.2908472120762,1,51.47675087799871,1000,1030980,677515,3.2456612586975098,99.84357452392578
1378,-681.901471413672,4,56.73981905899928,1111,1032091,678626,3.192141532897949,99.79532623291016
1379,-23.901266388595104,1,18.34544472699781,354,1032445,678980,3.170989513397217,99.83544158935548
1380,-612.6916872113943,1,47.203912876000686,924,1033369,679904,3.2651114463806152,99.94053649902344
1381,-595.8258586451411,1,48.57463642499715,951,1034320,680855,3.2178547382354736,99.77253723144533
1382,-703.7171171531081,4,55.90130533099728,1052,1035372,681907,3.222729206085205,99.6221694946289
1383,78.29892358183861,1,1.8786919440026395,30,1035402,681937,3.1963255405426025,99.63459777832033
1384,-514.6107311472297,4,53.62041242499981,1026,1036428,682963,3.221362590789795,99.61630249023438
1385,40.94915837049484,1,6.133064967998507,119,1036547,683082,3.147523164749145,99.42341613769533
1386,-733.8480906188488,4,55.07874023199838,1070,1037617,684152,3.2354419231414795,99.6783676147461
1387,-698.1888026893139,4,54.835124998997344,1070,1038687,685222,3.2172346115112305,99.56861877441406
1388,-188.37888333201408,1,25.15191564199995,484,1039171,685706,3.157335042953491,99.42951965332033
1389,-871.3512994423509,4,54.596464612997806,1060,1040231,686766,3.156322240829468,99.43285369873048
1390,-283.577711828053,1,35.568379324999114,694,1040925,687460,3.1766903400421143,99.36536407470705
1391,-157.29467574506998,1,16.281012363000627,321,1041246,687781,3.194024085998535,99.51041412353516
1392,-381.8845065385103,1,45.82789177299856,868,1042114,688649,3.190840721130371,99.46955108642578
1393,-634.7196715176105,4,56.40744895799799,1048,1043162,689697,3.193101406097412,99.25428009033205
1394,-802.4400486424565,4,55.03874678799912,1064,1044226,690761,3.208056688308716,99.23550415039062
1395,-575.9561411291361,4,53.27144796200082,1026,1045252,691787,3.17773962020874,99.32721710205078
1396,20.08663599193096,1,6.727357470001152,129,1045381,691916,3.247402667999268,99.15939331054688
1397,-122.6193964779377,1,23.97979914799725,461,1045842,692377,3.1993842124938965,99.116943359375
1398,-648.547270566225,4,56.63881764300095,1096,1046938,693473,3.231724262237549,99.17801666259766
1399,-40.64349973201752,1,14.297786588002054,275,1047213,693748,3.133490085601806,99.007568359375
1400,-84.96957983076572,1,19.96049005399982,377,1047590,694125,3.318281650543213,99.1748504638672
1401,-304.6660942956805,1,40.68257812500087,780,1048370,694905,3.1871166229248047,99.08312225341795
1402,-46.278805792331696,1,16.74094099300055,317,1048687,695222,3.2936267852783203,98.74248504638672
1403,-227.83508490026,1,31.008794138000667,574,1049261,695796,3.18352484703064,99.03826141357422
1404,-206.7529852986336,2,1.9021182140022572,32,1049293,695828,3.1741044521331787,98.79668426513672
1405,-615.2758640870452,4,56.050697472997854,1043,1050336,696871,3.2031614780426025,98.78406524658205
1406,-540.7721229046583,4,55.63578646899987,1071,1051407,697942,3.198765277862549,98.86358642578124
1407,49.99126663804054,1,6.916152868001518,126,1051533,698068,3.137305498123169,98.63556671142578
1408,-53.55812391638756,1,18.86322784000004,366,1051899,698434,3.2329461574554443,98.62320709228516
1409,-514.6773324385285,4,53.39792101399871,1032,1052931,699466,3.201782464981079,98.6760711669922
1410,-653.1095274090767,4,56.79944772200179,1090,1054021,700556,3.19530725479126,98.74798583984376
1411,-585.7002465948462,4,54.3448678470013,1048,1055069,701604,3.1970977783203125,98.70539093017578
1412,-283.90406338870525,1,29.171443453000396,562,1055631,702166,3.2002670764923096,98.68971252441406
1413,-402.5517960861325,1,53.014345178999065,971,1056602,703137,3.18897557258606,98.45833587646484
1414,-582.740293443203,4,56.17130086600082,1047,1057649,704184,3.168342113494873,98.5032196044922
1415,-144.7336778640747,1,23.713313808002567,455,1058104,704639,3.114748954772949,98.31473541259766
1416,-441.0410269796848,1,46.54844917900118,888,1058992,705527,3.1367549896240234,98.35389709472656
1417,-672.5257703065872,4,55.159315213997616,1058,1060050,706585,3.154533863067627,98.29943084716795
1418,22.93299013376236,1,10.541700572000993,196,1060246,706781,3.182658195495605,98.0549545288086
1419,-828.4733300954103,4,56.21454558799815,1070,1061316,707851,3.165933132171631,98.24861145019533
1420,-295.0216740071773,1,37.532022205999965,723,1062039,708574,3.1453123092651367,98.26954650878906
1421,-853.7721362113953,4,56.38059676600096,1062,1063101,709636,3.223606824874878,98.2661361694336
1422,85.88047900795937,1,1.9185995680018093,34,1063135,709670,3.285346984863281,98.0749969482422
1423,-579.7628705427051,4,54.93265618299483,996,1064131,710666,3.15841007232666,97.9687042236328
1424,-690.6675042062998,4,54.95535092499631,1036,1065167,711702,3.200528860092163,98.0254135131836
1425,14.912329010665417,1,14.367791634998866,273,1065440,711975,3.1623246669769287,98.22786712646484
1426,-457.2160967886448,1,46.54345892800484,881,1066321,712856,3.154899835586548,97.91065216064452
1427,-80.74634104967117,1,16.362474766006926,310,1066631,713166,3.1132256984710693,97.80376434326172
1428,-152.77717871963978,1,25.521889690004173,479,1067110,713645,3.1177237033843994,97.59139251708984
1429,-181.2921566069126,1,26.33917762899364,497,1067607,714142,3.116404294967652,97.64794921875
1430,-571.7555950060487,4,53.77906595800596,1020,1068627,715162,3.1542515754699707,97.82439422607422
1431,17.671363219618797,1,9.231804723996902,173,1068800,715335,3.154625654220581,97.6475830078125
1432,-205.66296011209488,1,30.92902673799836,593,1069393,715928,3.1264238357543945,97.8752212524414
1433,-402.3995610922575,1,38.90476352900441,727,1070120,716655,3.136382579803467,97.58322143554688
1434,-786.6534700989723,4,56.5051926360029,1023,1071143,717678,3.1489696502685547,97.56177520751952
1435,-619.9851974695921,4,53.41414143399743,1011,1072154,718689,3.120002269744873,97.53190612792967
1436,30.47525590658188,1,6.015229179996823,109,1072263,718798,3.1473658084869385,97.81488037109376
1437,-483.550696708262,4,53.39809636700375,1005,1073268,719803,3.164588451385498,97.48274993896484
1438,-27.036065638065335,1,11.474747494001347,213,1073481,720016,3.2377500534057617,97.54552459716795
1439,-46.191709831357,1,17.514355450002768,329,1073810,720345,3.100048065185547,97.59243774414062
1440,-647.7232317253947,4,55.70875825500116,1043,1074853,721388,3.1386873722076416,97.48497772216795
1441,-51.13764348626137,1,19.052978334999352,358,1075211,721746,3.150588274002075,97.25089263916016
1442,-371.59719985723495,2,5.531256700996892,105,1075316,721851,3.0925607681274414,97.42328643798828
1443,26.178961604833603,1,11.137558328999148,207,1075523,722058,3.217958211898804,97.70993041992188
1444,-632.0586397126317,4,56.33057667299727,1063,1076586,723121,3.1455671787261963,97.34432220458984
1445,-511.3126069754362,4,54.89900191000197,991,1077577,724112,3.143393993377685,97.3756332397461
1446,20.695190630853176,1,13.087428934006311,231,1077808,724343,3.140344381332397,97.43504333496094
1447,-546.70130905509,4,56.13543926399871,1054,1078862,725397,3.1436710357666016,97.2154769897461
1448,61.42159561812878,1,6.514594551998016,118,1078980,725515,3.0167548656463623,97.29650115966795
1449,-683.6587926074862,4,55.91899850100162,1050,1080030,726565,3.139886379241944,97.18268585205078
1450,-627.8685351014137,4,55.075580242002616,1009,1081039,727574,3.1244046688079834,97.10794067382812
1451,28.503542095422745,1,10.435488472001452,189,1081228,727763,3.167810201644897,97.32147979736328
1452,-1281.4125939905643,4,55.71516194499418,1043,1082271,728806,3.1155638694763184,97.00950622558594
1453,-638.3287730515003,4,52.76697400700505,988,1083259,729794,3.101123094558716,97.06785583496094
1454,-84.31587968021631,1,23.52040080000006,433,1083692,730227,3.160266160964966,96.9559097290039
1455,-565.2042856216431,4,56.084177093005565,1000,1084692,731227,3.135345220565796,96.9451904296875
1456,32.7946799620986,1,7.302996572994743,129,1084821,731356,3.117706060409546,96.59069061279295
1457,-711.5422798469663,4,56.07450320699718,1044,1085865,732400,3.08830189704895,96.78739166259766
1458,-655.0041151195765,4,56.53959615799977,1051,1086916,733451,3.107983350753784,96.67133331298828
1459,71.51451015472412,1,2.8893133210003725,50,1086966,733501,3.141737937927246,96.53508758544922
1460,-524.2223370969296,4,51.90714464300254,962,1087928,734463,3.0930776596069336,96.91207885742188
1461,6.061984091997147,1,8.626340217997495,159,1088087,734622,3.1937334537506104,96.77094268798828
1462,-671.4252103641629,4,52.12800150800467,967,1089054,735589,3.1611416339874268,96.62555694580078
1463,-529.1869239285588,4,53.40735663400119,998,1090052,736587,3.088773727416992,96.57217407226562
1464,56.49851197004318,1,4.912205804997939,85,1090137,736672,3.059319019317627,96.3110809326172
1465,-563.0502748563886,4,56.30049981799675,1009,1091146,737681,3.1108577251434326,96.64618682861328
1466,-836.1940579414368,4,55.69569304700417,1014,1092160,738695,3.055184841156006,96.56364440917967
1467,-1979.0292021781208,4,52.77004486599617,975,1093135,739670,3.125488758087158,96.56398010253906
1468,-28.3763834759593,1,13.423680908003009,246,1093381,739916,3.1570699214935303,96.47359466552734
1469,-716.2724037468433,4,53.76932273100101,988,1094369,740904,3.10699200630188,96.42894744873048
1470,-562.0734388679266,4,54.79293098099879,1014,1095383,741918,3.085940361022949,96.5694808959961
1471,6.55183619260788,1,10.132208991999503,186,1095569,742104,3.110321283340454,96.27346801757812
1472,-645.8047450259328,4,52.306422870999086,966,1096535,743070,3.041422843933105,96.36026000976562
1473,-4.742803648114204,1,14.414098103996366,265,1096800,743335,3.033679962158203,96.20882415771484
1474,-34.522609263658524,1,21.954649890001747,401,1097201,743736,3.0606369972229004,96.17691802978516
1475,-1852.91426935792,4,55.89584954200109,988,1098189,744724,3.121424674987793,96.26398468017578
1476,29.802398651838303,1,8.871387764003885,153,1098342,744877,3.1246895790100098,96.08744049072266
1477,-64.93095515668392,1,17.419031912002538,315,1098657,745192,3.0895354747772217,96.5824966430664
1478,-98.3928795605898,1,24.486226466004155,450,1099107,745642,3.1112992763519287,96.26410675048828
1479,-16.730402573943138,1,15.347401429004094,273,1099380,745915,3.021817445755005,96.3423843383789
1480,-314.7258900702,1,44.23896529599733,808,1100188,746723,3.1056511402130127,96.14061737060548
1481,-219.0998004078865,1,35.20661004199792,646,1100834,747369,3.2139363288879395,96.18021392822266
1482,-54.19657877087593,1,16.967513167997822,310,1101144,747679,3.0889811515808105,96.0499496459961
1483,-118.11171009391546,1,21.389345196999784,387,1101531,748066,3.08460545539856,96.1995086669922
1484,-728.4927618056536,4,52.95711431200471,969,1102500,749035,3.1112308502197266,96.09141540527344
1485,-738.0199487134814,4,53.34363742099959,986,1103486,750021,3.1517233848571777,95.8628158569336
1486,70.48828998208046,1,4.677155167002638,82,1103568,750103,3.0726194381713867,96.12139129638672
1487,-89.8324522972107,1,18.026401738999997,328,1103896,750431,3.102208137512207,96.0425033569336
1488,-142.48427096754313,1,33.71187654900132,588,1104484,751019,3.1849873065948486,95.96881103515624
1489,-645.2634459584951,4,55.610232562998135,996,1105480,752015,3.1122171878814697,95.81361389160156
1490,-1251.2252411991358,1,55.41274025500024,1013,1106493,753028,3.1276094913482666,95.94371032714844
1491,-646.4527345299721,1,49.23023466700397,899,1107392,753927,3.108907699584961,95.87663269042967
1492,-529.6578443646431,4,54.59540260200447,994,1108386,754921,3.163703203201294,95.88431549072266
1493,-17.35268720984459,1,12.750643147999654,232,1108618,755153,3.112724542617798,95.87644958496094
1494,-121.58111310005188,1,29.61482197800069,536,1109154,755689,3.209829092025757,95.77631378173828
1495,-129.09532324969769,1,26.05811615299899,477,1109631,756166,3.1661174297332764,95.64618682861328
1496,-654.4935741648078,4,54.938996224998846,1000,1110631,757166,3.0931615829467773,95.76087188720705
1497,39.7899005189538,1,9.741565422998974,168,1110799,757334,3.0960536003112797,95.7211456298828
1498,-574.087219312787,4,55.19103371699748,966,1111765,758300,3.1309916973114014,95.8578643798828
1499,16.68707025796175,1,12.132141675996536,216,1111981,758516,3.137046337127685,96.07018280029295
1500,-626.7098419442773,4,56.006402576000255,1011,1112992,759527,3.1295299530029297,95.61799621582033
1501,-501.2676088362932,1,31.951836480002385,580,1113572,760107,3.1205780506134038,95.52957153320312
1502,-628.0521165877581,4,54.32084163999389,983,1114555,761090,3.12488055229187,95.6280517578125
1503,-497.06099320203066,4,53.53283228700457,943,1115498,762033,3.1155714988708496,95.4705581665039
1504,-507.0337524861097,4,52.71520544499799,955,1116453,762988,3.072915315628052,95.48985290527344
1505,44.12588952481747,1,8.535970401993836,155,1116608,763143,3.0782032012939453,95.39456939697266
1506,-116.0658619850874,1,24.020338150003223,432,1117040,763575,3.11285400390625,95.39669799804688
1507,-70.43604837357998,1,21.84394920399791,381,1117421,763956,3.071007490158081,95.30248260498048
1508,-552.2546864971519,4,54.76735197900416,956,1118377,764912,3.0785250663757324,95.26597595214844
1509,11.599777847528458,1,13.745279430993833,249,1118626,765161,3.1583869457244877,95.28842163085938
1510,-561.5963735729456,4,56.33594640999945,993,1119619,766154,3.104438304901123,95.08164978027344
1511,16.892893567681313,1,14.26430848599557,253,1119872,766407,3.0963070392608643,95.12622833251952
1512,-683.7994726449251,4,54.31730491599592,988,1120860,767395,3.0971736907958984,95.0663833618164
1513,-537.4263847768307,4,55.58047759300098,1004,1121864,768399,3.057088851928711,95.0938720703125
1514,-692.6537199020386,4,52.88472027399985,950,1122814,769349,3.0808894634246826,95.14315795898438
1515,6.315625876188278,1,10.57137217700074,192,1123006,769541,3.116070508956909,95.35501861572266
1516,-26.45428793132305,1,16.736099135996483,302,1123308,769843,3.130434513092041,95.01831817626952
1517,-508.5733315423131,4,55.54305907199887,977,1124285,770820,3.126087188720703,94.9348602294922
1518,-747.8097640052438,4,54.06268424299924,947,1125232,771767,3.085057258605957,94.8506088256836
1519,5.851434737443924,1,10.54234565400111,190,1125422,771957,3.138730049133301,95.0625228881836
1520,-158.40786330401895,1,24.00672380200558,430,1125852,772387,3.101362466812134,95.0279541015625
1521,-1354.621489226818,4,55.66618563100201,1001,1126853,773388,3.0840346813201904,94.90106964111328
1522,-18.407284140586853,1,10.299388590996386,182,1127035,773570,3.1103920936584477,95.05384826660156
1523,-181.3315828368068,1,31.852779444998305,572,1127607,774142,3.0163042545318604,94.75788116455078
1524,-590.0229728221893,4,55.885827906000486,1001,1128608,775143,3.1194913387298584,94.76859283447266
1525,-586.5046395659447,4,51.89786999399803,935,1129543,776078,3.0469460487365723,94.53070831298828
1526,69.79024028778076,1,3.711153439006012,64,1129607,776142,3.035388231277466,94.64708709716795
1527,-534.129014365375,4,53.71323650299746,959,1130566,777101,3.068887948989868,94.62394714355467
1528,-537.5650944039226,4,55.48511007599882,955,1131521,778056,3.073262453079224,94.65489959716795
1529,68.3191224783659,1,4.928607368994562,87,1131608,778143,2.924694776535034,94.31392669677734
1530,-566.4595718681812,4,53.4650307769989,952,1132560,779095,3.098768949508667,94.50579833984376
1531,-582.9318957850337,4,54.78977803500311,981,1133541,780076,3.0475103855133057,94.34807586669922
1532,44.58690954744816,1,9.714499580994016,171,1133712,780247,3.110205173492432,94.10543823242188
1533,-1037.8013835549357,4,56.55909519099805,1009,1134721,781256,3.100532054901123,94.53395080566406
1534,-506.6087136939168,4,51.24642360299913,920,1135641,782176,3.0217342376708984,94.45016479492188
1535,-485.58974976092577,4,53.87504083200474,964,1136605,783140,3.0537118911743164,94.35012817382812
1536,-447.9125795736909,4,52.45179839099728,911,1137516,784051,3.0054919719696045,94.240966796875
1537,22.424854405224323,1,11.122568241997214,186,1137702,784237,2.9747838973999023,94.18733215332033
1538,-158.94815213233232,1,35.216320102998,614,1138316,784851,3.0676591396331787,94.22750854492188
1539,-78.596760481596,1,22.80356540500361,402,1138718,785253,3.02455472946167,94.24654388427734
1540,-570.1137901097536,4,52.48473833899334,936,1139654,786189,3.0781171321868896,94.1922378540039
1541,54.54300141334534,1,2.0018167859961977,30,1139684,786219,3.361114740371704,93.93303680419922
1542,-368.9395247101784,1,42.456958518996544,758,1140442,786977,3.0441231727600098,94.1969223022461
1543,1.329871490597725,1,15.551153020001948,271,1140713,787248,3.062697410583496,94.04308319091795
1544,-161.05217887461183,1,25.42753447400173,454,1141167,787702,3.0124526023864746,94.01912689208984
1545,-565.265374019742,4,55.482005578996905,985,1142152,788687,3.0604755878448486,93.96180725097656
1546,-20.483385652303696,1,16.142855449994386,283,1142435,788970,3.10333251953125,93.97747039794922
1547,-92.38697089254856,1,26.16109391200007,465,1142900,789435,3.0365381240844727,93.86832427978516
1548,-730.9434200525284,4,54.28610861200286,940,1143840,790375,3.06878399848938,93.79759979248048
1549,75.23503847420216,1,4.532179194000491,75,1143915,790450,3.339869737625122,93.68810272216795
1550,-402.6628600209952,1,47.25102981200325,807,1144722,791257,3.054785251617432,93.6254425048828
1551,-849.350786164403,4,53.32030163599848,942,1145664,792199,3.0295281410217285,93.6785659790039
1552,-581.5524693578482,4,56.084797620002064,995,1146659,793194,3.052589178085327,93.5483169555664
1553,4.676464304327965,1,10.334382519999052,174,1146833,793368,2.9404003620147705,93.79888153076172
1554,-569.2262288406491,4,55.90163385799679,978,1147811,794346,3.077002048492432,93.46891021728516
1555,-525.3898096233606,4,55.23923925100098,967,1148778,795313,3.061675786972046,93.44081115722656
1556,60.9271005988121,1,4.123148728998785,70,1148848,795383,3.1063103675842285,93.33368682861328
1557,-49.5450674444437,1,15.92784463299904,279,1149127,795662,2.999627113342285,93.57284545898438
1558,-510.7963593006134,1,44.21295234600257,782,1149909,796444,3.017174482345581,93.49705505371094
1559,10.61666814237833,1,11.911861925000268,195,1150104,796639,3.15677809715271,93.3642349243164
1560,-89.34736743569374,1,22.59297016200435,379,1150483,797018,3.060866594314575,93.50891876220705
1561,-948.486018270254,4,54.28479808200064,937,1151420,797955,3.0389695167541504,93.4611358642578
1562,-468.52305790781975,4,53.07091428100102,935,1152355,798890,3.042891502380371,93.36418914794922
1563,81.22894416749477,1,2.6708329200046137,30,1152385,798920,3.1155648231506348,93.2403335571289
1564,-56.53628867864609,1,17.968104621999373,316,1152701,799236,3.011461973190308,93.42381286621094
1565,-147.00723822414875,1,33.16866957500315,582,1153283,799818,3.0443248748779297,93.34224700927734
1566,-601.1027025207877,4,55.30885342100373,965,1154248,800783,3.0794341564178467,93.43132781982422
1567,72.4073054343462,1,4.526988353005436,78,1154326,800861,3.0068392753601074,93.44437408447266
1568,-210.9709514081478,1,24.36589392099995,422,1154748,801283,3.0330069065093994,93.12342071533205
1569,-148.16049213707447,1,25.596134570005237,444,1155192,801727,3.069039821624756,93.13666534423828
1570,-461.4248608201742,4,52.65378231200157,931,1156123,802658,3.081352949142456,93.23200225830078
1571,-421.5858709588647,4,53.86926928700268,915,1157038,803573,3.0515871047973637,93.1981964111328
1572,-56.26154109835625,1,22.960484246003038,391,1157429,803964,3.0260634422302246,93.07414245605467
1573,-1344.789347231388,4,53.02553073499439,938,1158367,804902,3.0262792110443115,93.021240234375
1574,-49.820431008934975,1,17.151412129001983,300,1158667,805202,3.052680253982544,93.0859603881836
1575,-652.2761130854487,4,56.43438549699931,994,1159661,806196,3.008123874664306,93.04478454589844
1576,-497.9351555481553,4,53.23590005600272,937,1160598,807133,3.1214096546173096,93.15116119384766
1577,-580.5969363152981,4,55.41568745000404,967,1161565,808100,3.0625603199005127,93.01622009277344
1578,-503.4339922741056,4,54.00120413299737,944,1162509,809044,3.050390720367432,92.95231628417967
1579,-222.50073290616277,1,37.38003621000098,632,1163141,809676,3.0138468742370605,92.98001861572266
1580,-78.47919289767742,1,20.334380893000343,341,1163482,810017,3.090144395828247,92.60848999023438
1581,-599.0145663768053,4,51.4564981049989,889,1164371,810906,3.037919759750366,92.77112579345705
1582,-16.10374267399311,1,10.709228002997406,187,1164558,811093,2.968317747116089,92.72982025146484
1583,-499.384355545044,4,53.23681028599822,928,1165486,812021,3.068330764770508,92.38249969482422
1584,-588.3971580564976,4,55.85804596899834,954,1166440,812975,3.0854148864746094,92.41376495361328
1585,-14.121477745473385,1,13.716196196997773,235,1166675,813210,3.0698976516723637,92.2746124267578
1586,-526.0673237890005,4,53.58946600500349,934,1167609,814144,3.010770320892334,92.30166625976562
1587,-515.4301569759846,4,55.22093953500007,964,1168573,815108,3.0069823265075684,92.23773956298828
1588,-719.7544016093016,4,56.02614415100106,957,1169530,816065,2.9853501319885254,92.17142486572266
1589,-559.0482454001904,4,52.396098494005855,888,1170418,816953,3.0185248851776123,92.09888458251952
1590,-274.15471844375134,1,39.92996453300293,693,1171111,817646,3.0078625679016118,92.05365753173828
1591,-228.05835436284545,1,37.796991707000416,658,1171769,818304,2.9894111156463623,92.15863800048828
1592,-19.84313359856605,1,16.34254392499861,282,1172051,818586,2.9071476459503174,91.90550994873048
1593,-55.35924685001373,1,21.943421691998083,384,1172435,818970,2.9986674785614014,91.939697265625
1594,-684.6720172390342,4,56.18670383199788,976,1173411,819946,2.9936885833740234,91.81997680664062
1595,42.71623982489109,1,9.356127005004964,162,1173573,820108,2.9443142414093018,91.71299743652344
1596,-59.9279804751277,1,23.69097420899925,409,1173982,820517,3.0205729007720947,92.15412902832033
1597,-388.7993872016668,1,51.58842280099634,895,1174877,821412,3.0112264156341557,91.89509582519533
1598,-513.2707286849618,4,55.15133626900206,934,1175811,822346,3.02237319946289,91.9845962524414
1599,-508.742720335722,4,55.96407722499862,939,1176750,823285,3.0015671253204346,91.7979736328125
1600,51.46652477234602,1,8.131135374998848,138,1176888,823423,3.000598669052124,91.91282653808594
1601,-457.2605103477836,1,49.05257811299816,843,1177731,824266,3.0039267539978027,91.748291015625
1602,-200.99074010550976,1,41.11284082200291,713,1178444,824979,2.963947057723999,91.52171325683594
1603,-790.332098133862,4,53.91696814799798,929,1179373,825908,2.966757297515869,91.55999755859376
1604,-625.2715118378401,4,55.35660751099931,948,1180321,826856,2.979875087738037,91.42013549804688
1605,19.75392711162567,1,11.565909539996936,200,1180521,827056,2.9546804428100586,91.37378692626952
1606,-354.2674517184496,1,44.11776601499878,766,1181287,827822,2.9677886962890625,91.31092834472656
1607,-60.248150542378426,1,18.513768352000625,315,1181602,828137,2.9988245964050293,91.81419372558594
1608,-503.8709281012416,4,52.48982830499881,864,1182466,829001,3.0229737758636475,91.32465362548828
1609,6.224948510527611,1,9.944483184001,162,1182628,829163,3.0078930854797363,91.13739013671876
1610,-789.4544794857502,4,55.5465880299962,942,1183570,830105,2.9897303581237797,91.50856018066406
1611,35.59172025322914,1,10.749924682997516,180,1183750,830285,2.9662718772888184,91.55783081054688
1612,-525.4698407277465,4,55.93894340599945,963,1184713,831248,2.9840989112854004,91.4008560180664
1613,-471.05338555574417,4,55.720704736995685,958,1185671,832206,3.01134729385376,91.4344253540039
1614,-5.361608058214188,1,17.726431305003644,300,1185971,832506,3.005169630050659,91.41740417480467
1615,-121.16704781353474,1,35.32044170000154,607,1186578,833113,2.969318628311157,91.307373046875
1616,-723.266627766192,4,55.886707507997926,957,1187535,834070,2.982843399047852,91.3029556274414
1617,-551.5965803340077,4,55.74179169400304,935,1188470,835005,2.9549403190612797,91.18002319335938
1618,48.42835969477892,1,6.893531287998485,109,1188579,835114,2.999810218811035,91.2506866455078
1619,-126.05531638860704,1,17.48128493299737,288,1188867,835402,2.946740865707397,91.43820190429688
1620,-498.3825707882643,4,52.105665178998606,887,1189754,836289,3.0015995502471924,91.23125457763672
1621,-55.55136178433895,1,13.047522283995932,224,1189978,836513,2.994965076446533,91.1563491821289
1622,-473.0749967545271,4,53.35297235899634,913,1190891,837426,2.983264684677124,91.0373992919922
1623,-21.27262295782566,1,18.28618090200325,314,1191205,837740,3.008913993835449,91.27715301513672
1624,-826.7382878214121,4,55.724622260000615,951,1192156,838691,2.941499948501587,91.1537628173828
1625,75.35551483929157,1,4.516753458003223,76,1192232,838767,3.099606990814209,91.34502410888672
1626,-24.0709870159626,1,16.54336046300159,280,1192512,839047,2.958272218704224,90.99923706054688
1627,-893.7841991409659,4,54.66063513999688,938,1193450,839985,2.9427075386047363,91.0152587890625
1628,-465.8571381941438,4,55.06536290700024,930,1194380,840915,2.9725501537323,91.09539031982422
1629,85.89050026237965,1,1.9251012719978464,30,1194410,840945,2.715118408203125,90.31038665771484
1630,-7.349996447563171,1,18.54791283400118,300,1194710,841245,2.9808948040008545,91.09918975830078
1631,-195.68195401132107,1,35.679139581996424,588,1195298,841833,2.929787397384644,90.98289489746094
1632,-0.8691788464784622,1,13.932701711004484,233,1195531,842066,2.97931170463562,90.8302993774414
1633,-138.10569693148136,1,22.088925600000948,374,1195905,842440,2.962368965148926,90.8337860107422
1634,-512.9156448170543,4,52.77407011899777,899,1196804,843339,3.020742654800415,90.95915222167967
1635,-659.956335440278,4,54.87757924199832,936,1197740,844275,2.9914400577545166,90.70841217041016
1636,-463.7252173125744,1,48.85094640200259,823,1198563,845098,2.9582135677337646,90.73916625976562
1637,-303.38581907749176,1,33.107420818996616,556,1199119,845654,2.9115140438079834,90.79866027832033
1638,-8.819508895277977,1,19.36855198899866,330,1199449,845984,2.978280067443848,90.92628479003906
1639,-40.7373249232769,1,20.288144136000483,347,1199796,846331,3.0047757625579834,90.5830535888672
1640,-497.6139475405216,4,55.88154146099987,934,1200730,847265,3.0065481662750244,90.6432876586914
1641,83.1462587416172,1,2.3203576290034107,34,1200764,847299,2.823237419128418,90.31861877441406
1642,-744.6154913455248,4,54.87755129799916,908,1201672,848207,2.9835190773010254,90.63579559326172
1643,13.742646656930448,1,12.330968460002625,205,1201877,848412,2.831397771835327,90.36687469482422
1644,-620.4342391490936,4,55.10888951399829,934,1202811,849346,2.963949203491211,90.38697052001952
1645,27.776536241173744,1,9.52377628999966,156,1202967,849502,2.902667760848999,90.41434478759766
1646,-102.68788841366768,1,33.1260596860011,562,1203529,850064,2.940096855163574,90.30284881591795
1647,-559.2787579521537,4,55.05865790000098,931,1204460,850995,2.988797426223755,90.24577331542967
1648,48.12694562971592,1,7.3394211680060835,116,1204576,851111,2.9475176334381104,90.27631378173828
1649,-467.0639369562268,4,53.83050878699578,915,1205491,852026,2.965914011001587,90.34412384033205
1650,-12.718515031039717,1,18.34364114300115,311,1205802,852337,2.976200819015503,90.3056411743164
1651,-477.5422783195973,4,54.9292614540027,922,1206724,853259,2.9761557579040527,90.48978424072266
1652,64.19492873549461,1,6.879444624995813,108,1206832,853367,2.880665063858032,90.4004364013672
1653,-251.18923342227936,1,44.99734507699759,732,1207564,854099,2.960668563842773,90.35851287841795
1654,-589.9945982918143,4,53.1473099559953,897,1208461,854996,2.9883527755737305,90.19147491455078
1655,-74.81994868814945,1,13.371377341994958,218,1208679,855214,3.1233718395233154,90.18711853027344
1656,-28.884688451886177,1,14.153006973996526,238,1208917,855452,2.975878953933716,90.31459045410156
1657,-288.25009983778,1,37.69190849900042,619,1209536,856071,3.004119634628296,90.14899444580078
1658,-99.23461513966322,1,25.843438980002247,432,1209968,856503,2.974475383758545,90.19805145263672
1659,-595.3925891965628,4,55.22272898899973,923,1210891,857426,2.968669891357422,90.23321533203124
1660,-539.048193320632,4,53.21863850599766,898,1211789,858324,2.927741527557373,90.11531066894533
1661,-435.9504485577345,4,52.26230064900301,879,1212668,859203,2.9789326190948486,90.03728485107422
1662,-549.5015160515904,4,54.3900665849942,878,1213546,860081,3.0224475860595703,90.13589477539062
1663,27.8906294554472,1,11.525452250003582,192,1213738,860273,2.9901158809661865,89.82275390625
1664,-513.4549259617925,4,55.8382772210025,936,1214674,861209,2.9578561782836914,89.96188354492188
1665,-506.38237223029137,4,55.61595460600074,936,1215610,862145,2.96781063079834,89.86060333251953
1666,-7.9607463628053665,1,17.157558509999944,282,1215892,862427,2.968620777130127,89.88322448730469
1667,-1153.0746204555037,4,54.04319126599876,912,1216804,863339,2.9666216373443604,89.95716857910156
1668,65.30771338939667,1,4.488411139995151,71,1216875,863410,2.8828704357147217,90.29076385498048
1669,-63.62760918587446,1,19.25277749799716,321,1217196,863731,2.9661004543304443,89.88967895507812
1670,-579.5268207043409,4,55.81405201199959,939,1218135,864670,2.9417998790740967,89.94546508789062
1671,-672.52407322824,4,52.35316230099852,871,1219006,865541,2.957219123840332,89.79303741455078
1672,-2.553621992468834,1,16.2020711580044,259,1219265,865800,2.9146840572357178,90.0952606201172
1673,-285.947640940547,1,37.09567511600471,601,1219866,866401,2.9851863384246826,89.82823181152344
1674,-648.8445682674646,4,55.35128101900045,925,1220791,867326,2.974402666091919,89.81465148925781
1675,51.13752371072769,1,9.16895554200164,153,1220944,867479,2.9093165397644043,89.89175415039062
1676,-498.4056965112686,4,55.15632161100075,926,1221870,868405,2.9032323360443115,89.8774642944336
1677,82.33052641153336,1,3.099828377002268,51,1221921,868456,2.9874792098999023,89.61076354980469
1678,-520.7503405809402,4,54.97312874800264,920,1222841,869376,2.8999900817871094,89.820068359375
1679,-606.5368084684014,4,53.11820511599944,888,1223729,870264,2.9346683025360107,89.67981719970703
1680,15.0322917252779,1,10.602754790998006,173,1223902,870437,2.9408206939697266,89.85050201416016
1681,-562.5124605223536,4,51.26863885200146,858,1224760,871295,2.9111618995666504,89.68478393554688
1682,-456.6973304450512,4,53.57279903000017,859,1225619,872154,2.9776790142059326,89.66926574707031
1683,-664.7390091717243,4,55.78918142099428,918,1226537,873072,2.9016664028167725,89.499755859375
1684,-520.0488557368517,4,53.09876563899888,882,1227419,873954,2.9080803394317627,89.5003662109375
1685,-592.2448606938124,4,54.51285970399476,913,1228332,874867,2.959285259246826,89.36573791503906
1686,-770.9850517436862,4,54.724987667003006,906,1229238,875773,2.8792972564697266,89.32555389404297
1687,85.70145411789417,1,1.9074195779976435,30,1229268,875803,3.138335943222046,89.69631958007812
1688,-368.82732947170734,1,46.46853283699602,765,1230033,876568,2.87564754486084,89.24307250976562
1689,-242.7238963022828,1,42.90623450400017,714,1230747,877282,2.8981759548187256,89.2822494506836
1690,-410.2322068363428,4,52.66937200199754,846,1231593,878128,2.9268007278442383,89.22827911376953
1691,-239.6420579180121,1,43.08999897000467,700,1232293,878828,2.8755438327789307,88.98435974121094
1692,-208.5204640030861,2,2.101742161001312,30,1232323,878858,2.7615737915039062,88.64009094238281
1693,-474.1304602399469,4,55.3172349009983,917,1233240,879775,2.8924481868743896,89.01238250732422
1694,-398.38133269548416,4,51.0453954830009,850,1234090,880625,2.895750999450684,88.76213073730469
1695,-506.7297872304917,4,55.33425525200437,919,1235009,881544,2.8664374351501465,88.71394348144531
1696,45.0733647942543,1,8.517003631997795,137,1235146,881681,2.86946702003479,89.03754425048828
1697,-637.6241943314672,4,54.69934573799401,905,1236051,882586,2.8404879570007324,88.7158432006836
1698,-578.517529271543,4,54.1069083149996,902,1236953,883488,2.811620712280273,88.68770599365234
1699,57.46783584356308,1,7.904773474998365,122,1237075,883610,2.8442025184631348,88.74798583984375
1700,-527.2586074322462,4,55.36256124600186,875,1237950,884485,2.80989146232605,88.48584747314453
1701,86.29591570794582,1,1.92491449299996,30,1237980,884515,3.1324217319488525,88.75448608398438
1702,-617.7760126963258,4,55.09342754299723,903,1238883,885418,2.839306592941284,88.59205627441406
1703,22.47314402461052,1,12.745983897002588,210,1239093,885628,2.8693089485168457,88.73926544189453
1704,-45.98348672688007,1,19.781262190001144,322,1239415,885950,2.896644115447998,88.6720962524414
1705,-177.53006932884455,1,37.66374540000106,626,1240041,886576,2.78663182258606,88.56641387939453
1706,-1105.8354665488005,4,52.59541909299878,863,1240904,887439,2.891021013259888,88.47967529296875
1707,-7.780910514295101,1,12.94750015700265,211,1241115,887650,2.865054130554199,88.39295196533203
1708,-6.784666836261749,1,16.13317123500019,258,1241373,887908,2.812854528427124,88.58309173583984
1709,-482.0428953692317,4,54.707765601000574,903,1242276,888811,2.795193672180176,88.5743179321289
1710,79.09234954416752,1,2.7034142999982578,44,1242320,888855,2.6405882835388184,88.33451843261719
1711,-535.3098667785525,4,55.44147715600411,873,1243193,889728,2.834442377090454,88.43926239013672
1712,67.95469307899475,1,5.914269569002499,91,1243284,889819,2.769369125366211,88.7315902709961
1713,-452.3155321925879,4,55.08071261100122,880,1244164,890699,2.809117555618286,88.42496490478516
1714,79.16391725838184,1,3.5280525510024745,55,1244219,890754,2.737586259841919,87.91007995605469
1715,-179.84580644220114,1,37.838979043997824,622,1244841,891376,2.807440280914306,88.3539810180664
1716,-541.7268425524235,4,54.50428538900451,899,1245740,892275,2.841578722000122,88.25118255615234
1717,15.705621719360352,1,11.300752997995003,180,1245920,892455,2.897924423217773,88.69071960449219
1718,-158.82064850628376,1,30.83776952000335,501,1246421,892956,2.8526437282562256,88.40534973144531
1719,-472.4619463384152,4,55.27310776700324,895,1247316,893851,2.835867166519165,88.35283660888672
1720,6.57655380666256,1,12.770496290002484,210,1247526,894061,2.86476993560791,88.03646087646484
1721,-534.0472458079457,4,53.79156110600161,883,1248409,894944,2.899055242538452,88.22782897949219
1722,-537.2198063880205,4,55.31414467099967,884,1249293,895828,2.851900815963745,88.06775665283203
1723,-463.4100563004613,4,53.84270382200339,855,1250148,896683,2.786111354827881,88.06269836425781
1724,14.881707333028316,1,11.94628813899908,193,1250341,896876,2.8118550777435303,87.68769073486328
1725,-461.3574675321579,4,54.8665576469939,892,1251233,897768,2.8590705394744877,88.09042358398438
1726,-311.8858655914664,1,38.21180566999829,628,1251861,898396,2.829838752746582,87.92633819580078
1727,-487.0871528536081,4,55.04191767700104,898,1252759,899294,2.8073909282684326,87.93172454833984
1728,67.76081359386444,1,3.3254846580020967,52,1252811,899346,2.669558048248291,87.89000701904297
1729,-251.01009286940095,1,40.611852299996826,659,1253470,900005,2.8705859184265137,87.97573852539062
1730,-372.5727408081293,1,52.64750423499936,866,1254336,900871,2.8349499702453613,87.73532104492188
1731,-521.4126649573445,4,50.83464031799667,811,1255147,901682,2.831477403640747,87.85731506347656
1732,67.58232448995113,1,7.055058318997908,87,1255234,901769,2.912574291229248,88.11975860595703
1733,-362.3060283586383,1,46.44115969999984,736,1255970,902505,2.847575426101685,87.8078842163086
1734,-317.4380430728197,1,51.2132879750061,831,1256801,903336,2.800929069519043,87.57776641845703
1735,-693.8187633752823,4,51.21762379400025,834,1257635,904170,2.825223207473755,87.63670349121094
1736,27.69449131190777,1,10.924171927996213,178,1257813,904348,2.677907466888428,87.63801574707031
1737,-422.1707479208708,4,52.816542531996674,858,1258671,905206,2.86271071434021,87.45690155029297
1738,-532.5219218879938,4,54.036153155997454,879,1259550,906085,2.8701932430267334,87.52300262451172
1739,-684.3393854647875,4,54.423102667999046,885,1260435,906970,2.8177616596221924,87.39665222167969
1740,54.02790831774473,1,7.315992992997053,116,1260551,907086,2.817692518234253,87.10523986816406
1741,-36.95100040733814,1,21.06398592900223,328,1260879,907414,2.786527395248413,87.23062133789062
1742,-64.22301331162453,1,24.98439796299499,387,1261266,907801,2.7778382301330566,87.12894439697266
1743,-1132.822080925107,4,55.00551708500279,877,1262143,908678,2.771447896957397,87.24925994873047
1744,-14.762713596224785,1,15.723938140996324,253,1262396,908931,2.7965340614318848,87.43522644042969
1745,-488.59675642848015,1,51.43340410399833,831,1263227,909762,2.7899272441864014,87.23078155517578
1746,-375.75816674530506,1,51.426369227003306,834,1264061,910596,2.7987499237060547,87.25
1747,-255.2863477319479,1,43.58463666899479,699,1264760,911295,2.805366516113281,87.10579681396484
1748,-85.92138005793095,1,21.98894100599864,358,1265118,911653,2.7394015789031982,87.02754974365234
1749,-539.2817960083485,4,55.364060795000114,901,1266019,912554,2.8252744674682617,87.07081604003906
1750,-473.71330062299967,4,52.04897107600118,833,1266852,913387,2.80071759223938,87.07633972167969
1751,-577.9872782155871,4,54.71470103700267,856,1267708,914243,2.791022539138794,86.97003936767578
1752,70.0999536216259,1,5.528298418001214,87,1267795,914330,2.764900922775269,87.29258728027344
1753,-323.78036873042583,1,43.06725214100152,695,1268490,915025,2.774453401565552,86.87842559814453
1754,-43.71992835402489,1,20.13554962000489,324,1268814,915349,2.761554956436157,86.98947143554688
1755,-223.31892842054367,1,44.97998917299992,724,1269538,916073,2.783620595932007,86.69102478027344
1756,-168.26745668798685,1,40.747008623999136,650,1270188,916723,2.8393983840942383,86.87529754638672
1757,-407.9904283285141,4,54.987638685001,883,1271071,917606,2.797556638717652,86.85821533203125
1758,74.25001357495785,1,4.925746089000313,78,1271149,917684,2.8289575576782227,86.40330505371094
1759,-261.233743481338,1,42.95281879099639,692,1271841,918376,2.7577548027038574,86.43982696533203
1760,-561.2108153477311,4,54.34207938300096,864,1272705,919240,2.8115053176879883,86.5348129272461
1761,76.51606906205416,1,6.009380509996845,84,1272789,919324,2.9655239582061768,86.3955307006836
1762,-62.30188453197479,1,16.286826862000453,253,1273042,919577,2.7548723220825195,86.53327178955078
1763,-417.16198655962944,4,51.99003173500387,830,1273872,920407,2.801038980484009,86.55491638183594
1764,-280.17549958080053,1,45.55920735599648,732,1274604,921139,2.7027087211608887,86.35267639160156
1765,-30.841539718210697,1,19.73016651600483,312,1274916,921451,2.8646628856658936,86.63153839111328
1766,-429.64184511452913,1,50.33349548999831,810,1275726,922261,2.781607389450073,86.49559020996094
1767,-262.6021693572402,1,50.40415329700045,807,1276533,923068,2.781339645385742,86.44003295898438
1768,-120.32737480849028,1,28.495560470000783,456,1276989,923524,2.7762880325317383,86.32720184326172
1769,-481.75986893475056,4,53.10554689299897,857,1277846,924381,2.7189669609069824,86.13988494873047
1770,-411.2080993503332,4,54.32290051999735,851,1278697,925232,2.704530000686645,86.15770721435547
1771,84.34100668504834,1,2.017957018004381,30,1278727,925262,2.894938945770264,85.965576171875
1772,-278.0090533345938,1,38.7411694560069,600,1279327,925862,2.760662794113159,86.11565399169922
1773,-596.9140838608146,2,50.7524919320058,812,1280139,926674,2.773324489593506,85.89849853515625
1774,-520.0735481753945,4,52.196143013003166,832,1280971,927506,2.7634541988372803,86.22032165527344
1775,0.3534041047096252,1,8.857973645004677,142,1281113,927648,2.816970109939575,85.71580505371094
1776,-497.9027466401458,4,52.96073535900359,848,1281961,928496,2.816091060638428,86.12235260009766
1777,-450.3082225397229,4,54.33333134800341,870,1282831,929366,2.8110873699188232,86.12734985351562
1778,-203.88711760938168,1,38.13730598700204,608,1283439,929974,2.8194360733032227,86.2090072631836
1779,-144.30892550200224,1,23.12241591700149,368,1283807,930342,2.7662513256073,86.39422607421875
1780,-498.41956474632025,4,54.72951075799938,852,1284659,931194,2.781925678253174,85.98027038574219
1781,-436.8570436313749,4,52.655123077995086,797,1285456,931991,2.7571358680725098,85.9839859008789
1782,-565.8728728368878,4,54.51100771300116,867,1286323,932858,2.7896761894226074,85.82743835449219
1783,28.233402743935585,1,9.340266258004704,148,1286471,933006,2.810183048248291,85.8918685913086
1784,-607.7133327126503,4,55.29968522800482,879,1287350,933885,2.811810255050659,85.7860107421875
1785,-565.8931100666523,1,53.67557342000509,857,1288207,934742,2.821953058242798,85.77366638183594
1786,-549.9774766787887,4,51.93489310899895,827,1289034,935569,2.797384738922119,85.5693588256836
1787,-422.5255255997181,1,45.493323142996815,730,1289764,936299,2.7091360092163086,85.61351776123047
1788,-463.1548161357641,4,51.33331281899882,785,1290549,937084,2.7474241256713867,85.69715118408203
1789,38.37242178618908,1,8.663576270999329,132,1290681,937216,2.842257499694824,85.60487365722656
1790,-440.3911845013499,4,52.93472968399874,836,1291517,938052,2.7902581691741943,85.68255615234375
1791,-56.466562174260616,1,24.945435903006,396,1291913,938448,2.751054048538208,85.39286041259766
1792,-131.50816030055285,1,39.50512086000526,628,1292541,939076,2.7762043476104736,85.59474182128906
1793,-196.04941402375695,1,39.88723335800023,634,1293175,939710,2.793401002883911,85.5948257446289
1794,-174.66213166713715,1,38.06817537800089,603,1293778,940313,2.745324850082397,85.53583526611328
1795,-205.2970299422741,1,40.322565496004245,638,1294416,940951,2.7566027641296387,85.5989761352539
1796,-936.2390209287404,4,54.28264583999408,859,1295275,941810,2.80779767036438,85.72628784179688
1797,-19.944287285208706,1,16.964142633994925,269,1295544,942079,2.834682941436768,85.53728485107422
1798,-1716.4438896477222,4,53.87796648600488,821,1296365,942900,2.7450718879699707,85.47886657714844
1799,-127.93586576730011,1,32.29724774300121,503,1296868,943403,2.7973904609680176,85.65814971923828
1800,-804.4301396012306,4,54.4866457600001,864,1297732,944267,2.836948871612549,85.58824920654297
1801,86.26571342349052,1,2.1325234470059518,30,1297762,944297,2.645436286926269,85.72481536865234
1802,-524.7423321977258,4,54.38654250699619,859,1298621,945156,2.7603352069854736,85.46102905273438
1803,34.779051065444946,1,11.145942243994796,173,1298794,945329,2.7405428886413574,85.94100952148438
1804,-28.053496286273003,1,21.03780293899763,326,1299120,945655,2.813915491104126,85.68277740478516
1805,-523.6579102128744,4,52.37044694899669,816,1299936,946471,2.79280424118042,85.41710662841797
1806,47.89129784703255,1,4.23419314900093,66,1300002,946537,2.8711602687835693,85.75591278076172
1807,-374.3640014007688,4,51.51520412299578,811,1300813,947348,2.7642080783843994,85.504150390625
1808,-491.2945005968213,4,54.2588889289982,839,1301652,948187,2.76834487915039,85.42572021484375
1809,86.97858619689941,1,2.2897859959994094,30,1301682,948217,3.0187907218933105,85.58267211914062
1810,-460.8673221841455,4,53.13364712600014,823,1302505,949040,2.7700014114379883,85.42169189453125
1811,-664.6105965524912,4,51.95274091500323,822,1303327,949862,2.8344264030456543,85.51911926269531
1812,13.462452441453934,1,12.030387858001632,189,1303516,950051,2.709862232208252,85.61412048339844
1813,-236.19772605597973,1,44.92378142599773,706,1304222,950757,2.7779541015625,85.46792602539062
1814,-145.47836223989725,1,34.88447989999986,548,1304770,951305,2.813955783843994,85.53678131103516
1815,-72.37099002301693,1,21.23786443399877,332,1305102,951637,2.8080384731292725,85.4683837890625
1816,-438.5077250078321,4,55.03863280599762,869,1305971,952506,2.806793451309204,85.5739517211914
1817,-423.9680932313204,4,52.72739875000116,831,1306802,953337,2.826778650283813,85.58329772949219
1818,18.93833753466606,1,10.559233735002636,167,1306969,953504,2.885230779647827,85.1998062133789
1819,-421.4355818778277,4,52.86870211999485,801,1307770,954305,2.7565417289733887,85.28538513183594
1820,-572.9889718964696,4,54.813885950999975,855,1308625,955160,2.750928401947021,85.21885681152344
1821,57.82167908549309,1,8.567336218999117,132,1308757,955292,2.7819180488586426,85.20518493652344
1822,-347.0070659965277,1,42.368865581003774,664,1309421,955956,2.766402244567871,85.14559173583984
1823,-413.7992471680045,4,52.1364616130013,820,1310241,956776,2.7836754322052,85.20219421386719
1824,-487.66136176884174,4,52.954324352002,833,1311074,957609,2.802778720855713,85.05694580078125
1825,81.00720074772835,1,3.3298516890063183,51,1311125,957660,2.87265682220459,84.80787658691406
1826,-432.7591886669397,4,53.04525462099991,813,1311938,958473,2.776556491851806,85.04472351074219
1827,-554.6702738553286,4,52.53693364699575,820,1312758,959293,2.7563588619232178,85.0802230834961
1828,27.661721393466,1,13.390596111996274,198,1312956,959491,2.721453189849853,85.06169891357422
1829,-126.57825283706188,1,34.05289142400579,514,1313470,960005,2.859189033508301,85.10736083984375
1830,-455.0213639363647,4,53.78322726400074,837,1314307,960842,2.7586636543273926,85.00224304199219
1831,-508.7858902364969,4,51.763300023005286,812,1315119,961654,2.725349903106689,84.81970977783203
1832,9.842299953103064,1,11.786441413998546,183,1315302,961837,2.8316636085510254,84.77996063232422
1833,-66.91997550427914,1,23.97120668199932,374,1315676,962211,2.792675733566284,85.09552764892578
1834,-28.632245615124702,1,17.518361645998084,271,1315947,962482,2.7151646614074707,85.03532409667969
1835,-227.34568351507187,1,34.05758647100447,532,1316479,963014,2.808605909347534,84.85388946533203
1836,-481.1711345389485,4,54.93902008499572,857,1317336,963871,2.803462505340576,84.81273651123047
1837,58.46105556935072,1,8.363214960998448,129,1317465,964000,2.828731060028076,85.05144500732422
1838,-162.78348845243454,1,35.619962962999125,554,1318019,964554,2.732280731201172,84.79374694824219
1839,-211.76028140634295,1,44.70430658599798,682,1318701,965236,2.768571615219116,84.7443618774414
1840,-521.8223080337048,4,51.07967099999951,775,1319476,966011,2.78682804107666,84.78736877441406
1841,71.63715279102325,1,5.624240100005409,87,1319563,966098,2.793231010437012,84.69556427001953
1842,-399.2346413359046,4,54.709598043998994,852,1320415,966950,2.7516860961914062,84.47663879394531
1843,-503.1540920585394,4,54.54672187699907,854,1321269,967804,2.7770566940307617,84.4587631225586
