episode, reward, success, duration, steps, total_steps, memory length, avg_critic_loss, avg_actor_loss
501, 2481.721526414156, 1, 1.7594966819997353, 46, 497390,                                             497390, 33.34370040893555, 476.8966064453125
502, -5892.1191029548645, 3, 24.89317476100041, 804, 498194,                                             498194, 28.924102783203125, 470.7391662597656
503, -4317.3129987716675, 3, 23.8275779229989, 787, 498981,                                             498981, 29.11678123474121, 472.7736511230469
504, -4507.2577470541, 3, 21.162076829001307, 667, 499648,                                             499648, 28.796236038208008, 472.7738342285156
505, -5401.530593395233, 2, 32.657563557000685, 1074, 500722,                                             500722, 29.59427833557129, 472.9637756347656
506, -5856.5180723667145, 3, 31.02041360899966, 869, 501591,                                             501591, 28.837894439697266, 472.5594482421875
507, -6996.315548181534, 4, 56.988225017999866, 1473, 503064,                                             503064, 29.389421463012695, 472.1852111816406
508, -4770.123781442642, 3, 27.809362484000303, 733, 503797,                                             503797, 28.046499252319336, 471.29156494140625
509, -5822.188398301601, 4, 56.749020347000624, 1643, 505440,                                             505440, 28.834375381469727, 470.59246826171875
510, -4531.199996709824, 3, 26.738078612001118, 694, 506134,                                             506134, 28.971384048461914, 470.75921630859375
511, 1426.1377747058868, 1, 15.874757949999548, 391, 506525,                                             506525, 28.90119171142578, 471.33795166015625
512, -3217.5694292783737, 3, 19.02905164599906, 500, 507025,                                             507025, 28.262191772460938, 472.45831298828125
513, 1348.260974228382, 1, 15.349751955000102, 385, 507410,                                             507410, 28.237606048583984, 469.3485107421875
514, -3763.8544738292694, 3, 12.394530002000465, 313, 507723,                                             507723, 28.728612899780273, 469.874755859375
515, -3832.875479221344, 3, 19.576578690999668, 505, 508228,                                             508228, 28.576671600341797, 470.2046203613281
516, -3203.7323858737946, 2, 11.963543112999105, 314, 508542,                                             508542, 28.008167266845703, 471.0829162597656
517, -5630.426406502724, 3, 26.534210174999316, 693, 509235,                                             509235, 28.72831916809082, 469.6971130371094
518, -4472.739531517029, 4, 55.06295351500012, 1420, 510655,                                             510655, 28.781864166259766, 468.8316345214844
519, -4947.265675663948, 3, 32.84119567900052, 858, 511513,                                             511513, 28.963279724121094, 469.6267395019531
520, -5456.013671755791, 3, 36.852324942999985, 949, 512462,                                             512462, 28.914093017578125, 469.4892883300781
521, -4129.819599211216, 3, 22.529809549001584, 578, 513040,                                             513040, 28.9680233001709, 472.1701354980469
522, 2385.348424434662, 1, 4.334105096000712, 108, 513148,                                             513148, 29.12646484375, 470.470947265625
523, -4633.890881717205, 3, 27.360508392001066, 702, 513850,                                             513850, 28.595624923706055, 469.8216552734375
524, -4386.89015352726, 3, 27.586470358999577, 716, 514566,                                             514566, 28.843034744262695, 467.89813232421875
525, -5029.377593159676, 3, 30.35733058400001, 787, 515353,                                             515353, 29.326290130615234, 469.43304443359375
526, -2456.1063216924667, 1, 52.70752253899991, 1369, 516722,                                             516722, 29.01388168334961, 469.1169738769531
527, -4515.37895077467, 3, 32.353670986, 833, 517555,                                             517555, 29.394254684448242, 468.83599853515625
528, -5235.346579313278, 4, 54.078413758999886, 1396, 518951,                                             518951, 28.59627342224121, 469.3045654296875
529, -4765.225789666176, 3, 28.38610565700037, 743, 519694,                                             519694, 28.69781494140625, 469.28912353515625
530, -4237.046831071377, 4, 53.37546427400048, 1388, 521082,                                             521082, 29.24247932434082, 468.9786071777344
531, -4454.502359390259, 4, 55.13918734000072, 1453, 522535,                                             522535, 28.91667366027832, 468.14141845703125
532, -4824.280128836632, 4, 53.61490495600083, 1377, 523912,                                             523912, 28.53278160095215, 468.57257080078125
533, -4819.5388605594635, 3, 29.386474696999358, 769, 524681,                                             524681, 29.248767852783203, 469.7074890136719
534, -5855.673788547516, 2, 44.14764138400096, 1153, 525834,                                             525834, 28.145296096801758, 466.24261474609375
535, -4525.816099047661, 3, 26.9573236010001, 694, 526528,                                             526528, 29.44059944152832, 470.3829345703125
536, -5823.338361978531, 4, 54.04765657200005, 1419, 527947,                                             527947, 28.921403884887695, 466.6141357421875
537, -4558.511628508568, 3, 27.930272356001296, 730, 528677,                                             528677, 28.241119384765625, 465.19110107421875
538, -4637.799040675163, 4, 53.418774398000096, 1391, 530068,                                             530068, 28.973590850830078, 466.0009460449219
539, -4666.1408751010895, 3, 28.803158420998443, 749, 530817,                                             530817, 28.842443466186523, 465.0294189453125
540, -4784.110812902451, 4, 56.601346297999044, 1470, 532287,                                             532287, 28.620235443115234, 466.85382080078125
541, -4427.201749444008, 3, 25.275004852001075, 651, 532938,                                             532938, 28.47979164123535, 464.3283386230469
542, -4635.019710898399, 3, 28.931042595999315, 758, 533696,                                             533696, 28.14826202392578, 463.72320556640625
543, -4903.99557185173, 4, 55.12952756800041, 1417, 535113,                                             535113, 27.945945739746094, 464.5512390136719
544, -4942.3305151462555, 3, 31.588271497999813, 821, 535934,                                             535934, 28.33634376525879, 462.50689697265625
545, -5730.6532391905785, 4, 56.34885266699894, 1686, 537620,                                             537620, 28.01226806640625, 463.04656982421875
546, -5246.820850372314, 3, 28.723855238000397, 958, 538578,                                             538578, 27.51645278930664, 463.29595947265625
547, -8468.425798296928, 3, 26.507788291999532, 894, 539472,                                             539472, 28.25309181213379, 462.4506530761719
548, -6682.09287405014, 4, 52.80383337600142, 1776, 541248,                                             541248, 27.748292922973633, 463.4906005859375
549, -5679.71188890934, 3, 29.163182237, 983, 542231,                                             542231, 27.823963165283203, 464.4319152832031
550, -6708.282803654671, 4, 55.771599355000944, 1898, 544129,                                             544129, 27.927814483642578, 462.9798583984375
551, 2305.987624526024, 1, 4.521510221999051, 154, 544283,                                             544283, 26.413860321044922, 460.4929504394531
552, -5793.525863945484, 4, 54.51402441800019, 1833, 546116,                                             546116, 27.812952041625977, 464.15472412109375
553, -2944.6317150592804, 2, 7.53818177499852, 247, 546363,                                             546363, 27.889081954956055, 463.5999755859375
554, -4651.9361255168915, 3, 23.550776489999407, 792, 547155,                                             547155, 27.51754379272461, 461.6671447753906
555, -6189.369310259819, 2, 29.170725621999736, 994, 548149,                                             548149, 27.814598083496094, 462.3966979980469
556, -5227.355153441429, 4, 52.725370083997404, 1781, 549930,                                             549930, 27.861122131347656, 461.17266845703125
557, -7020.004604935646, 4, 54.86781373099802, 1840, 551770,                                             551770, 27.413799285888672, 461.4637145996094
558, -2967.112096488476, 2, 7.33308131299782, 244, 552014,                                             552014, 26.524686813354492, 460.56536865234375
559, -10332.038454592228, 4, 56.38792343499881, 1925, 553939,                                             553939, 27.72097396850586, 460.86614990234375
560, -5702.897790431976, 4, 54.376085774001695, 1840, 555779,                                             555779, 27.55658721923828, 460.4798583984375
561, -7049.256125092506, 3, 33.26980676200037, 1106, 556885,                                             556885, 27.625669479370117, 462.250732421875
562, -5847.15707218647, 3, 30.695135730999027, 1017, 557902,                                             557902, 27.205034255981445, 459.9791564941406
563, -3281.897457242012, 2, 8.938369057999807, 296, 558198,                                             558198, 26.59141731262207, 459.8416442871094
564, -4988.309483528137, 3, 27.71050669900069, 921, 559119,                                             559119, 27.202428817749023, 460.6915588378906
565, -6878.166877985001, 2, 38.69358763499986, 1298, 560417,                                             560417, 27.673587799072266, 459.7775573730469
566, 82.6051636338234, 1, 27.039755775997037, 901, 561318,                                             561318, 27.2216739654541, 460.5142517089844
567, -5484.694615364075, 2, 23.115797300997656, 754, 562072,                                             562072, 27.241111755371094, 458.4706115722656
568, -4675.435330986977, 3, 24.180756393001502, 805, 562877,                                             562877, 27.548358917236328, 461.22186279296875
569, -5982.32121270895, 4, 54.17043588699744, 1921, 564798,                                             564798, 27.566211700439453, 461.3390808105469
570, -5192.024109899998, 4, 52.8051172580017, 1713, 566511,                                             566511, 28.022319793701172, 460.9505310058594
571, -4133.785584330559, 3, 9.196698353000102, 309, 566820,                                             566820, 27.287105560302734, 460.1874084472656
572, -5111.281579256058, 3, 27.509223008000845, 935, 567755,                                             567755, 27.49422264099121, 460.5691223144531
573, 1132.716761469841, 1, 16.043486863, 538, 568293,                                             568293, 27.352767944335938, 458.4319763183594
574, -2779.9535576701164, 3, 6.7369498389998625, 220, 568513,                                             568513, 27.372159957885742, 458.3656005859375
575, -5289.914844572544, 3, 32.360735771999316, 1085, 569598,                                             569598, 27.976112365722656, 460.0447998046875
576, -5240.458373606205, 3, 28.78909993200068, 964, 570562,                                             570562, 27.184993743896484, 461.1136474609375
577, -4851.339775800705, 2, 14.94207192400063, 488, 571050,                                             571050, 28.02806854248047, 461.5106201171875
578, -7226.571002483368, 3, 37.062068347000604, 1249, 572299,                                             572299, 27.584226608276367, 462.1682434082031
579, -6257.836932420731, 4, 53.358706093000364, 1786, 574085,                                             574085, 27.843233108520508, 460.1552429199219
580, -5823.393681406975, 3, 37.89049509899996, 1276, 575361,                                             575361, 28.141172409057617, 461.33502197265625
581, -2020.1680172979832, 1, 37.66890264799804, 1264, 576625,                                             576625, 28.222557067871094, 461.9068298339844
582, -6506.46642434597, 3, 42.87717121499736, 1444, 578069,                                             578069, 27.942718505859375, 459.66876220703125
583, -5507.2994104623795, 3, 31.799559438997676, 1059, 579128,                                             579128, 28.09305763244629, 460.7051696777344
584, -5908.923365354538, 2, 29.04573012200126, 975, 580103,                                             580103, 27.456558227539062, 459.02801513671875
585, -5304.991883158684, 3, 27.40551163499913, 918, 581021,                                             581021, 28.43532943725586, 461.5132751464844
586, -5650.264857649803, 3, 24.45549261799897, 767, 581788,                                             581788, 28.20154571533203, 460.5103759765625
587, -3430.692035675049, 2, 9.136076900002081, 296, 582084,                                             582084, 28.125102996826172, 459.11920166015625
588, -7224.583181202412, 2, 38.71183349000057, 1307, 583391,                                             583391, 28.021474838256836, 461.2665100097656
589, -5893.820489704609, 3, 28.476747275999514, 963, 584354,                                             584354, 28.055585861206055, 461.25677490234375
590, 1531.4528114795685, 1, 11.327226379999047, 374, 584728,                                             584728, 28.64849281311035, 459.9002380371094
591, -6258.639323472977, 4, 54.30434498500108, 1829, 586557,                                             586557, 27.683189392089844, 459.11505126953125
592, -5596.829557657242, 3, 30.764707540998643, 1019, 587576,                                             587576, 27.81884765625, 459.4839782714844
593, -3356.9544036388397, 3, 8.934804298998642, 300, 587876,                                             587876, 27.282957077026367, 458.0284423828125
594, -5424.216237723827, 3, 34.66315043400027, 1162, 589038,                                             589038, 27.939579010009766, 457.79217529296875
595, -9603.662806272507, 4, 56.441250171999855, 1899, 590937,                                             590937, 27.264636993408203, 458.14776611328125
596, -144.48111069202423, 1, 28.654691838997678, 951, 591888,                                             591888, 28.00659942626953, 457.9255676269531
597, -9006.304372310638, 3, 54.962561070002266, 1822, 593710,                                             593710, 27.94729995727539, 458.2580871582031
598, -6611.173704624176, 3, 32.66115203300069, 1095, 594805,                                             594805, 27.626291275024414, 455.7835388183594
599, -5546.590902984142, 3, 31.23028444099691, 1043, 595848,                                             595848, 27.229141235351562, 457.2365417480469
600, -5095.505673646927, 3, 27.841069509999215, 931, 596779,                                             596779, 27.246570587158203, 455.7567138671875
601, -5346.456293642521, 4, 54.44949583400012, 1772, 598551,                                             598551, 27.546138763427734, 455.9001159667969
602, -4610.761453986168, 3, 23.168522636999114, 761, 599312,                                             599312, 27.96586036682129, 457.4886779785156
603, -5979.415622472763, 3, 31.668187215000216, 1057, 600369,                                             600369, 27.594541549682617, 457.4887390136719
604, -6397.564160764217, 3, 27.576230607999605, 915, 601284,                                             601284, 28.50714683532715, 458.76715087890625
605, -6896.491986453533, 4, 54.502275098999235, 1831, 603115,                                             603115, 28.112199783325195, 458.49676513671875
606, -5874.237882971764, 3, 31.53915134699855, 1038, 604153,                                             604153, 27.93316650390625, 458.7606201171875
607, -3018.464917898178, 3, 8.942139519000193, 292, 604445,                                             604445, 27.032390594482422, 455.9041748046875
608, -6845.431901395321, 4, 54.92336157200043, 1835, 606280,                                             606280, 27.59162139892578, 457.4827880859375
609, -5260.696904659271, 3, 27.381706406999, 912, 607192,                                             607192, 27.15550422668457, 456.2821044921875
610, -7233.724638223648, 2, 44.02796563700031, 1455, 608647,                                             608647, 27.794363021850586, 457.86474609375
611, 820.745132535696, 1, 20.159715516998403, 646, 609293,                                             609293, 27.424846649169922, 457.8764953613281
612, -3194.773644924164, 3, 7.71785320699928, 239, 609532,                                             609532, 27.590452194213867, 457.08135986328125
613, 1162.8907397091389, 1, 17.345999425000628, 565, 610097,                                             610097, 28.101699829101562, 456.6618347167969
614, -3226.9313158988953, 3, 9.926699432999158, 323, 610420,                                             610420, 27.785228729248047, 457.3368225097656
615, -5187.610165655613, 2, 29.517764270000043, 973, 611393,                                             611393, 27.751352310180664, 456.427734375
616, -6148.109136223793, 2, 21.747529813001165, 718, 612111,                                             612111, 27.750465393066406, 455.11712646484375
617, -5160.033669233322, 3, 25.17420780500106, 819, 612930,                                             612930, 27.80032730102539, 457.1368408203125
618, -5694.475284963846, 1, 46.32513607100191, 1538, 614468,                                             614468, 28.20205307006836, 456.46484375
619, -5191.98006939888, 2, 16.94149572600145, 545, 615013,                                             615013, 28.44051742553711, 456.8957824707031
620, 2299.786690056324, 1, 6.200277960000676, 195, 615208,                                             615208, 27.56298065185547, 453.4053649902344
621, -5975.644966006279, 4, 53.15384707799967, 1766, 616974,                                             616974, 28.255687713623047, 456.1112060546875
622, -5447.388826429844, 3, 32.06889121800123, 1032, 618006,                                             618006, 27.80803871154785, 456.1344299316406
623, -5395.434906005859, 4, 55.15626898100163, 1816, 619822,                                             619822, 28.14042091369629, 457.2607421875
624, -6224.978699564934, 4, 54.469179067997175, 1801, 621623,                                             621623, 28.334400177001953, 456.7489318847656
625, -6248.60087120533, 4, 53.38081679199968, 1746, 623369,                                             623369, 27.679672241210938, 457.27569580078125
626, -5769.514333128929, 2, 33.67703810600142, 1115, 624484,                                             624484, 28.030010223388672, 457.44305419921875
627, 1180.9663682579994, 1, 15.250697699000739, 491, 624975,                                             624975, 28.35323143005371, 455.447998046875
628, -988.1168233156204, 1, 29.871525980001024, 991, 625966,                                             625966, 28.622604370117188, 457.16290283203125
629, -2405.0900197029114, 2, 2.487454948000959, 74, 626040,                                             626040, 29.002971649169922, 458.3446350097656
630, -3154.541533470154, 2, 6.935948746999202, 213, 626253,                                             626253, 28.3143367767334, 455.2432861328125
631, -2997.5509353876114, 2, 8.039812225000787, 249, 626502,                                             626502, 28.414804458618164, 458.6186218261719
632, -6803.532694280148, 4, 56.08795975300018, 1823, 628325,                                             628325, 28.151132583618164, 456.227783203125
633, -6135.750509917736, 3, 34.23633137700017, 1122, 629447,                                             629447, 28.504899978637695, 457.1803283691406
634, -5043.071827173233, 3, 28.30962831099896, 928, 630375,                                             630375, 28.77720069885254, 457.1915283203125
635, -5122.686829388142, 3, 28.89812309500121, 940, 631315,                                             631315, 28.12114143371582, 456.9981689453125
636, -5519.449134230614, 4, 53.450385075997474, 1758, 633073,                                             633073, 27.94361686706543, 455.08624267578125
637, -5481.384094715118, 3, 29.364992385999358, 958, 634031,                                             634031, 28.284528732299805, 456.02001953125
638, -4698.317685961723, 3, 22.577500538001914, 741, 634772,                                             634772, 28.34357261657715, 455.5207824707031
639, -5240.008353829384, 3, 29.13104242099871, 950, 635722,                                             635722, 28.190452575683594, 456.6420593261719
640, -3611.329454064369, 2, 16.27072066800247, 523, 636245,                                             636245, 28.082569122314453, 455.70477294921875
641, 1072.8852329552174, 1, 15.896065196000563, 523, 636768,                                             636768, 28.067947387695312, 453.0905456542969
642, -2855.321045279503, 3, 10.238924522996967, 324, 637092,                                             637092, 29.053722381591797, 456.4964904785156
643, -10863.945261001587, 4, 54.04877474100067, 1780, 638872,                                             638872, 27.892332077026367, 455.521728515625
644, -7507.508666336536, 2, 38.61854487999881, 1269, 640141,                                             640141, 27.887285232543945, 456.6281433105469
645, -7849.454428970814, 2, 47.76517519799745, 1575, 641716,                                             641716, 28.360145568847656, 456.23504638671875
646, -7004.115483105183, 4, 56.751301912998315, 1855, 643571,                                             643571, 28.333202362060547, 455.0611572265625
647, -5996.736391603947, 3, 32.006063010001526, 1057, 644628,                                             644628, 28.515153884887695, 454.0920104980469
648, -5920.1507576704025, 3, 29.419948892998946, 1058, 645686,                                             645686, 28.300701141357422, 454.2017517089844
649, -2785.853447198868, 2, 7.13505138400069, 228, 645914,                                             645914, 29.167943954467773, 454.271484375
650, -8303.217803359032, 4, 51.326058815997385, 1715, 647629,                                             647629, 27.746417999267578, 453.8831481933594
651, -6247.345715403557, 3, 33.951606564998656, 1126, 648755,                                             648755, 27.542747497558594, 453.14227294921875
652, -5332.333179593086, 4, 51.103845358997205, 1696, 650451,                                             650451, 28.112749099731445, 452.7259216308594
653, -6560.30630749464, 4, 55.84701791400221, 1852, 652303,                                             652303, 27.579208374023438, 453.0989074707031
654, -4989.511557400227, 3, 26.359542951999174, 864, 653167,                                             653167, 27.253618240356445, 453.78240966796875
655, -6485.301190376282, 3, 34.389040795002074, 1128, 654295,                                             654295, 27.553329467773438, 452.4273681640625
656, -6434.158405780792, 3, 32.21396788999846, 1069, 655364,                                             655364, 27.306415557861328, 453.27593994140625
657, -5910.375016331673, 3, 29.59851987500224, 959, 656323,                                             656323, 27.853126525878906, 452.5476989746094
658, -8121.371742248535, 4, 55.281810077001865, 1821, 658144,                                             658144, 28.031652450561523, 454.39093017578125
659, -4092.451458454132, 3, 17.756621861000895, 583, 658727,                                             658727, 27.956754684448242, 453.7937316894531
660, -5496.965818285942, 3, 29.600700279999728, 963, 659690,                                             659690, 28.051170349121094, 453.62017822265625
661, -6865.651949763298, 4, 56.37577233000047, 1847, 661537,                                             661537, 28.000755310058594, 452.290283203125
662, -5444.045342087746, 3, 31.046888417000446, 1027, 662564,                                             662564, 28.066617965698242, 454.85723876953125
663, -5802.740200519562, 2, 36.861624495002616, 1228, 663792,                                             663792, 27.689001083374023, 451.40289306640625
664, -4573.769162654877, 3, 23.415521343002183, 771, 664563,                                             664563, 27.324609756469727, 450.3384704589844
665, -6856.642489075661, 4, 56.11835878400234, 1846, 666409,                                             666409, 28.008777618408203, 454.2569274902344
666, 2377.388509988785, 1, 4.528922244000569, 143, 666552,                                             666552, 27.88129234313965, 452.32171630859375
667, -2642.258793115616, 2, 2.907910998001171, 83, 666635,                                             666635, 27.24886703491211, 448.2933349609375
668, -5850.128629684448, 3, 32.246934958002385, 1064, 667699,                                             667699, 27.827306747436523, 452.5810852050781
669, -5057.3718955516815, 3, 27.445244021997496, 895, 668594,                                             668594, 27.787607192993164, 452.8551940917969
670, -5799.767412960529, 3, 33.891468551999424, 1119, 669713,                                             669713, 28.307811737060547, 453.4113464355469
671, -7640.257082283497, 2, 53.1952048259991, 1729, 671442,                                             671442, 28.040605545043945, 452.6610107421875
672, -1391.1815512180328, 1, 34.18357357000059, 1120, 672562,                                             672562, 28.425199508666992, 453.1395568847656
673, -6760.76115834713, 3, 46.63918760099841, 1521, 674083,                                             674083, 27.874404907226562, 453.6431884765625
674, -5412.307491183281, 3, 30.43843463599842, 979, 675062,                                             675062, 28.178712844848633, 453.9093933105469
675, -5383.069087922573, 3, 32.31852652700036, 1065, 676127,                                             676127, 28.05434226989746, 452.5674743652344
676, -4906.640920162201, 3, 27.06418922100056, 880, 677007,                                             677007, 28.180200576782227, 452.5411682128906
677, -4392.325570821762, 3, 20.866571279999334, 688, 677695,                                             677695, 28.49244499206543, 454.5158996582031
678, -6069.452956855297, 3, 33.205293446000724, 1081, 678776,                                             678776, 28.784692764282227, 453.32208251953125
679, -5435.146086394787, 3, 33.08097886700125, 1081, 679857,                                             679857, 28.08928871154785, 455.0189208984375
680, -5208.471466422081, 3, 28.84441448399957, 933, 680790,                                             680790, 27.733135223388672, 453.0712890625
681, -2857.2439581155777, 3, 8.886401943000237, 283, 681073,                                             681073, 27.65593147277832, 453.8904724121094
682, -6610.324150681496, 4, 54.89048648899916, 1791, 682864,                                             682864, 28.558101654052734, 455.0030212402344
683, -4427.001469492912, 3, 21.730835857000784, 708, 683572,                                             683572, 28.192943572998047, 454.760498046875
684, -4197.425820589066, 3, 19.819274220000807, 641, 684213,                                             684213, 28.540555953979492, 454.378662109375
685, -4723.769212722778, 3, 24.362040785999852, 785, 684998,                                             684998, 28.892822265625, 454.9139404296875
686, -5114.527615785599, 3, 32.1307897480001, 1071, 686069,                                             686069, 28.19379997253418, 454.15435791015625
687, -6558.026612281799, 2, 39.49131679000129, 1272, 687341,                                             687341, 28.34426498413086, 453.1375732421875
688, -5562.654803931713, 4, 56.765473232997465, 1856, 689197,                                             689197, 28.510509490966797, 453.8966064453125
689, -6293.837394356728, 3, 31.394272220000857, 1023, 690220,                                             690220, 28.134445190429688, 453.78314208984375
690, -5307.734011173248, 3, 29.42747531400164, 953, 691173,                                             691173, 28.86412811279297, 454.14215087890625
691, -4027.1942250728607, 2, 18.303865931000473, 593, 691766,                                             691766, 27.807296752929688, 453.942138671875
692, -5698.309376955032, 3, 30.819781752998097, 1001, 692767,                                             692767, 28.264616012573242, 452.38555908203125
693, -7216.883248567581, 2, 34.253772261999984, 1106, 693873,                                             693873, 28.716083526611328, 453.0807189941406
694, -2318.937654018402, 1, 45.40033381900139, 1480, 695353,                                             695353, 28.652252197265625, 452.9024353027344
695, -5633.699860394001, 3, 36.005974218998745, 1162, 696515,                                             696515, 28.166563034057617, 453.7464904785156
696, -5133.733428359032, 3, 28.258169881999493, 913, 697428,                                             697428, 28.525707244873047, 454.12841796875
697, -5621.761541247368, 3, 31.64256402400133, 1031, 698459,                                             698459, 28.557395935058594, 452.7934875488281
698, -5172.401710867882, 3, 31.613616208000167, 1014, 699473,                                             699473, 28.508296966552734, 451.6463623046875
699, -3692.9312628507614, 3, 20.920196372000646, 552, 700025,                                             700025, 28.338565826416016, 453.78594970703125
700, -4245.235531806946, 3, 20.391873032996955, 653, 700678,                                             700678, 28.241518020629883, 453.7383728027344
701, -5701.639328598976, 3, 33.42142325399982, 1066, 701744,                                             701744, 29.028812408447266, 452.9834289550781
702, -5386.936515927315, 3, 28.670881103000283, 916, 702660,                                             702660, 28.7315673828125, 455.0307922363281
703, -3167.75086915493, 3, 10.883521390001988, 336, 702996,                                             702996, 28.292686462402344, 450.04010009765625
704, 1335.2222190499306, 1, 14.146760532999906, 454, 703450,                                             703450, 29.170421600341797, 453.8671875
705, -4184.3683142066, 2, 21.599357017003058, 698, 704148,                                             704148, 29.377239227294922, 454.7685241699219
706, 2264.5237470567226, 1, 4.532129662002262, 143, 704291,                                             704291, 29.21546173095703, 452.6607971191406
707, 2010.506034374237, 1, 10.091490352002438, 317, 704608,                                             704608, 29.24295425415039, 457.12493896484375
708, -5776.323872208595, 3, 18.286607449001167, 591, 705199,                                             705199, 28.820714950561523, 454.55615234375
709, -5012.461528837681, 2, 32.53466068799753, 1054, 706253,                                             706253, 28.614686965942383, 454.54071044921875
710, -4677.115131735802, 3, 24.078611318000185, 775, 707028,                                             707028, 28.849140167236328, 452.8721923828125
711, -4778.5115168094635, 3, 23.06509085700236, 744, 707772,                                             707772, 29.212129592895508, 454.8222351074219
712, -5374.276652812958, 3, 31.07809004400042, 981, 708753,                                             708753, 28.60907745361328, 452.9170227050781
713, -5214.925881385803, 3, 31.089987086998008, 981, 709734,                                             709734, 28.50371551513672, 452.71075439453125
714, -5816.588903486729, 4, 56.752995858998474, 1821, 711555,                                             711555, 29.1915340423584, 452.920654296875
715, -5196.1809676885605, 3, 30.508089890998235, 954, 712509,                                             712509, 28.694292068481445, 453.4041442871094
716, -4958.310197472572, 3, 30.45501416999832, 915, 713424,                                             713424, 29.235504150390625, 454.1208190917969
717, -5321.463638186455, 4, 55.623388828000316, 1633, 715057,                                             715057, 29.228294372558594, 453.487060546875
718, -909.5449553728104, 1, 40.82886108400271, 1187, 716244,                                             716244, 28.440248489379883, 453.8829650878906
719, -4027.420694589615, 4, 55.24400307700125, 1618, 717862,                                             717862, 28.941091537475586, 454.8989562988281
720, -5058.865008175373, 4, 54.90776442100105, 1607, 719469,                                             719469, 28.51190757751465, 451.5118713378906
721, -5465.407832503319, 3, 31.010146447002626, 842, 720311,                                             720311, 29.231109619140625, 452.1729736328125
722, -4689.508239865303, 2, 26.62246176899862, 775, 721086,                                             721086, 28.56523895263672, 452.9371337890625
723, 2305.5481544733047, 1, 7.616485632999684, 216, 721302,                                             721302, 29.182861328125, 449.9250793457031
724, -3387.692527770996, 3, 13.548473281000042, 396, 721698,                                             721698, 28.869369506835938, 453.8970947265625
725, -4550.383348822594, 4, 53.423821424999915, 1551, 723249,                                             723249, 29.212650299072266, 453.6238708496094
726, -5255.117262542248, 3, 35.59860251600185, 994, 724243,                                             724243, 28.84905242919922, 451.604248046875
727, -5103.907202601433, 4, 55.179383954000514, 1604, 725847,                                             725847, 29.002975463867188, 452.6094970703125
728, -4471.742630660534, 4, 53.430332115000056, 1551, 727398,                                             727398, 28.444509506225586, 450.9985046386719
729, -6211.089871644974, 2, 35.536159940998914, 1011, 728409,                                             728409, 28.96375846862793, 450.7024230957031
730, -5032.449214577675, 4, 55.12995522200072, 1599, 730008,                                             730008, 28.673587799072266, 450.77423095703125
731, 848.2894725203514, 1, 21.38721397900008, 621, 730629,                                             730629, 28.98274803161621, 450.5480651855469
732, -2927.765421628952, 3, 7.317297282999789, 202, 730831,                                             730831, 27.654024124145508, 447.80718994140625
733, 568.4945990741253, 1, 23.100620976001665, 676, 731507,                                             731507, 28.690872192382812, 450.59124755859375
734, -4238.968344211578, 3, 15.742121398998279, 450, 731957,                                             731957, 28.755754470825195, 447.57415771484375
735, -8011.041079223156, 2, 51.15071373899991, 1472, 733429,                                             733429, 28.557353973388672, 449.9839172363281
736, -4778.785403847694, 3, 22.57105028099977, 655, 734084,                                             734084, 27.845849990844727, 449.9488220214844
737, -2929.137853384018, 3, 9.147916001002159, 259, 734343,                                             734343, 29.41995620727539, 452.8997497558594
738, -3082.7240874767303, 2, 6.118833970998821, 169, 734512,                                             734512, 30.576906204223633, 452.544921875
739, -2755.5193567276, 2, 7.144942540999182, 203, 734715,                                             734715, 27.870458602905273, 448.6250915527344
740, -4097.448930025101, 3, 20.76339514999927, 602, 735317,                                             735317, 28.46681022644043, 450.2578430175781
741, -5947.018448114395, 2, 33.033415220997995, 956, 736273,                                             736273, 28.354236602783203, 449.86578369140625
742, -4907.455988645554, 3, 33.12785817299664, 969, 737242,                                             737242, 28.36485481262207, 448.18280029296875
743, -7274.22965836525, 3, 25.74674774199957, 752, 737994,                                             737994, 28.071561813354492, 450.14385986328125
744, -2689.597505092621, 2, 6.900812641000812, 192, 738186,                                             738186, 27.820297241210938, 446.990234375
745, -4880.823158621788, 3, 29.209071442001004, 854, 739040,                                             739040, 27.966529846191406, 448.9023742675781
746, -6356.880374789238, 3, 38.21818106000137, 1105, 740145,                                             740145, 28.47966957092285, 451.1265563964844
747, -4750.708520054817, 3, 31.943519981003192, 921, 741066,                                             741066, 29.321060180664062, 448.5888671875
748, -5084.167656302452, 4, 55.7940736620003, 1631, 742697,                                             742697, 28.71632194519043, 448.8376770019531
749, -4920.187280297279, 3, 32.5852067190026, 936, 743633,                                             743633, 28.245769500732422, 449.3507385253906
750, 200.1434742808342, 1, 29.425217715001054, 845, 744478,                                             744478, 29.552824020385742, 450.35040283203125
751, -2882.9847083091736, 3, 7.784367195999948, 216, 744694,                                             744694, 28.630964279174805, 448.112060546875
752, -3814.8436291217804, 3, 20.6884147799974, 563, 745257,                                             745257, 28.954395294189453, 449.2778015136719
753, -6593.321777224541, 3, 37.60195788599958, 1106, 746363,                                             746363, 28.323400497436523, 449.09136962890625
754, -6192.770455598831, 4, 56.867047543997614, 1641, 748004,                                             748004, 28.662710189819336, 448.8479309082031
755, -7559.397718667984, 2, 44.051546782000514, 1268, 749272,                                             749272, 28.826047897338867, 449.7821350097656
756, -4639.074886441231, 3, 25.47530640200057, 742, 750014,                                             750014, 27.38313865661621, 446.3434143066406
757, 1219.1362788677216, 1, 17.98619107400009, 523, 750537,                                             750537, 27.884397506713867, 448.28900146484375
758, -3400.6446849107742, 3, 14.736371741997573, 422, 750959,                                             750959, 27.381193161010742, 449.0324401855469
759, -5312.2993487119675, 3, 33.38736760299798, 959, 751918,                                             751918, 27.639936447143555, 447.49346923828125
760, -6924.862232208252, 3, 33.43880619700212, 965, 752883,                                             752883, 27.885231018066406, 447.517822265625
761, -4904.807615876198, 3, 32.838021654999466, 950, 753833,                                             753833, 28.741416931152344, 449.7731628417969
762, -4883.975287079811, 3, 29.749421851996885, 859, 754692,                                             754692, 28.550647735595703, 451.3311767578125
763, -4805.022750377655, 3, 30.99398648999704, 899, 755591,                                             755591, 28.422353744506836, 449.40960693359375
764, -6090.448308467865, 4, 57.74749542299833, 1689, 757280,                                             757280, 28.421890258789062, 448.4042663574219
765, -4796.837811887264, 3, 30.828125167998223, 891, 758171,                                             758171, 28.591209411621094, 447.70770263671875
766, -5300.509792566299, 4, 55.20257415500237, 1591, 759762,                                             759762, 28.61773681640625, 449.0947265625
767, -4548.366586089134, 4, 53.25442285700046, 1542, 761304,                                             761304, 27.532447814941406, 446.15789794921875
768, -4728.705353915691, 4, 55.47199106900007, 1591, 762895,                                             762895, 28.79578399658203, 448.9236755371094
769, -10048.11736792326, 2, 54.838069610003004, 1597, 764492,                                             764492, 27.749160766601562, 447.96234130859375
770, -6488.616099119186, 3, 37.183698502998595, 1058, 765550,                                             765550, 28.18620491027832, 448.0307922363281
771, -5709.345657944679, 4, 55.930699283999274, 1617, 767167,                                             767167, 28.146472930908203, 446.80615234375
772, -4928.695145845413, 3, 30.703756487000646, 849, 768016,                                             768016, 27.943950653076172, 445.8980712890625
773, -4696.453844666481, 3, 29.839447225000185, 850, 768866,                                             768866, 28.042377471923828, 445.66131591796875
774, -5360.94164788723, 4, 53.60585633899973, 1524, 770390,                                             770390, 28.20528793334961, 446.64434814453125
775, -6702.18783223629, 4, 57.76321516900134, 1651, 772041,                                             772041, 27.789846420288086, 445.1543273925781
776, -4834.967305421829, 3, 33.53858596899954, 955, 772996,                                             772996, 28.110328674316406, 446.3015441894531
777, -6111.40651512146, 4, 55.67900690500028, 1595, 774591,                                             774591, 27.68657112121582, 444.9750671386719
778, -4394.817008495331, 3, 24.422115276000113, 701, 775292,                                             775292, 27.63660430908203, 444.5315246582031
779, -5749.942703008652, 3, 22.79323933499836, 648, 775940,                                             775940, 28.137155532836914, 446.22283935546875
780, -4482.645620167255, 3, 27.61366689299757, 794, 776734,                                             776734, 27.54650115966797, 445.8713073730469
781, -4991.082127213478, 3, 30.768048011002975, 880, 777614,                                             777614, 27.4283447265625, 443.6753845214844
782, -2623.7948751449585, 2, 8.719132867001463, 241, 777855,                                             777855, 27.6004638671875, 442.8197021484375
783, -4824.100376725197, 4, 54.10670754799867, 1551, 779406,                                             779406, 27.476516723632812, 444.682861328125
784, -6289.553161859512, 4, 55.332407939000404, 1575, 780981,                                             780981, 27.68619728088379, 445.419921875
785, -7728.724483430386, 4, 57.617323858998134, 1657, 782638,                                             782638, 27.646799087524414, 445.46820068359375
786, -4826.598386645317, 3, 31.017995106001763, 894, 783532,                                             783532, 26.823261260986328, 443.6651611328125
787, -4455.517403006554, 3, 24.751622753999982, 696, 784228,                                             784228, 27.22451400756836, 443.86993408203125
788, -8355.329621911049, 4, 54.285197829001845, 1558, 785786,                                             785786, 27.76508140563965, 445.07220458984375
789, -5674.775436043739, 4, 56.8110711579975, 1619, 787405,                                             787405, 26.869983673095703, 444.2982482910156
790, -5575.698341727257, 4, 56.166844594001304, 1684, 789089,                                             789089, 26.90999412536621, 443.76220703125
791, -4551.631703734398, 3, 24.380485346999194, 711, 789800,                                             789800, 27.55469512939453, 444.30419921875
792, -4431.226396262646, 4, 51.282807900999615, 1505, 791305,                                             791305, 27.377431869506836, 444.0255432128906
793, -3666.6145346164703, 2, 10.310020450000593, 310, 791615,                                             791615, 26.833023071289062, 441.829345703125
794, 1603.490037381649, 1, 12.759198313000525, 361, 791976,                                             791976, 26.872671127319336, 444.3926086425781
795, -5574.369935631752, 4, 55.302353228002175, 1576, 793552,                                             793552, 27.23108673095703, 444.044921875
796, -4953.599068880081, 3, 31.165678395002033, 907, 794459,                                             794459, 27.39678192138672, 443.8326416015625
797, -4521.736419439316, 3, 24.98534534400096, 710, 795169,                                             795169, 27.415983200073242, 444.15850830078125
798, -5138.696810901165, 3, 31.05139216599855, 901, 796070,                                             796070, 27.62639808654785, 444.5747375488281
799, -4101.511581540108, 3, 20.176377371000854, 573, 796643,                                             796643, 26.715185165405273, 443.71990966796875
800, -4737.972602009773, 3, 24.717031715001212, 712, 797355,                                             797355, 26.943946838378906, 443.82550048828125
801, -5105.652428388596, 3, 32.738705181000114, 934, 798289,                                             798289, 27.19794273376465, 443.3193664550781
802, -5378.413612365723, 2, 34.866046314000414, 1007, 799296,                                             799296, 27.179445266723633, 444.5118408203125
803, -5984.606317222118, 4, 53.49795283899948, 1539, 800835,                                             800835, 27.277191162109375, 443.2301330566406
804, -5201.908541798592, 4, 54.014612761002354, 1565, 802400,                                             802400, 27.085304260253906, 444.3804016113281
805, -4988.308504104614, 4, 52.41448537999895, 1515, 803915,                                             803915, 27.43402671813965, 444.0458679199219
806, -5630.829479396343, 2, 34.011921125998924, 983, 804898,                                             804898, 27.454792022705078, 444.9231872558594
807, -5510.082564711571, 4, 53.93180337800004, 1555, 806453,                                             806453, 27.43085289001465, 443.74835205078125
808, -5308.128381371498, 2, 35.87249500100006, 1027, 807480,                                             807480, 27.82154655456543, 444.2825927734375
809, -5378.207373321056, 4, 54.183272104000935, 1565, 809045,                                             809045, 27.995914459228516, 444.64910888671875
810, -5278.031031906605, 3, 33.24974383800145, 964, 810009,                                             810009, 28.01651382446289, 442.68133544921875
811, -5027.8555319309235, 4, 54.05099711499861, 1551, 811560,                                             811560, 28.002639770507812, 445.2850646972656
812, -4538.670419216156, 3, 25.582078912000725, 737, 812297,                                             812297, 27.091007232666016, 445.1733703613281
813, -4505.583349585533, 3, 25.36559904400201, 717, 813014,                                             813014, 26.589710235595703, 443.78411865234375
814, -6956.006598949432, 4, 54.64854368300075, 1579, 814593,                                             814593, 27.42837905883789, 444.3359375
815, -1882.9012477993965, 1, 34.43758060700202, 988, 815581,                                             815581, 27.096454620361328, 442.587646484375
816, -2841.0859209299088, 2, 4.11192731799747, 113, 815694,                                             815694, 28.223188400268555, 444.0263977050781
817, 1636.3942175507545, 1, 14.803143351997278, 421, 816115,                                             816115, 27.891613006591797, 441.0353698730469
818, -5305.7244428396225, 4, 52.85297371300112, 1520, 817635,                                             817635, 27.350069046020508, 443.1754150390625
819, -4168.19413626194, 3, 22.42458448600155, 645, 818280,                                             818280, 27.25562858581543, 444.5760192871094
820, -6229.166044950485, 2, 40.63498597599755, 1166, 819446,                                             819446, 27.472177505493164, 444.189697265625
821, -5032.713772773743, 3, 33.288546167001186, 957, 820403,                                             820403, 27.52967071533203, 444.48895263671875
822, -4695.014210820198, 4, 54.052170978000504, 1558, 821961,                                             821961, 27.486446380615234, 443.1167297363281
823, -5658.585263073444, 4, 55.833995108001545, 1597, 823558,                                             823558, 27.626890182495117, 443.9228210449219
824, -4778.086242198944, 3, 22.308068826001545, 632, 824190,                                             824190, 27.654521942138672, 442.53466796875
825, 2310.545655965805, 1, 4.734848959000374, 132, 824322,                                             824322, 28.74209213256836, 445.4581604003906
826, -4304.3438311219215, 3, 28.042962516003172, 786, 825108,                                             825108, 27.23508644104004, 444.66400146484375
827, -3852.6847266554832, 3, 20.574856146999082, 583, 825691,                                             825691, 27.98917007446289, 443.6490478515625
828, 2296.167176246643, 1, 7.380566509000346, 206, 825897,                                             825897, 28.03466033935547, 446.8006286621094
829, -4886.145661234856, 4, 53.331345337999664, 1518, 827415,                                             827415, 27.835533142089844, 444.60565185546875
830, -4676.80011677742, 3, 27.243006475000584, 761, 828176,                                             828176, 27.846290588378906, 443.9349670410156
831, -4378.415304124355, 4, 53.59064750499965, 1527, 829703,                                             829703, 27.4132022857666, 443.42333984375
832, -5303.4624301195145, 3, 31.409786465999787, 962, 830665,                                             830665, 27.402729034423828, 442.2665710449219
833, -2865.9408140182495, 2, 6.741611730998557, 211, 830876,                                             830876, 27.565645217895508, 442.6656799316406
834, -4649.747663736343, 3, 30.688435807998758, 862, 831738,                                             831738, 27.487518310546875, 444.0802001953125
835, -4616.16010338068, 3, 27.838264710000658, 826, 832564,                                             832564, 27.664653778076172, 442.1746826171875
836, -6498.928569614887, 2, 39.91947472500033, 1143, 833707,                                             833707, 27.652544021606445, 442.52545166015625
837, -3143.735932946205, 2, 10.322151334999944, 300, 834007,                                             834007, 27.77808952331543, 443.1621398925781
838, -2900.985136151314, 2, 7.344330447001994, 222, 834229,                                             834229, 28.2072811126709, 447.23480224609375
839, -4786.269353032112, 3, 33.05383074400015, 934, 835163,                                             835163, 27.839059829711914, 443.43695068359375
840, -4681.788013339043, 3, 26.937645872996654, 775, 835938,                                             835938, 27.727598190307617, 442.9731750488281
841, -3904.9289474487305, 3, 19.984257842999796, 580, 836518,                                             836518, 27.212453842163086, 442.5973205566406
842, -5556.720843672752, 4, 52.32867018300021, 1512, 838030,                                             838030, 27.527679443359375, 444.73590087890625
843, -4476.638214111328, 3, 22.743042875001265, 663, 838693,                                             838693, 27.229001998901367, 443.0456237792969
844, -7652.134424805641, 2, 41.47834026200144, 1192, 839885,                                             839885, 27.98574447631836, 444.7267761230469
845, -4889.194034814835, 3, 29.018348167999648, 835, 840720,                                             840720, 28.15264129638672, 445.9048156738281
846, -4586.899292945862, 3, 25.813405437002075, 746, 841466,                                             841466, 27.94427490234375, 443.0354309082031
847, -9.434153258800507, 1, 31.86834148700291, 913, 842379,                                             842379, 28.33460235595703, 444.1226806640625
848, -4279.5592666864395, 4, 52.53879047999726, 1510, 843889,                                             843889, 28.289426803588867, 444.5775146484375
849, -4586.457735300064, 3, 26.85542171600173, 757, 844646,                                             844646, 27.848482131958008, 442.77349853515625
850, -5617.555943667889, 3, 28.072208391997265, 808, 845454,                                             845454, 28.496065139770508, 443.538330078125
851, -4479.202837944031, 3, 25.846700477999548, 722, 846176,                                             846176, 28.15928840637207, 443.9660339355469
852, -3077.3414964675903, 2, 5.938118203001068, 159, 846335,                                             846335, 27.385143280029297, 442.7648010253906
853, -7173.598193883896, 4, 53.71180897599697, 1542, 847877,                                             847877, 27.987125396728516, 443.2435607910156
854, 1706.1910712718964, 1, 12.120220274999156, 341, 848218,                                             848218, 28.012582778930664, 442.9154052734375
855, -3001.605279445648, 3, 10.56199654699958, 294, 848512,                                             848512, 27.60874366760254, 442.7257995605469
856, -4626.482097744942, 3, 24.169533577998664, 699, 849211,                                             849211, 27.06098747253418, 441.1922912597656
857, -4433.378191590309, 3, 23.633645963000163, 662, 849873,                                             849873, 28.227996826171875, 445.1907958984375
858, -4673.485234737396, 3, 29.01414559299883, 826, 850699,                                             850699, 27.818082809448242, 440.9403381347656
859, -5484.940593481064, 3, 37.2203182029989, 1046, 851745,                                             851745, 27.92128562927246, 444.3714904785156
860, -3460.705741405487, 3, 11.773897271999886, 334, 852079,                                             852079, 27.998254776000977, 441.3726501464844
861, -4567.362902998924, 4, 52.785073768001894, 1500, 853579,                                             853579, 28.219242095947266, 444.4970397949219
862, -7018.32325899601, 2, 45.60932300599961, 1288, 854867,                                             854867, 28.343421936035156, 444.0062255859375
863, -4950.205942928791, 3, 32.49324719500146, 924, 855791,                                             855791, 28.55089569091797, 444.19537353515625
864, -5049.579459071159, 3, 21.75133345699942, 608, 856399,                                             856399, 28.173059463500977, 441.38995361328125
865, -5018.242130458355, 3, 37.753915600002074, 1078, 857477,                                             857477, 27.780303955078125, 443.3463439941406
866, -3914.969541311264, 3, 18.147160939999594, 504, 857981,                                             857981, 27.512300491333008, 443.1746826171875
867, -5126.069334983826, 3, 34.10146581600202, 952, 858933,                                             858933, 28.010356903076172, 443.5079040527344
868, -4915.353946805, 2, 31.315991452000162, 868, 859801,                                             859801, 28.094303131103516, 443.58074951171875
869, -3757.8725093603134, 3, 18.116072508000798, 505, 860306,                                             860306, 28.18179702758789, 443.1943664550781
870, 1804.9133557081223, 1, 10.935072568998294, 307, 860613,                                             860613, 27.33795166015625, 442.7294006347656
871, -3632.531325817108, 3, 12.770061906998308, 356, 860969,                                             860969, 28.52438735961914, 445.19964599609375
872, -5441.148058116436, 4, 53.51901547599846, 1522, 862491,                                             862491, 28.290578842163086, 444.5741271972656
873, -5617.646448612213, 3, 38.8456978710019, 1097, 863588,                                             863588, 28.367061614990234, 442.8170471191406
874, -3183.596803188324, 2, 7.5358803769995575, 211, 863799,                                             863799, 28.43567657470703, 443.2236328125
875, -4643.183796882629, 4, 51.375977719999355, 1443, 865242,                                             865242, 28.27033042907715, 442.810546875
876, -5115.305688858032, 4, 56.83030644399696, 1618, 866860,                                             866860, 28.237852096557617, 441.6646728515625
877, -5621.813377261162, 4, 54.4341346839974, 1531, 868391,                                             868391, 27.36394500732422, 439.7443542480469
878, -4725.800252914429, 3, 26.347050596999907, 741, 869132,                                             869132, 27.489818572998047, 437.8533935546875
879, -3876.223239660263, 3, 17.96880673099804, 502, 869634,                                             869634, 27.841947555541992, 440.4036560058594
880, -5602.274506449699, 4, 56.01697236700056, 1583, 871217,                                             871217, 27.70745277404785, 439.54547119140625
881, -6254.369747161865, 4, 54.4502804549993, 1535, 872752,                                             872752, 27.19518280029297, 438.9547119140625
882, -5252.166442871094, 3, 31.92651611399924, 903, 873655,                                             873655, 26.6573429107666, 437.3358154296875
883, 1668.9329304397106, 1, 12.333239596002386, 338, 873993,                                             873993, 27.411340713500977, 436.96612548828125
884, -5574.446791410446, 4, 54.45064479099892, 1527, 875520,                                             875520, 27.10692596435547, 438.8618469238281
885, -4644.661527872086, 3, 26.184633205000864, 740, 876260,                                             876260, 28.04984474182129, 438.9999084472656
886, -2738.2899882793427, 2, 7.1185387810000975, 190, 876450,                                             876450, 26.44735336303711, 436.7236022949219
887, -5442.022840380669, 4, 56.71712510100042, 1602, 878052,                                             878052, 27.042652130126953, 436.52899169921875
888, 1472.6464149951935, 1, 14.34029027500219, 402, 878454,                                             878454, 27.217811584472656, 436.07281494140625
889, -2537.808147907257, 3, 8.687876924999728, 188, 878642,                                             878642, 27.560537338256836, 439.68792724609375
890, -6027.8559992313385, 3, 35.20830637999825, 994, 879636,                                             879636, 27.463722229003906, 438.4073181152344
891, -5179.750158846378, 4, 51.589727212998696, 1456, 881092,                                             881092, 27.269859313964844, 437.199951171875
892, -6825.117564320564, 4, 56.813606514999265, 1607, 882699,                                             882699, 26.81479263305664, 437.02069091796875
893, -4429.92063498497, 2, 22.286507635999442, 622, 883321,                                             883321, 28.109045028686523, 436.9486083984375
894, -2715.232363343239, 2, 6.944976267997845, 193, 883514,                                             883514, 28.239736557006836, 439.0429992675781
895, -5347.475156664848, 4, 56.03471018199707, 1584, 885098,                                             885098, 27.152393341064453, 436.9478759765625
896, -7057.982930183411, 4, 53.28594551800052, 1486, 886584,                                             886584, 27.476659774780273, 437.6500549316406
897, -6150.388091027737, 3, 35.28913137699783, 993, 887577,                                             887577, 27.479890823364258, 438.1788024902344
898, -6271.683955788612, 2, 46.228473294999276, 1306, 888883,                                             888883, 27.437158584594727, 437.2552185058594
899, -4914.500110387802, 3, 32.189303799998015, 897, 889780,                                             889780, 27.466453552246094, 439.3612976074219
900, -4617.594817042351, 3, 29.009391212999617, 817, 890597,                                             890597, 28.058208465576172, 439.676025390625
901, -4708.430228829384, 3, 28.549876690001838, 795, 891392,                                             891392, 27.525375366210938, 437.743408203125
902, -3586.641150176525, 2, 17.731651933998364, 493, 891885,                                             891885, 27.363779067993164, 438.82879638671875
903, -4788.481503844261, 3, 29.145464661000005, 816, 892701,                                             892701, 28.022415161132812, 438.301513671875
904, -4412.002598643303, 3, 24.56654518099822, 699, 893400,                                             893400, 28.337825775146484, 438.1624755859375
905, -5534.374947309494, 3, 33.753821908001555, 957, 894357,                                             894357, 27.5145263671875, 437.5046081542969
906, -87.7719789147377, 1, 27.95786713999769, 778, 895135,                                             895135, 27.772998809814453, 439.3086853027344
907, -4760.437971115112, 4, 56.96280600500177, 1601, 896736,                                             896736, 27.728097915649414, 439.0210266113281
908, -5427.549771428108, 4, 54.57487210099862, 1534, 898270,                                             898270, 27.952590942382812, 437.8304748535156
909, -8921.623808383942, 4, 52.22784013499768, 1472, 899742,                                             899742, 27.372156143188477, 437.9179992675781
910, -6995.856973767281, 2, 41.55731615699915, 1169, 900911,                                             900911, 27.801288604736328, 438.84417724609375
911, -5528.575829386711, 3, 34.77655705899815, 964, 901875,                                             901875, 27.90509796142578, 439.21551513671875
912, -4699.677394628525, 3, 29.187648438000906, 822, 902697,                                             902697, 27.837993621826172, 439.8617248535156
913, -6398.8882422447205, 2, 45.39765340700251, 1280, 903977,                                             903977, 27.28719711303711, 438.98175048828125
914, -7450.446068048477, 4, 54.63201581300018, 1528, 905505,                                             905505, 27.324674606323242, 437.9287109375
915, -7066.503368616104, 4, 56.97222977099955, 1604, 907109,                                             907109, 27.77873420715332, 439.1429138183594
916, -6070.5542941093445, 3, 27.578001934001804, 769, 907878,                                             907878, 28.02325439453125, 438.4001159667969
917, 772.4133387804031, 1, 19.95380019499862, 551, 908429,                                             908429, 27.596223831176758, 440.1488342285156
918, -2568.3736293315887, 3, 6.120894476996909, 166, 908595,                                             908595, 28.19756507873535, 440.47271728515625
919, 758.9072756767273, 1, 23.796921538996685, 671, 909266,                                             909266, 27.990222930908203, 440.1468811035156
920, -2693.7588106393814, 3, 6.315971391999483, 168, 909434,                                             909434, 27.887046813964844, 441.43988037109375
921, 806.0622287988663, 1, 20.31515153500004, 559, 909993,                                             909993, 27.171852111816406, 438.88873291015625
922, -4597.867815315723, 4, 53.31311894999817, 1493, 911486,                                             911486, 27.731645584106445, 439.2222900390625
923, -5205.089959263802, 3, 22.788517218999914, 638, 912124,                                             912124, 27.815135955810547, 439.4855651855469
924, -3828.602735519409, 3, 18.920038649997878, 529, 912653,                                             912653, 27.442537307739258, 439.03228759765625
925, -3686.4926586151123, 3, 8.744546696998441, 242, 912895,                                             912895, 27.204072952270508, 436.31329345703125
926, -4828.957321941853, 2, 33.85111438699823, 950, 913845,                                             913845, 28.188949584960938, 438.3244323730469
927, -3893.06961363554, 3, 18.728840905998368, 518, 914363,                                             914363, 28.263647079467773, 440.0118408203125
928, -2827.426881700754, 2, 10.55473678299677, 290, 914653,                                             914653, 27.400741577148438, 438.52777099609375
929, -2851.0273073911667, 2, 10.58260255499772, 286, 914939,                                             914939, 28.100168228149414, 437.84765625
930, -2944.4877569675446, 2, 7.118805795998924, 192, 915131,                                             915131, 30.015625, 437.9296875
931, -3663.99023270607, 3, 8.950230214999465, 247, 915378,                                             915378, 28.376304626464844, 436.88018798828125
932, -5215.911169290543, 3, 31.31897032100096, 887, 916265,                                             916265, 28.50104522705078, 439.3846740722656
933, -3643.5653512477875, 2, 13.053151906002313, 360, 916625,                                             916625, 27.709260940551758, 438.756591796875
934, -4438.3532039523125, 3, 23.562058086001343, 657, 917282,                                             917282, 28.652385711669922, 438.1755065917969
935, -4936.935561180115, 2, 30.12602422100099, 828, 918110,                                             918110, 28.12916374206543, 438.5703125
936, -3781.4510836601257, 3, 12.376418857998942, 346, 918456,                                             918456, 28.095844268798828, 437.5356750488281
937, 313.06067675352097, 1, 27.7954207699986, 762, 919218,                                             919218, 27.523788452148438, 437.49676513671875
938, -2659.528772354126, 2, 3.53512363900154, 94, 919312,                                             919312, 29.21729278564453, 440.883056640625
939, -5859.4421100616455, 3, 30.644745591001993, 852, 920164,                                             920164, 27.46957778930664, 438.33831787109375
940, -447.47911965847015, 1, 27.05079824999848, 750, 920914,                                             920914, 28.955549240112305, 439.3909912109375
941, -2923.8518620729446, 3, 4.326914889999898, 119, 921033,                                             921033, 28.411706924438477, 437.6767883300781
942, -2590.777746617794, 2, 7.138492542002496, 193, 921226,                                             921226, 28.665863037109375, 437.4403381347656
943, -3027.2007536888123, 2, 7.115306915999099, 196, 921422,                                             921422, 27.07173728942871, 439.23516845703125
944, -4691.877116203308, 3, 24.804011001000617, 681, 922103,                                             922103, 27.406892776489258, 436.66571044921875
945, -3090.214993238449, 2, 7.338524082999356, 206, 922309,                                             922309, 27.08745765686035, 436.7060852050781
946, -2805.6763776540756, 2, 10.581565740998485, 291, 922600,                                             922600, 28.529512405395508, 437.15484619140625
947, -4353.239921152592, 3, 24.38560976699955, 678, 923278,                                             923278, 27.75490379333496, 436.30322265625
948, -6805.301009058952, 4, 55.40775235399997, 1637, 924915,                                             924915, 27.96590805053711, 436.53564453125
949, -4716.667832553387, 4, 51.29112773099769, 1463, 926378,                                             926378, 26.976749420166016, 434.75103759765625
950, 522.1009217500687, 1, 26.46904212699883, 761, 927139,                                             927139, 26.789382934570312, 434.0044250488281
951, -2707.807613492012, 3, 6.093300611002633, 165, 927304,                                             927304, 27.614543914794922, 437.2330017089844
952, -5769.570952534676, 2, 31.926576746001956, 908, 928212,                                             928212, 27.067659378051758, 433.93658447265625
953, -3671.9965195655823, 2, 15.135112317999301, 421, 928633,                                             928633, 26.867412567138672, 435.15423583984375
954, -3822.3603080511093, 2, 17.03446219399848, 487, 929120,                                             929120, 27.47920799255371, 438.13238525390625
955, -3264.8051394820213, 3, 11.918207235001319, 335, 929455,                                             929455, 27.64369773864746, 436.6896057128906
956, -4417.3247665166855, 2, 25.071208661000128, 706, 930161,                                             930161, 27.220731735229492, 435.60601806640625
957, -6144.354649066925, 4, 53.232861029999185, 1513, 931674,                                             931674, 27.957382202148438, 435.6388244628906
958, -5093.992365598679, 4, 51.78053206600089, 1457, 933131,                                             933131, 27.1490535736084, 435.0541687011719
959, 2303.016966164112, 1, 6.659373687001789, 179, 933310,                                             933310, 27.222745895385742, 435.68841552734375
960, -9675.08479475975, 4, 52.441886051998154, 1464, 934774,                                             934774, 27.744213104248047, 436.06494140625
961, -5705.227943658829, 3, 31.16567705899797, 878, 935652,                                             935652, 27.928184509277344, 437.6260681152344
962, -4750.4938769340515, 3, 28.950018564999482, 814, 936466,                                             936466, 28.10744857788086, 436.8956298828125
963, -4147.277287840843, 2, 10.85971425200114, 302, 936768,                                             936768, 26.414539337158203, 434.7131042480469
964, -5993.886456131935, 4, 52.005704859002435, 1473, 938241,                                             938241, 27.430233001708984, 437.30181884765625
965, -5416.845298886299, 2, 38.200647787998605, 1064, 939305,                                             939305, 27.152494430541992, 436.1513977050781
966, -2952.9045836925507, 2, 8.141738066999096, 227, 939532,                                             939532, 28.13740348815918, 436.567138671875
967, -5159.1354739665985, 3, 28.740686913999525, 809, 940341,                                             940341, 27.49100685119629, 437.1515808105469
968, -4486.38963997364, 3, 25.147338474998833, 698, 941039,                                             941039, 27.056550979614258, 436.2369384765625
969, -4676.189660668373, 3, 26.922622295998735, 754, 941793,                                             941793, 27.41708755493164, 436.19720458984375
970, -4660.516720414162, 3, 30.525723327002197, 848, 942641,                                             942641, 27.526657104492188, 437.2781066894531
971, -4498.137774705887, 3, 26.022399096997106, 736, 943377,                                             943377, 27.203401565551758, 435.9468688964844
972, -4553.9824632406235, 4, 53.59517236800093, 1508, 944885,                                             944885, 27.00371742248535, 435.4801025390625
973, -4002.6938354969025, 2, 14.541570673001843, 406, 945291,                                             945291, 27.3737735748291, 436.3809509277344
974, -3881.233436346054, 3, 20.4825596749979, 565, 945856,                                             945856, 26.26811408996582, 437.3131408691406
975, -5647.355474174023, 4, 56.062236761998065, 1570, 947426,                                             947426, 26.580293655395508, 434.593994140625
976, -4145.9662845134735, 3, 21.578452424997522, 600, 948026,                                             948026, 26.996253967285156, 432.78466796875
977, -3449.7040029764175, 2, 11.990825974997279, 336, 948362,                                             948362, 25.775630950927734, 434.8818359375
978, -4532.71476238966, 3, 29.988083292999363, 827, 949189,                                             949189, 26.298006057739258, 432.4626770019531
979, -5353.612928330898, 4, 52.99597980500039, 1484, 950673,                                             950673, 26.550302505493164, 433.82354736328125
980, -6779.179590582848, 2, 44.56864636099999, 1192, 951865,                                             951865, 26.84867286682129, 433.99664306640625
981, -5452.454004108906, 4, 51.95647793700118, 1447, 953312,                                             953312, 26.540767669677734, 433.8728942871094
982, -2779.4629489779472, 2, 12.143159528997785, 333, 953645,                                             953645, 25.733976364135742, 432.0661926269531
983, -3864.1231523752213, 3, 19.7777647719995, 544, 954189,                                             954189, 26.867633819580078, 434.588623046875
984, -2920.6321387887, 2, 11.190560875998926, 308, 954497,                                             954497, 27.230199813842773, 433.6236267089844
985, -6494.580402612686, 3, 25.83811589800098, 694, 955191,                                             955191, 26.592117309570312, 433.20428466796875
986, -2883.950481414795, 2, 5.514286100999016, 146, 955337,                                             955337, 26.239635467529297, 433.84478759765625
987, -2576.1666247844696, 2, 5.331816212998092, 148, 955485,                                             955485, 27.145315170288086, 436.26629638671875
988, -5816.944120883942, 4, 55.42397449499913, 1544, 957029,                                             957029, 26.74789047241211, 435.1997375488281
989, 2357.740961253643, 1, 4.941476167001383, 132, 957161,                                             957161, 26.430030822753906, 434.1017150878906
990, -3974.7388446331024, 3, 17.74869301400031, 481, 957642,                                             957642, 27.052345275878906, 435.4743957519531
991, -2255.513220310211, 1, 54.2258630489996, 1502, 959144,                                             959144, 26.842077255249023, 431.84088134765625
992, -4191.505632817745, 3, 28.682797763001872, 795, 959939,                                             959939, 26.374895095825195, 432.1938781738281
993, -4987.011335492134, 3, 30.55706876900149, 835, 960774,                                             960774, 26.897958755493164, 433.48919677734375
994, -4940.0036063194275, 3, 33.7806055330002, 925, 961699,                                             961699, 26.848447799682617, 432.4335021972656
995, -5703.809638381004, 4, 55.509915195998474, 1535, 963234,                                             963234, 26.849294662475586, 433.17620849609375
996, -4330.760972678661, 2, 30.209122616997774, 833, 964067,                                             964067, 26.41206169128418, 432.9197692871094
997, -4890.227719545364, 3, 28.425103704998037, 781, 964848,                                             964848, 26.860912322998047, 431.9233703613281
998, -5785.228872418404, 3, 33.876879753999674, 944, 965792,                                             965792, 26.283348083496094, 433.3127136230469
999, -5232.839243769646, 3, 33.72193851000338, 929, 966721,                                             966721, 27.407249450683594, 433.2683410644531
1000, -4923.36356651783, 3, 27.99821136600076, 775, 967496,                                             967496, 26.929771423339844, 433.5915832519531
1001, -2903.370099902153, 3, 8.740643981000176, 239, 967735,                                             967735, 26.41160774230957, 432.8435363769531
1002, -4456.871874213219, 3, 28.839189940001233, 798, 968533,                                             968533, 26.359670639038086, 433.59710693359375
1003, -4661.167878866196, 3, 26.01545920100034, 719, 969252,                                             969252, 26.133209228515625, 432.95452880859375
1004, -4955.73310893774, 3, 35.330298011002014, 974, 970226,                                             970226, 26.274152755737305, 432.9337158203125
1005, -4412.668092489243, 3, 25.442780026998662, 700, 970926,                                             970926, 26.42422103881836, 433.5829162597656
1006, 1512.9297157227993, 1, 14.364666531000694, 398, 971324,                                             971324, 27.424434661865234, 433.8576965332031
1007, -2742.66946041584, 3, 10.254694865998317, 278, 971602,                                             971602, 27.158519744873047, 434.6163635253906
1008, -5405.640680253506, 3, 36.06713779200072, 993, 972595,                                             972595, 27.135286331176758, 433.7620849609375
1009, -5321.057173252106, 2, 36.05219258099896, 1008, 973603,                                             973603, 26.948532104492188, 433.8003234863281
1010, -3501.5521564483643, 2, 14.935856238997076, 405, 974008,                                             974008, 26.920751571655273, 435.28125
1011, -4432.22362524271, 3, 24.77901248499984, 683, 974691,                                             974691, 26.84734535217285, 433.98687744140625
1012, -5526.910573005676, 4, 55.90999455099882, 1538, 976229,                                             976229, 26.61344337463379, 433.44854736328125
1013, -5299.560289382935, 4, 54.211076726998726, 1494, 977723,                                             977723, 26.778911590576172, 434.8481750488281
1014, -4222.539632797241, 3, 23.387055350998708, 639, 978362,                                             978362, 26.301074981689453, 432.82183837890625
1015, -5461.276369094849, 3, 32.27734478399725, 880, 979242,                                             979242, 26.066396713256836, 432.2337951660156
1016, -2817.63270175457, 2, 9.840846077000606, 268, 979510,                                             979510, 26.204484939575195, 433.2244873046875
1017, 1684.9893746972084, 1, 10.948113669001032, 304, 979814,                                             979814, 26.79192543029785, 432.0648498535156
1018, -4243.316571116447, 3, 23.632570797999506, 644, 980458,                                             980458, 26.660608291625977, 434.1544189453125
1019, 2330.6498876810074, 1, 4.311629765001271, 120, 980578,                                             980578, 26.55866050720215, 432.5085144042969
1020, -2848.964809656143, 2, 3.9092791139992187, 101, 980679,                                             980679, 25.3530216217041, 430.8900146484375
1021, -4002.1758931279182, 4, 56.077351126001304, 1539, 982218,                                             982218, 26.60142707824707, 434.0738830566406
1022, -3184.160204768181, 2, 14.525155309002002, 391, 982609,                                             982609, 26.935998916625977, 435.99884033203125
1023, -4889.190050244331, 4, 54.07690097700106, 1499, 984108,                                             984108, 26.340476989746094, 433.5658874511719
1024, -5547.997886836529, 3, 36.85879170100088, 1014, 985122,                                             985122, 26.466026306152344, 433.4637145996094
1025, -3954.104936301708, 3, 22.277867035998497, 616, 985738,                                             985738, 26.74102020263672, 434.53240966796875
1026, -3055.9984459877014, 2, 9.342671487000189, 249, 985987,                                             985987, 25.826847076416016, 434.2462463378906
1027, -4319.7898943424225, 3, 25.71573904700199, 704, 986691,                                             986691, 26.832923889160156, 433.8031311035156
1028, -5201.439016819, 3, 33.509126893997745, 914, 987605,                                             987605, 27.17876434326172, 435.9073181152344
1029, -4144.807717859745, 4, 55.8696741399981, 1544, 989149,                                             989149, 26.84599494934082, 435.1013488769531
1030, -5141.747689664364, 3, 34.25072357099998, 935, 990084,                                             990084, 26.473705291748047, 432.6858215332031
1031, -3675.2668051719666, 3, 19.571596868998313, 541, 990625,                                             990625, 26.74112319946289, 432.79644775390625
1032, -2863.2804938554764, 2, 7.294794837001973, 197, 990822,                                             990822, 28.012680053710938, 435.4765930175781
1033, -4900.164863944054, 3, 30.37492498500069, 835, 991657,                                             991657, 26.60887908935547, 434.4358825683594
1034, -5084.364449381828, 3, 34.20714640300139, 940, 992597,                                             992597, 27.16144561767578, 433.9769592285156
1035, -7677.57227563858, 2, 45.779884540999774, 1264, 993861,                                             993861, 26.73741912841797, 434.64044189453125
1036, -6707.5762591362, 4, 55.90871830299875, 1544, 995405,                                             995405, 26.975021362304688, 433.1434326171875
1037, 2397.3182321190834, 1, 4.136980107999989, 107, 995512,                                             995512, 26.895465850830078, 429.6194763183594
1038, -5070.731798529625, 3, 33.502564497001, 905, 996417,                                             996417, 26.52925682067871, 433.8975524902344
1039, -4676.121684908867, 3, 25.129652910000004, 688, 997105,                                             997105, 27.3056640625, 433.6584167480469
1040, -4705.951250255108, 3, 32.79456546000074, 896, 998001,                                             998001, 26.579910278320312, 433.3926696777344
1041, -5568.5926958322525, 4, 55.808017432998895, 1538, 999539,                                             999539, 26.826801300048828, 432.1621398925781
1042, -5429.9592153429985, 4, 55.71564564499931, 1535, 1001074,                                             1000000, 26.68667221069336, 432.138427734375
1043, -2596.107450604439, 2, 6.74339047200192, 180, 1001254,                                             1000000, 27.80000877380371, 432.5075378417969
1044, -4386.284286618233, 3, 25.493658834002417, 688, 1001942,                                             1000000, 26.656635284423828, 434.19403076171875
1045, -5026.240020036697, 3, 28.74760432599942, 785, 1002727,                                             1000000, 26.009920120239258, 430.9176330566406
1046, -5837.298438549042, 3, 30.367373017001228, 831, 1003558,                                             1000000, 26.781343460083008, 433.6377258300781
1047, -6255.2041746377945, 2, 45.97057522199975, 1260, 1004818,                                             1000000, 27.200605392456055, 432.5089416503906
1048, -4729.009170651436, 3, 28.882793963999575, 793, 1005611,                                             1000000, 26.71052360534668, 432.17303466796875
1049, -5934.131909966469, 3, 36.74799969299784, 1001, 1006612,                                             1000000, 27.299694061279297, 432.3028869628906
1050, -4649.377755045891, 3, 28.91305120099787, 786, 1007398,                                             1000000, 26.836650848388672, 431.48919677734375
1051, -4559.359233379364, 3, 27.067962944998726, 746, 1008144,                                             1000000, 27.55329132080078, 431.8225402832031
1052, -5011.31690043211, 4, 54.485821799000405, 1488, 1009632,                                             1000000, 26.28155517578125, 429.3701171875
1053, -7111.7510733008385, 4, 52.16735461599819, 1420, 1011052,                                             1000000, 26.46188735961914, 428.64215087890625
1054, -4601.838390886784, 2, 29.51883610599907, 803, 1011855,                                             1000000, 26.871191024780273, 426.165771484375
1055, -3036.291404247284, 2, 7.322725390000414, 197, 1012052,                                             1000000, 27.386459350585938, 427.18719482421875
1056, -5034.391732096672, 3, 28.611686845000804, 780, 1012832,                                             1000000, 26.21236228942871, 426.5155029296875
1057, -4649.716922163963, 3, 23.96789148300013, 646, 1013478,                                             1000000, 26.84394645690918, 427.8940124511719
1058, -4560.776485145092, 3, 30.379653216998122, 828, 1014306,                                             1000000, 26.550329208374023, 426.1656799316406
1059, -7380.627478420734, 2, 47.47887103999892, 1283, 1015589,                                             1000000, 26.22296905517578, 426.5934753417969
1060, -6374.608821928501, 3, 36.339021191997745, 995, 1016584,                                             1000000, 26.75005531311035, 426.16131591796875
1061, -5049.254945278168, 3, 29.204455365001195, 804, 1017388,                                             1000000, 26.528722763061523, 425.0150451660156
1062, -3783.519189119339, 2, 18.14665978099947, 490, 1017878,                                             1000000, 25.804229736328125, 425.2545166015625
1063, -3917.306518495083, 3, 22.035245515002316, 611, 1018489,                                             1000000, 26.127294540405273, 426.30181884765625
1064, -6468.190097272396, 2, 35.71753722400172, 983, 1019472,                                             1000000, 26.173839569091797, 424.61004638671875
1065, -4852.099106192589, 2, 29.172850808005023, 801, 1020273,                                             1000000, 25.587209701538086, 423.9930419921875
1066, -3485.972286105156, 3, 8.925194162002299, 237, 1020510,                                             1000000, 26.16471290588379, 422.2596435546875
1067, -6358.031391680241, 4, 56.58053562799614, 1564, 1022074,                                             1000000, 26.80161476135254, 424.2589111328125
1068, -4519.968419313431, 3, 31.544058921994292, 852, 1022926,                                             1000000, 26.429168701171875, 423.19586181640625
1069, -3880.1285271644592, 3, 21.56919053599995, 591, 1023517,                                             1000000, 26.49305534362793, 423.42913818359375
1070, -4150.183800339699, 2, 26.130333358996722, 716, 1024233,                                             1000000, 26.350332260131836, 422.3839111328125
1071, -2834.7848014831543, 2, 11.470086579000053, 314, 1024547,                                             1000000, 25.593463897705078, 423.20184326171875
1072, -5293.559116840363, 2, 36.92658954500075, 1022, 1025569,                                             1000000, 26.678007125854492, 424.5649108886719
1073, -7641.825204670429, 2, 48.59873772999708, 1341, 1026910,                                             1000000, 26.738523483276367, 422.5771484375
1074, -4823.73797249794, 4, 52.99007857599645, 1457, 1028367,                                             1000000, 26.142648696899414, 421.2096862792969
1075, -4926.90384888649, 3, 27.59361093299958, 758, 1029125,                                             1000000, 26.484580993652344, 421.6438293457031
1076, 899.0931854248047, 1, 21.076782306001405, 572, 1029697,                                             1000000, 26.20122718811035, 420.99951171875
1077, 23.962348759174347, 1, 30.73922622200189, 842, 1030539,                                             1000000, 26.038375854492188, 419.4046936035156
1078, -5052.641589343548, 4, 56.56404900000052, 1538, 1032077,                                             1000000, 25.8730525970459, 419.9639892578125
1079, -4379.593441724777, 3, 24.584524351004802, 670, 1032747,                                             1000000, 25.846155166625977, 417.62811279296875
1080, -6787.876889586449, 2, 33.44361527499859, 906, 1033653,                                             1000000, 25.271677017211914, 417.7647399902344
1081, -2515.2453805208206, 2, 6.758758317999309, 179, 1033832,                                             1000000, 25.3101863861084, 416.1839599609375
1082, -6436.515534162521, 4, 54.587856209000165, 1489, 1035321,                                             1000000, 25.449909210205078, 416.8351135253906
1083, -7709.406551599503, 4, 51.195191141996474, 1412, 1036733,                                             1000000, 24.95008659362793, 415.0523986816406
1084, -3305.353951215744, 2, 8.320397137998953, 222, 1036955,                                             1000000, 26.432924270629883, 416.80108642578125
1085, -3020.051742076874, 2, 10.527766865998274, 279, 1037234,                                             1000000, 25.313940048217773, 416.8596496582031
1086, -3159.7710168361664, 2, 7.136197580002772, 196, 1037430,                                             1000000, 26.484516143798828, 416.752685546875
1087, -469.75308042764664, 1, 23.580689841001004, 648, 1038078,                                             1000000, 25.412399291992188, 414.79278564453125
1088, -2901.6584450006485, 2, 6.924423942997237, 174, 1038252,                                             1000000, 24.630220413208008, 416.9677734375
1089, -6208.847769498825, 2, 32.18068848999974, 883, 1039135,                                             1000000, 25.64723777770996, 416.20062255859375
1090, -2986.5960745811462, 2, 7.320083936996525, 192, 1039327,                                             1000000, 26.409912109375, 414.0649108886719
1091, -2963.914370894432, 2, 9.900249350001104, 268, 1039595,                                             1000000, 25.757326126098633, 415.54425048828125
1092, -3888.687178134918, 2, 18.776911316999758, 513, 1040108,                                             1000000, 25.471725463867188, 416.5273132324219
1093, -3485.685764193535, 2, 13.102834377998079, 344, 1040452,                                             1000000, 26.207786560058594, 415.79541015625
1094, -3316.4450175762177, 3, 16.16481660900172, 446, 1040898,                                             1000000, 26.018152236938477, 417.66619873046875
1095, -4579.809865057468, 2, 28.938234695000574, 789, 1041687,                                             1000000, 25.340450286865234, 416.9481506347656
1096, -4873.440459787846, 2, 23.302489367997623, 637, 1042324,                                             1000000, 26.383094787597656, 416.47296142578125
1097, -3166.744711637497, 2, 9.152840255999763, 246, 1042570,                                             1000000, 25.947635650634766, 414.7472839355469
1098, -4567.648083925247, 3, 25.394735547997698, 696, 1043266,                                             1000000, 26.03193473815918, 415.9488220214844
1099, -2860.219829559326, 2, 7.116816855996149, 183, 1043449,                                             1000000, 25.310651779174805, 415.5279235839844
1100, -3595.278640627861, 3, 21.328176060997066, 586, 1044035,                                             1000000, 25.333599090576172, 414.7168273925781
1101, -5269.872603416443, 3, 33.994261895997624, 922, 1044957,                                             1000000, 26.202922821044922, 416.9620666503906
1102, -4704.63180577755, 3, 30.931022718999884, 837, 1045794,                                             1000000, 25.713214874267578, 413.8236389160156
1103, -5104.252713024616, 2, 38.371015602002444, 1056, 1046850,                                             1000000, 25.541536331176758, 414.91778564453125
1104, -2816.1937675476074, 2, 10.559975652002322, 285, 1047135,                                             1000000, 25.77908706665039, 415.2230224609375
1105, -5411.384590446949, 3, 33.93648211500113, 931, 1048066,                                             1000000, 25.781068801879883, 413.26617431640625
1106, -3682.5521404743195, 2, 19.377213980995293, 527, 1048593,                                             1000000, 25.890417098999023, 414.16595458984375
1107, 2326.992976784706, 1, 7.1143122909998056, 193, 1048786,                                             1000000, 27.050302505493164, 414.40673828125
1108, -3810.6734417676926, 3, 18.9494298829959, 510, 1049296,                                             1000000, 26.13557243347168, 415.0098876953125
1109, -2687.7079030275345, 2, 5.945903630999965, 160, 1049456,                                             1000000, 26.508834838867188, 414.230712890625
1110, -4732.591500997543, 3, 31.36774995000451, 852, 1050308,                                             1000000, 26.03130340576172, 413.6448669433594
1111, -2704.457582473755, 3, 1.3163772679981776, 30, 1050338,                                             1000000, 27.141916275024414, 409.1046447753906
1112, -4794.30532002449, 4, 53.86246173099789, 1480, 1051818,                                             1000000, 25.834369659423828, 413.85540771484375
1113, -5555.92394888401, 4, 56.20681025399972, 1530, 1053348,                                             1000000, 25.465166091918945, 411.5212097167969
1114, -4408.329713463783, 4, 53.92511862399988, 1469, 1054817,                                             1000000, 25.68872833251953, 412.0513610839844
1115, -6512.4097546339035, 2, 37.57634195799619, 1016, 1055833,                                             1000000, 25.561500549316406, 411.33013916015625
1116, -4115.571611523628, 3, 24.01863811500516, 659, 1056492,                                             1000000, 25.5396785736084, 410.29461669921875
1117, -4874.23651266098, 3, 23.756055320998712, 639, 1057131,                                             1000000, 25.807645797729492, 410.76605224609375
1118, -5060.597457885742, 3, 30.150305941002443, 823, 1057954,                                             1000000, 26.155550003051758, 411.8227233886719
1119, -4158.395485162735, 3, 22.94875021700136, 628, 1058582,                                             1000000, 25.868423461914062, 409.859619140625
1120, -5930.3297337293625, 2, 33.94188400600251, 920, 1059502,                                             1000000, 25.843170166015625, 410.3136291503906
1121, -2866.3394570350647, 2, 5.7355248059975565, 151, 1059653,                                             1000000, 25.04523277282715, 408.6805725097656
1122, -4806.166901111603, 3, 23.966949690999172, 654, 1060307,                                             1000000, 26.001134872436523, 410.0381774902344
1123, -5531.830357909203, 4, 56.244102272998134, 1535, 1061842,                                             1000000, 26.13099479675293, 410.8453674316406
1124, -3827.079207241535, 3, 22.165382970997598, 608, 1062450,                                             1000000, 25.420948028564453, 410.2931823730469
1125, -3771.5339636802673, 2, 8.116608784999698, 222, 1062672,                                             1000000, 26.140226364135742, 411.40863037109375
1126, -3149.0994584560394, 3, 9.127233135994175, 247, 1062919,                                             1000000, 27.11731719970703, 409.97802734375
1127, -4953.067591249943, 3, 33.19620137799939, 911, 1063830,                                             1000000, 25.5007381439209, 409.8717346191406
1128, -4998.102681517601, 3, 24.156792540001334, 666, 1064496,                                             1000000, 26.66196060180664, 411.5830383300781
1129, -5487.9187289476395, 2, 39.20719191299577, 1079, 1065575,                                             1000000, 26.347965240478516, 410.3120422363281
1130, -4585.764896810055, 4, 56.040886696995585, 1532, 1067107,                                             1000000, 25.9136905670166, 408.2254333496094
1131, -6664.402006268501, 2, 39.98767367000255, 1094, 1068201,                                             1000000, 26.055795669555664, 407.9392395019531
1132, -3858.056389451027, 2, 15.109735597994586, 415, 1068616,                                             1000000, 25.911163330078125, 406.884521484375
1133, -5281.234436869621, 2, 17.147144095004478, 465, 1069081,                                             1000000, 25.638694763183594, 407.39801025390625
1134, -1418.0136659145355, 1, 53.057380619997275, 1463, 1070544,                                             1000000, 25.737627029418945, 406.67669677734375
1135, -4044.0206929445267, 3, 9.119892953996896, 246, 1070790,                                             1000000, 26.330732345581055, 407.117431640625
1136, -5487.446936368942, 2, 19.13725754799816, 524, 1071314,                                             1000000, 26.430259704589844, 406.0764465332031
1137, -2683.6310839653015, 3, 9.300749296002323, 250, 1071564,                                             1000000, 26.080564498901367, 409.93157958984375
1138, -3056.0662112236023, 2, 6.729509700002382, 183, 1071747,                                             1000000, 26.383426666259766, 406.813232421875
1139, -3687.3269119262695, 3, 12.490314945003774, 337, 1072084,                                             1000000, 25.074838638305664, 406.0688171386719
1140, -5100.143455386162, 2, 30.10491200999968, 824, 1072908,                                             1000000, 25.238679885864258, 405.9263610839844
1141, -3462.5667495131493, 2, 17.58404100900225, 479, 1073387,                                             1000000, 25.697317123413086, 404.4971008300781
1142, -4918.33003950119, 2, 18.901361552998424, 514, 1073901,                                             1000000, 25.825464248657227, 405.7650451660156
1143, -4346.6399784088135, 3, 23.550721790001262, 647, 1074548,                                             1000000, 25.056455612182617, 404.6683044433594
1144, -11949.51395726204, 3, 51.61279085199931, 1401, 1075949,                                             1000000, 25.863203048706055, 405.9264221191406
1145, -6640.953872680664, 4, 55.99144963899744, 1531, 1077480,                                             1000000, 25.889856338500977, 404.7628173828125
1146, -2700.1094225645065, 3, 9.142405109996616, 243, 1077723,                                             1000000, 26.38846778869629, 403.1244201660156
1147, -3531.3228380680084, 2, 13.763538175000576, 372, 1078095,                                             1000000, 25.977825164794922, 405.0099182128906
1148, -3452.4732723236084, 2, 9.948019888004637, 275, 1078370,                                             1000000, 25.416122436523438, 402.53558349609375
1149, -7284.187325775623, 2, 35.80710921699938, 1061, 1079431,                                             1000000, 25.935100555419922, 403.61663818359375
1150, -2857.3002691864967, 2, 10.711600951995933, 278, 1079709,                                             1000000, 24.790599822998047, 399.8006896972656
1151, -4646.021920084953, 3, 21.935468613999547, 632, 1080341,                                             1000000, 26.436168670654297, 403.1700439453125
1152, -4138.825979232788, 2, 8.894926764995034, 252, 1080593,                                             1000000, 26.540876388549805, 403.5023193359375
1153, -3615.068639755249, 3, 9.146773432999908, 243, 1080836,                                             1000000, 25.923067092895508, 404.7733154296875
1154, -5657.3112251758575, 2, 10.958654415000638, 308, 1081144,                                             1000000, 25.855558395385742, 403.0019836425781
1155, -1024.6718864440918, 1, 44.18401930199616, 1245, 1082389,                                             1000000, 25.82522964477539, 401.5570068359375
1156, -2895.3211102485657, 2, 9.12812619900069, 232, 1082621,                                             1000000, 24.807828903198242, 401.0547790527344
1157, -3491.8477790355682, 2, 10.949454086003243, 309, 1082930,                                             1000000, 25.885038375854492, 404.4906311035156
1158, -4236.470870912075, 4, 52.11413979899953, 1455, 1084385,                                             1000000, 25.403392791748047, 402.22283935546875
1159, -4042.7399144768715, 2, 17.792187879000267, 499, 1084884,                                             1000000, 25.533023834228516, 401.2125549316406
1160, -3252.459176301956, 3, 9.528252411000722, 260, 1085144,                                             1000000, 25.336666107177734, 401.419189453125
1161, -2627.7160400152206, 3, 9.09490259699669, 254, 1085398,                                             1000000, 25.14581871032715, 401.840576171875
1162, -6771.223536372185, 2, 34.01562060099968, 953, 1086351,                                             1000000, 25.90511703491211, 403.3604736328125
1163, -4938.568521499634, 2, 17.96880337499897, 508, 1086859,                                             1000000, 25.803470611572266, 401.86273193359375
1164, -4610.71752679348, 3, 31.206994758998917, 867, 1087726,                                             1000000, 26.02818489074707, 402.0027160644531
1165, -3017.805265903473, 3, 8.953053919001832, 245, 1087971,                                             1000000, 24.93299674987793, 400.3335876464844
1166, -2995.1146981716156, 2, 6.714809606004565, 182, 1088153,                                             1000000, 25.680253982543945, 402.7648620605469
1167, -8657.526022315025, 2, 51.21106974400027, 1438, 1089591,                                             1000000, 25.534818649291992, 401.4993896484375
1168, -3011.318878889084, 2, 6.518064029995003, 175, 1089766,                                             1000000, 24.819988250732422, 402.7948303222656
1169, -3015.286260843277, 2, 6.343201489995408, 173, 1089939,                                             1000000, 26.284427642822266, 399.7359619140625
1170, -760.7180262207985, 1, 33.656449223999516, 912, 1090851,                                             1000000, 25.408687591552734, 400.7372131347656
1171, -4448.498872578144, 4, 52.20132099199691, 1470, 1092321,                                             1000000, 25.441242218017578, 400.8882751464844
1172, -2673.671401619911, 2, 5.7128987059986684, 154, 1092475,                                             1000000, 26.280750274658203, 400.4189758300781
1173, -3956.271838068962, 3, 21.847239039998385, 603, 1093078,                                             1000000, 25.024667739868164, 402.9393615722656
1174, -6048.342591047287, 4, 53.56360864000453, 1502, 1094580,                                             1000000, 25.4494571685791, 399.8868713378906
1175, -3184.8184361457825, 2, 6.513826718000928, 174, 1094754,                                             1000000, 24.65441131591797, 400.7590637207031
1176, -4214.6091132164, 3, 25.345494087996485, 708, 1095462,                                             1000000, 25.708707809448242, 398.9716491699219
1177, -11795.942725419998, 4, 52.31857062799827, 1455, 1096917,                                             1000000, 25.696353912353516, 401.49102783203125
1178, -5727.651862740517, 3, 37.2265052570001, 1032, 1097949,                                             1000000, 25.8997745513916, 400.8341369628906
1179, 2371.1861495375633, 1, 4.332681813000818, 119, 1098068,                                             1000000, 24.947998046875, 400.2227478027344
1180, -4767.7009435892105, 4, 51.32017688899941, 1444, 1099512,                                             1000000, 25.943878173828125, 400.5672302246094
1181, -5308.689242362976, 4, 54.882230748997245, 1524, 1101036,                                             1000000, 25.37201690673828, 398.88470458984375
1182, -4512.206865906715, 2, 18.557228254998336, 505, 1101541,                                             1000000, 25.219091415405273, 398.6669921875
1183, -3470.587119579315, 2, 12.357600073002686, 337, 1101878,                                             1000000, 25.658260345458984, 398.4017028808594
1184, -3947.9005869627, 3, 22.21376483399945, 617, 1102495,                                             1000000, 25.642786026000977, 400.04095458984375
1185, 2352.1487566828728, 1, 4.712684689999151, 125, 1102620,                                             1000000, 24.956117630004883, 400.9700622558594
1186, -5513.365124106407, 3, 29.902235360001214, 834, 1103454,                                             1000000, 25.77716636657715, 399.0520324707031
1187, -2710.9558428525925, 2, 7.516149568997207, 204, 1103658,                                             1000000, 25.698562622070312, 400.1763916015625
1188, -4172.218581199646, 3, 12.076480807001644, 335, 1103993,                                             1000000, 25.30518913269043, 397.1428527832031
1189, -3272.7687170505524, 3, 9.32095535499684, 257, 1104250,                                             1000000, 25.11449432373047, 398.6834411621094
1190, -3736.660808622837, 2, 16.567604736002977, 459, 1104709,                                             1000000, 26.120880126953125, 402.0810852050781
1191, 2262.704828798771, 1, 7.515445222998096, 195, 1104904,                                             1000000, 25.070209503173828, 399.3893737792969
1192, -2517.429179430008, 2, 2.507062977005262, 61, 1104965,                                             1000000, 28.314865112304688, 404.453369140625
1193, 2350.8671522140503, 1, 4.308360996001284, 114, 1105079,                                             1000000, 26.861536026000977, 398.3558349609375
1194, -3973.0643327236176, 2, 8.750634570002148, 240, 1105319,                                             1000000, 25.749034881591797, 401.80078125
1195, -2888.975854873657, 2, 5.512047374002577, 151, 1105470,                                             1000000, 26.34760284423828, 399.2633056640625
1196, -4076.450722694397, 2, 21.605435767000017, 604, 1106074,                                             1000000, 26.12700080871582, 399.66650390625
1197, -2967.4573316574097, 2, 6.1106442929958575, 163, 1106237,                                             1000000, 26.918607711791992, 405.9545593261719
1198, -3738.6749433279037, 2, 17.38210927599721, 482, 1106719,                                             1000000, 26.4144229888916, 400.7928466796875
1199, -3415.028175652027, 2, 10.7312554109958, 295, 1107014,                                             1000000, 26.46687126159668, 399.919921875
1200, -4073.039305984974, 2, 9.404633375997946, 256, 1107270,                                             1000000, 26.688716888427734, 398.35650634765625
1201, -2802.574692964554, 3, 8.745752066999557, 235, 1107505,                                             1000000, 26.340532302856445, 402.0914306640625
1202, -6739.770226716995, 4, 54.32780871999421, 1520, 1109025,                                             1000000, 26.3421573638916, 399.3829345703125
1203, -5149.671014666557, 3, 25.028605537998374, 686, 1109711,                                             1000000, 26.617544174194336, 399.3930969238281
1204, -3541.5093746185303, 2, 12.137999849001062, 339, 1110050,                                             1000000, 26.39202308654785, 400.185302734375
1205, -2791.4839849472046, 2, 7.122861739997461, 188, 1110238,                                             1000000, 25.90102767944336, 402.1647644042969
1206, -2866.2327489852905, 2, 5.712557102000574, 152, 1110390,                                             1000000, 26.060583114624023, 399.2530212402344
1207, -2960.4137387275696, 2, 7.682057309997617, 205, 1110595,                                             1000000, 26.105449676513672, 400.40008544921875
1208, -3221.040900707245, 3, 9.324536259002343, 250, 1110845,                                             1000000, 25.725914001464844, 399.7994384765625
1209, -8415.695011615753, 2, 30.071743256004993, 831, 1111676,                                             1000000, 26.634435653686523, 400.8990173339844
1210, -4888.727355122566, 2, 24.886513131001266, 691, 1112367,                                             1000000, 26.464683532714844, 399.3688049316406
1211, -6805.709276556969, 2, 29.341354128999228, 819, 1113186,                                             1000000, 27.03153419494629, 402.08489990234375
1212, -3283.269531607628, 3, 10.124298877999536, 273, 1113459,                                             1000000, 26.64314842224121, 400.51458740234375
1213, -5268.06655216217, 3, 33.066064022998034, 913, 1114372,                                             1000000, 26.90013313293457, 401.13116455078125
1214, -4717.427203178406, 2, 13.35737975200027, 371, 1114743,                                             1000000, 25.77808952331543, 403.15057373046875
