episode, reward, success, duration, steps, total_steps, memory length, avg_critic_loss, avg_actor_loss
501, -50.4502067565918, 4, 0.5467584380003245, 1, 488300,                                             134835, 7.152397155761719, 91.59979248046875
502, -442.6289091259241, 1, 21.82762364499922, 662, 488962,                                             135497, 3.9621593952178955, 87.66959381103516
503, -349.1595114171505, 2, 4.928350911000052, 139, 489101,                                             135636, 3.4802064895629883, 87.52967834472656
504, -43.653905749320984, 1, 6.529862817999856, 197, 489298,                                             135833, 3.4404444694519043, 87.16342163085938
505, -602.4213694632053, 2, 8.794770789999347, 260, 489558,                                             136093, 3.60050368309021, 87.8786392211914
506, -484.9433323144913, 2, 11.132877953999923, 339, 489897,                                             136432, 3.3680849075317383, 86.0963134765625
507, -114.06834262609482, 1, 10.318529049000063, 316, 490213,                                             136748, 3.2575621604919434, 85.52965545654297
508, -232.22620353102684, 1, 14.610253764000845, 442, 490655,                                             137190, 3.1617166996002197, 85.26222229003906
509, -516.924234867096, 2, 13.152237479000178, 398, 491053,                                             137588, 3.0772459506988525, 84.31848907470703
510, 10.978032648563385, 1, 5.729220256999724, 174, 491227,                                             137762, 3.076942205429077, 84.43855285644531
511, -345.4053305387497, 1, 15.305373547000272, 461, 491688,                                             138223, 2.914268970489502, 83.10791015625
512, -305.2949204146862, 1, 25.92688378800085, 790, 492478,                                             139013, 2.7851595878601074, 82.6579818725586
513, -423.0079847276211, 1, 29.704171753000082, 904, 493382,                                             139917, 2.652778387069702, 81.4349136352539
514, -255.52494406700134, 2, 3.520447283000067, 107, 493489,                                             140024, 2.5410988330841064, 81.18116760253906
515, -49.18660145998001, 1, 8.536998151999796, 246, 493735,                                             140270, 2.587301254272461, 81.26783752441406
516, -308.70960450172424, 2, 6.121311169999899, 185, 493920,                                             140455, 2.418849468231201, 80.50223541259766
517, -481.01789323985577, 2, 13.190986477000479, 403, 494323,                                             140858, 2.431288719177246, 80.55045318603516
518, 20.597983300685883, 1, 6.112548134000463, 173, 494496,                                             141031, 2.413766860961914, 80.7262954711914
519, -334.770073056221, 2, 8.12113634599973, 237, 494733,                                             141268, 2.3955440521240234, 80.17920684814453
520, -260.4284899830818, 1, 17.679049390000728, 537, 495270,                                             141805, 2.3617165088653564, 80.00585174560547
521, -445.7299510240555, 2, 16.73716569699991, 495, 495765,                                             142300, 2.340562582015991, 79.68627166748047
522, -237.77464565634727, 1, 10.746238273000017, 323, 496088,                                             142623, 2.2354605197906494, 79.87187957763672
523, -313.32656449079514, 1, 16.941652618000262, 507, 496595,                                             143130, 2.258498430252075, 79.43296813964844
524, -459.49069797992706, 1, 27.826186838000467, 839, 497434,                                             143969, 2.2547245025634766, 78.9266357421875
525, -224.39886647462845, 2, 1.5198952190003183, 41, 497475,                                             144010, 2.339141845703125, 78.87628173828125
526, 73.34000670909882, 1, 1.9192184889998316, 52, 497527,                                             144062, 2.2080626487731934, 79.14665985107422
527, -672.0444693863392, 2, 13.030732483000065, 388, 497915,                                             144450, 2.193220615386963, 79.36775970458984
528, -4.213136658072472, 1, 8.535897513999771, 256, 498171,                                             144706, 2.14973521232605, 79.23028564453125
529, -310.08303940296173, 2, 7.720257608000793, 225, 498396,                                             144931, 2.1780645847320557, 78.99919891357422
530, 66.39266422390938, 1, 1.121362214000328, 30, 498426,                                             144961, 2.2237346172332764, 79.55327606201172
531, -115.39758457243443, 1, 13.979703598000015, 414, 498840,                                             145375, 2.202932119369507, 79.01184844970703
532, -265.30113485455513, 2, 3.125539334999303, 90, 498930,                                             145465, 2.2432749271392822, 79.38912963867188
533, -393.89521700143814, 2, 12.512528635999843, 372, 499302,                                             145837, 2.2023422718048096, 79.14173126220703
534, -129.34575298428535, 1, 14.815647407999677, 443, 499745,                                             146280, 2.159877061843872, 78.78683471679688
535, -214.05649703741074, 2, 1.5028894639999635, 36, 499781,                                             146316, 2.0282082557678223, 79.85591888427734
536, -4.019225835800171, 1, 6.131714412000292, 185, 499966,                                             146501, 2.140902519226074, 78.74826049804688
537, -342.7348786890507, 1, 19.197343408999586, 575, 500541,                                             147076, 2.135296106338501, 79.05699920654297
538, -368.0787048637867, 2, 9.529213630999948, 283, 500824,                                             147359, 2.099423885345459, 79.13485717773438
539, -138.54969480633736, 1, 10.935692433999975, 323, 501147,                                             147682, 2.1554830074310303, 79.7309799194336
540, -318.2953172624111, 1, 29.40434283200011, 890, 502037,                                             148572, 2.1296112537384033, 79.46910858154297
541, -341.58027294278145, 2, 3.9567083669999192, 113, 502150,                                             148685, 2.0986757278442383, 80.28341674804688
542, -81.83439712226391, 1, 9.755978003000564, 293, 502443,                                             148978, 2.1172444820404053, 79.9339370727539
543, -271.23192666471004, 1, 19.963878868999927, 598, 503041,                                             149576, 2.1809134483337402, 79.86770629882812
544, -421.2222897410393, 2, 10.724027987999762, 324, 503365,                                             149900, 2.102128744125366, 80.28784942626953
545, 7.472114652395248, 1, 8.937654618000124, 271, 503636,                                             150171, 2.196727752685547, 80.97364807128906
546, -604.3062519133091, 2, 26.80605664199993, 808, 504444,                                             150979, 2.1324009895324707, 80.7594223022461
547, -179.89977183938026, 1, 12.953819171999385, 391, 504835,                                             151370, 2.1531450748443604, 81.02987670898438
548, -572.8962392061949, 2, 21.772894744999576, 663, 505498,                                             152033, 2.228912591934204, 81.55545043945312
549, -29.806117922067642, 1, 12.328376772999945, 363, 505861,                                             152396, 2.153214693069458, 81.71572875976562
550, -306.6291007101536, 1, 14.446324102999824, 434, 506295,                                             152830, 2.0761115550994873, 81.55355072021484
551, -311.5920931696892, 1, 24.749008046999734, 738, 507033,                                             153568, 2.1319925785064697, 81.75749969482422
552, -242.98052044212818, 1, 20.353436804999546, 599, 507632,                                             154167, 2.2129640579223633, 82.39744567871094
553, -246.12274077534676, 1, 21.05053443199995, 619, 508251,                                             154786, 2.2260725498199463, 82.43002319335938
554, -278.48596727848053, 2, 2.906825293000111, 75, 508326,                                             154861, 2.076794147491455, 83.099365234375
555, 29.529504224658012, 1, 6.735970656000063, 201, 508527,                                             155062, 2.182718515396118, 83.04236602783203
556, -493.75534519553185, 2, 15.924380643000404, 469, 508996,                                             155531, 2.226184368133545, 83.36805725097656
557, -78.62549249827862, 1, 15.952371012000185, 471, 509467,                                             156002, 2.2329323291778564, 82.9700698852539
558, -375.02841651439667, 2, 5.112261964999561, 143, 509610,                                             156145, 2.141157627105713, 82.93033599853516
559, -353.5525782853365, 2, 11.186479480999878, 314, 509924,                                             156459, 2.2100603580474854, 83.43843078613281
560, 6.281947493553162, 1, 7.314953750999848, 198, 510122,                                             156657, 2.232353925704956, 83.42107391357422
561, -338.1075532436371, 1, 26.873960779999834, 786, 510908,                                             157443, 2.244004011154175, 83.48973083496094
562, -261.3995084762573, 2, 3.3336993319999237, 88, 510996,                                             157531, 2.335280418395996, 83.73104858398438
563, -584.357688575983, 2, 18.813974992000112, 565, 511561,                                             158096, 2.2143876552581787, 84.38945770263672
564, -465.84319554269314, 2, 12.932634606000647, 364, 511925,                                             158460, 2.2529995441436768, 84.40447235107422
565, -914.8528815507889, 2, 23.480642010000338, 702, 512627,                                             159162, 2.2915453910827637, 84.60016632080078
566, -2.335019677877426, 1, 8.13658425199992, 224, 512851,                                             159386, 2.2690064907073975, 84.70902252197266
567, -212.32169246673584, 1, 23.856467188999886, 694, 513545,                                             160080, 2.25883150100708, 85.27993774414062
568, -378.5924862623215, 2, 5.115154955999969, 137, 513682,                                             160217, 2.3386995792388916, 85.6646728515625
569, -10.701912447810173, 1, 8.736048444000517, 238, 513920,                                             160455, 2.222625255584717, 84.89713287353516
570, -342.5088227689266, 1, 23.87723158100016, 708, 514628,                                             161163, 2.2720651626586914, 85.62980651855469
571, -476.2253360450268, 1, 23.73957618300028, 709, 515337,                                             161872, 2.3294501304626465, 86.17485809326172
572, -232.62802040576935, 2, 1.3044530870001836, 30, 515367,                                             161902, 2.62800931930542, 85.7900390625
573, -334.4459593743086, 2, 8.740256693999982, 258, 515625,                                             162160, 2.28464674949646, 86.49120330810547
574, -432.55946722626686, 2, 13.264816701999735, 395, 516020,                                             162555, 2.3442370891571045, 86.16529083251953
575, -580.841451689601, 2, 15.752831666999555, 475, 516495,                                             163030, 2.409329414367676, 86.75965118408203
576, -1273.0799616277218, 2, 27.848081412999818, 835, 517330,                                             163865, 2.3640947341918945, 87.06739044189453
577, -210.53743880987167, 1, 18.67283181699986, 561, 517891,                                             164426, 2.411315441131592, 87.36502075195312
578, -652.9144511520863, 2, 17.141734910000196, 505, 518396,                                             164931, 2.4405014514923096, 87.30680084228516
579, -485.6891292631626, 2, 15.65971329399963, 465, 518861,                                             165396, 2.432244062423706, 87.44074249267578
580, -57.14660972356796, 1, 13.333760038999571, 383, 519244,                                             165779, 2.454437017440796, 88.11824798583984
581, -608.3461924493313, 1, 32.37690450199989, 976, 520220,                                             166755, 2.461146116256714, 88.24279022216797
582, -641.6643576174974, 2, 20.62845965699944, 613, 520833,                                             167368, 2.4836528301239014, 88.6883316040039
583, -430.3469949066639, 2, 11.545770304000143, 340, 521173,                                             167708, 2.5194549560546875, 89.12767791748047
584, 44.16453531384468, 1, 3.9120271259998844, 106, 521279,                                             167814, 2.5219485759735107, 88.86177062988281
585, -649.5973259955645, 2, 17.87993324299987, 531, 521810,                                             168345, 2.5038087368011475, 88.94065856933594
586, 82.85566273331642, 1, 1.302550240000528, 30, 521840,                                             168375, 2.526975393295288, 89.9796142578125
587, -418.04440124332905, 1, 19.43360494799981, 558, 522398,                                             168933, 2.5318703651428223, 89.3219985961914
588, -222.5550737977028, 2, 1.5048961009997583, 38, 522436,                                             168971, 2.3807740211486816, 90.10356140136719
589, -83.79962445795536, 1, 15.35238060500069, 457, 522893,                                             169428, 2.5275838375091553, 89.21440124511719
590, -203.32507722079754, 1, 24.437635383999805, 718, 523611,                                             170146, 2.5481855869293213, 89.59465789794922
591, -446.8625948727131, 2, 12.760423106000417, 381, 523992,                                             170527, 2.609539747238159, 89.51834106445312
592, -103.5992013886571, 1, 14.05790768100087, 417, 524409,                                             170944, 2.6203441619873047, 90.27507781982422
593, -279.4987305402756, 2, 4.515940314000545, 130, 524539,                                             171074, 2.7240233421325684, 90.5286865234375
594, -152.82722762227058, 1, 15.138676435999514, 443, 524982,                                             171517, 2.5858709812164307, 90.2434310913086
595, -559.5559501647949, 2, 6.832506640999782, 197, 525179,                                             171714, 2.6303791999816895, 90.15480041503906
596, -608.3154118061066, 2, 17.56131048499992, 524, 525703,                                             172238, 2.5998153686523438, 90.19512176513672
597, -540.7458759099245, 2, 15.097314161999748, 453, 526156,                                             172691, 2.534334182739258, 90.41361999511719
598, -75.5321224629879, 1, 15.754694622999523, 470, 526626,                                             173161, 2.5564310550689697, 90.85121154785156
599, -287.6714849025011, 1, 22.454550344999916, 670, 527296,                                             173831, 2.6487538814544678, 91.1097640991211
600, -65.81069011986256, 1, 14.539406331999999, 427, 527723,                                             174258, 2.6425907611846924, 91.0365982055664
601, -144.19701167941093, 1, 17.93290234899996, 527, 528250,                                             174785, 2.650888204574585, 91.28325653076172
602, -883.1759048551321, 2, 34.92569046400058, 1041, 529291,                                             175826, 2.6481385231018066, 91.68209838867188
603, -226.13442014157772, 1, 20.908865579999656, 620, 529911,                                             176446, 2.628150701522827, 91.78260803222656
604, -221.9424501657486, 2, 1.323269479999908, 37, 529948,                                             176483, 2.5587949752807617, 92.08061981201172
605, -761.535177141428, 2, 15.353611003999504, 455, 530403,                                             176938, 2.6377737522125244, 91.82681274414062
606, -173.1833819746971, 1, 17.677845170999717, 526, 530929,                                             177464, 2.675297737121582, 92.50772857666016
607, -257.1176265478134, 2, 2.9069714739998744, 79, 531008,                                             177543, 2.622509479522705, 91.56729125976562
608, -179.9033710733056, 1, 16.926142704000085, 501, 531509,                                             178044, 2.663330078125, 92.49275207519531
609, -54.61522859334946, 1, 14.73535318300037, 431, 531940,                                             178475, 2.6477575302124023, 92.88453674316406
610, -868.6330321133137, 1, 29.13847062900004, 858, 532798,                                             179333, 2.6887402534484863, 92.83860778808594
611, -305.15969797968864, 2, 4.902009651000299, 129, 532927,                                             179462, 2.882578134536743, 93.64944458007812
612, -161.4057862907648, 1, 20.823333648999323, 594, 533521,                                             180056, 2.6689000129699707, 93.34042358398438
613, -233.04485875368118, 2, 2.705516653999439, 64, 533585,                                             180120, 2.533047676086426, 93.23219299316406
614, -46.23746858537197, 1, 13.559167231000174, 345, 533930,                                             180465, 2.797523260116577, 93.24842834472656
615, -234.67903342843056, 1, 22.245957616999476, 585, 534515,                                             181050, 2.686880350112915, 93.40936279296875
616, -341.24889451265335, 1, 22.402965545999905, 576, 535091,                                             181626, 2.704294443130493, 93.70687866210938
617, -389.28820610046387, 2, 14.139187480000146, 362, 535453,                                             181988, 2.7516872882843018, 93.7902603149414
618, -156.31644585728645, 1, 20.28068321000046, 524, 535977,                                             182512, 2.783200740814209, 94.05352020263672
619, -283.6278622150421, 2, 2.9334986690000733, 74, 536051,                                             182586, 2.7192223072052, 93.91363525390625
620, -118.39359204471111, 1, 12.535693523999726, 322, 536373,                                             182908, 2.8132431507110596, 94.35151672363281
621, -267.759998947382, 2, 6.893998767999619, 172, 536545,                                             183080, 2.746537208557129, 94.2269058227539
622, 6.643432155251503, 1, 7.387440096999853, 186, 536731,                                             183266, 2.7626760005950928, 94.18685913085938
623, -330.3855530619621, 2, 13.157223510000222, 339, 537070,                                             183605, 2.8390722274780273, 94.52928924560547
624, -663.7462526634336, 1, 29.966725977999886, 780, 537850,                                             184385, 2.791591167449951, 94.52080535888672
625, -1278.113059565425, 4, 55.78134125699944, 1470, 539320,                                             185855, 2.754889726638794, 94.3726577758789
626, -50.273063853383064, 1, 16.098605157000748, 412, 539732,                                             186267, 2.829474687576294, 95.0211181640625
627, -389.6558213829994, 2, 12.268263386999934, 312, 540044,                                             186579, 2.8045740127563477, 94.89636993408203
628, -2.986931711435318, 1, 8.748346241000036, 222, 540266,                                             186801, 2.7571396827697754, 95.29683685302734
629, -218.30675733089447, 2, 1.7043603310003164, 39, 540305,                                             186840, 2.6160013675689697, 94.87528991699219
630, -1766.6915596872568, 4, 54.0991063649999, 1351, 541656,                                             188191, 2.839326858520508, 95.41541290283203
631, -0.8735318928956985, 1, 7.835582134000106, 197, 541853,                                             188388, 2.830289840698242, 95.5028076171875
632, -2880.0215534567833, 4, 56.32756261800023, 1474, 543327,                                             189862, 2.819880247116089, 95.77072143554688
633, -188.88129217922688, 1, 12.353775618999862, 319, 543646,                                             190181, 2.8087546825408936, 96.4298095703125
634, -579.3707985281944, 1, 24.763841598, 641, 544287,                                             190822, 2.8531839847564697, 96.62535095214844
635, -1122.3821207731962, 4, 55.6994658600006, 1458, 545745,                                             192280, 2.8499464988708496, 96.658203125
636, 51.333402052521706, 1, 3.5058143959995505, 85, 545830,                                             192365, 2.769333839416504, 96.76201629638672
637, -433.11198003590107, 2, 18.62084215899995, 447, 546277,                                             192812, 2.8764634132385254, 96.87229919433594
638, -1527.6488204672933, 4, 53.48366587599958, 1387, 547664,                                             194199, 2.8621256351470947, 97.04996490478516
639, -108.03012907505035, 1, 20.167433444999915, 525, 548189,                                             194724, 2.8030295372009277, 97.32044982910156
640, -239.232659637928, 2, 2.3059598310010188, 49, 548238,                                             194773, 2.959027051925659, 97.71602630615234
641, 64.58594924211502, 1, 3.7002275200011354, 89, 548327,                                             194862, 2.9543206691741943, 96.73896026611328
642, -498.491420134902, 1, 39.61143743899993, 1037, 549364,                                             195899, 2.881991147994995, 97.49649810791016
643, -978.2058832645416, 2, 15.836840158000996, 414, 549778,                                             196313, 2.9062445163726807, 98.17283630371094
644, -51.253615498542786, 1, 17.74391385400122, 456, 550234,                                             196769, 2.8804914951324463, 97.83692932128906
645, -205.54005205631256, 2, 1.5190818260016385, 35, 550269,                                             196804, 2.933058261871338, 97.6259536743164
646, -52.52511837333441, 1, 8.690640395001537, 209, 550478,                                             197013, 2.9031577110290527, 98.08141326904297
647, -235.21197736263275, 2, 5.513172601999031, 135, 550613,                                             197148, 2.9042880535125732, 98.75810241699219
648, -1207.938941925764, 4, 53.834381673999815, 1395, 552008,                                             198543, 2.9185919761657715, 98.21566009521484
649, -1226.5303861051798, 4, 52.4862733530008, 1331, 553339,                                             199874, 2.9164552688598633, 98.61927032470703
650, -1247.604734748602, 1, 52.70751574799942, 1360, 554699,                                             201234, 2.931684970855713, 99.11822509765625
651, -284.02949849516153, 1, 23.689188049000222, 606, 555305,                                             201840, 2.9068806171417236, 99.36473083496094
652, -689.93037712574, 2, 30.391433517999758, 784, 556089,                                             202624, 2.9040586948394775, 99.31748962402344
653, -76.28867684304714, 1, 13.7508419220012, 352, 556441,                                             202976, 2.9720804691314697, 99.6352767944336
654, -330.1749906539917, 1, 28.81260451199887, 725, 557166,                                             203701, 2.951910972595215, 99.68408203125
655, -1003.2139274775982, 2, 34.35989818999951, 875, 558041,                                             204576, 2.9195823669433594, 99.59050750732422
656, -848.2495378702879, 1, 41.06239875799838, 1041, 559082,                                             205617, 2.935258626937866, 99.69784545898438
657, -514.0459587574005, 1, 28.418612587000098, 718, 559800,                                             206335, 2.9780657291412354, 100.12872314453125
658, -286.80359280109406, 1, 24.648697616999925, 619, 560419,                                             206954, 2.9411566257476807, 99.9935531616211
659, -1156.633016899228, 1, 48.168368182999984, 1218, 561637,                                             208172, 2.9460418224334717, 100.06344604492188
660, -246.1877601146698, 2, 1.3122559120001824, 30, 561667,                                             208202, 3.1619925498962402, 100.74333953857422
661, -51.437118485569954, 1, 18.68483898699924, 463, 562130,                                             208665, 3.0299859046936035, 100.2548599243164
662, -881.5170698016882, 4, 54.50441240700093, 1365, 563495,                                             210030, 2.9630167484283447, 100.27336120605469
663, -1307.659927368164, 1, 42.59096806599882, 1067, 564562,                                             211097, 2.9529500007629395, 100.3558120727539
664, -999.303854867816, 1, 50.6659185919998, 1287, 565849,                                             212384, 2.9755136966705322, 100.65204620361328
665, -281.42604637145996, 2, 3.1120429410002544, 70, 565919,                                             212454, 3.1026105880737305, 100.99077606201172
666, -146.81245478987694, 1, 19.701227286001085, 502, 566421,                                             212956, 2.969766616821289, 100.923828125
667, -596.153519526124, 2, 27.11159261300054, 682, 567103,                                             213638, 3.031083583831787, 100.6612319946289
668, 28.852083928883076, 1, 7.941391778000252, 202, 567305,                                             213840, 3.025700092315674, 100.82286834716797
669, -652.2174688875675, 2, 28.75456130800012, 726, 568031,                                             214566, 2.9854726791381836, 100.71361541748047
670, 62.11618359386921, 1, 5.733421248000013, 137, 568168,                                             214703, 2.9973013401031494, 100.5966796875
671, -167.78942434489727, 1, 22.349638529000003, 559, 568727,                                             215262, 3.0143401622772217, 101.03984069824219
672, -552.7356997877359, 2, 23.788083511000877, 603, 569330,                                             215865, 3.053577423095703, 100.7805404663086
673, -545.7924980446696, 2, 15.400686437998957, 384, 569714,                                             216249, 3.0521059036254883, 101.05924224853516
674, -540.5803433656693, 2, 20.307332719999977, 501, 570215,                                             216750, 3.0251693725585938, 100.84495544433594
675, -45.68800377845764, 1, 8.32319258500138, 210, 570425,                                             216960, 2.999386787414551, 101.21456146240234
676, -929.1535084545612, 2, 23.073233412000263, 577, 571002,                                             217537, 3.0294101238250732, 101.09703063964844
677, -612.7000332921743, 2, 16.368846526998823, 406, 571408,                                             217943, 3.0158519744873047, 101.15583801269531
678, -2518.5341368317604, 4, 57.62346984299984, 1444, 572852,                                             219387, 3.085789442062378, 101.86070251464844
679, -141.22665660083294, 1, 22.33634007799992, 556, 573408,                                             219943, 3.10273814201355, 102.13912200927734
680, -455.0825722962618, 1, 22.75247656099964, 569, 573977,                                             220512, 3.110588312149048, 102.37825775146484
681, -1302.7484891712666, 2, 51.603280416000416, 1289, 575266,                                             221801, 3.079571008682251, 102.28058624267578
682, -2833.922829374671, 2, 52.762883809000414, 1316, 576582,                                             223117, 3.147270679473877, 102.54096221923828
683, -47.240762278437614, 1, 12.959872421999535, 323, 576905,                                             223440, 3.134089469909668, 102.7874526977539
684, -224.21966004371643, 2, 1.5054873019998922, 31, 576936,                                             223471, 3.0991339683532715, 103.38352966308594
685, -2807.3218357264996, 4, 56.85504237799978, 1424, 578360,                                             224895, 3.1757044792175293, 103.30912017822266
686, -319.04690240323544, 1, 23.730420321000565, 582, 578942,                                             225477, 3.123886823654175, 103.69328308105469
687, -217.2729823589325, 2, 1.3267489930003649, 30, 578972,                                             225507, 3.1153628826141357, 103.66166687011719
688, -1382.0278053581715, 4, 51.60318696600007, 1280, 580252,                                             226787, 3.1678056716918945, 103.87928771972656
689, -410.6966467499733, 1, 21.976934016000087, 543, 580795,                                             227330, 3.168907403945923, 104.17882537841797
690, -172.47544564306736, 1, 13.935470414999145, 342, 581137,                                             227672, 3.1296379566192627, 104.16506958007812
691, -239.29160349071026, 1, 26.24409798600027, 651, 581788,                                             228323, 3.1931400299072266, 104.18655395507812
692, -1756.1993017792702, 4, 57.49769440199998, 1426, 583214,                                             229749, 3.182546615600586, 104.59735870361328
693, 31.91973042488098, 1, 8.345775806999882, 205, 583419,                                             229954, 3.2369847297668457, 104.9260025024414
694, -1084.9741943776608, 4, 56.26292950199968, 1394, 584813,                                             231348, 3.2389988899230957, 104.7598876953125
695, -130.8702348843217, 1, 18.522049192999475, 458, 585271,                                             231806, 3.2118477821350098, 104.9703140258789
696, -401.8293255716562, 1, 25.77611411900034, 639, 585910,                                             232445, 3.1871557235717773, 104.88691711425781
697, -2648.979353249073, 2, 50.63099573599902, 1247, 587157,                                             233692, 3.2123847007751465, 105.22834777832031
698, -1890.4396323412657, 2, 45.261178963999555, 1109, 588266,                                             234801, 3.2413201332092285, 105.6471939086914
699, -113.23436516523361, 1, 14.939718665000328, 353, 588619,                                             235154, 3.242795467376709, 105.8093032836914
700, -333.9454364180565, 2, 8.349415720000252, 205, 588824,                                             235359, 3.2548258304595947, 106.01046752929688
701, -175.5739175528288, 1, 20.47261415400135, 485, 589309,                                             235844, 3.1426398754119873, 105.91643524169922
702, -1068.2683914899826, 4, 55.6528842000007, 1339, 590648,                                             237183, 3.178438425064087, 105.8066177368164
703, -382.59585861861706, 1, 26.82098551299896, 654, 591302,                                             237837, 3.220844268798828, 105.88925170898438
704, -450.31441040337086, 1, 34.424123666000014, 845, 592147,                                             238682, 3.1439309120178223, 105.81745910644531
705, -1344.2869784235954, 4, 55.44146846100011, 1321, 593468,                                             240003, 3.139016628265381, 105.88248443603516
706, 64.39562782645226, 1, 2.5408070880002924, 52, 593520,                                             240055, 3.160299777984619, 106.31050109863281
707, -1946.91016946733, 4, 53.871031871000014, 1317, 594837,                                             241372, 3.154773235321045, 106.0065689086914
708, -171.40395140647888, 1, 23.572854781999922, 580, 595417,                                             241952, 3.066866397857666, 106.01451873779297
709, -1309.4069326221943, 2, 33.1462539740005, 811, 596228,                                             242763, 3.118927001953125, 105.97506713867188
710, 59.3934543132782, 1, 4.137889506999272, 101, 596329,                                             242864, 3.082479238510132, 106.07913970947266
711, -536.1310096532106, 1, 31.89158561899967, 774, 597103,                                             243638, 3.1557042598724365, 106.09220886230469
712, -1150.8010488003492, 2, 52.76153207000061, 1282, 598385,                                             244920, 3.181647777557373, 106.21338653564453
713, 71.03057397156954, 1, 2.3051617210003315, 48, 598433,                                             244968, 3.197024345397949, 105.74242401123047
714, -155.13248373568058, 1, 21.438388673999725, 523, 598956,                                             245491, 3.172658681869507, 106.15287780761719
715, -1392.6910066977143, 4, 53.25979399500102, 1309, 600265,                                             246800, 3.0962555408477783, 106.19856262207031
716, -781.9833888709545, 2, 29.008044550000704, 703, 600968,                                             247503, 3.121638059616089, 106.10694885253906
717, -854.400790207088, 2, 35.70741595099935, 870, 601838,                                             248373, 3.1213836669921875, 105.9601821899414
718, -960.6644288897514, 2, 42.69306342100026, 1055, 602893,                                             249428, 3.1190667152404785, 106.1298828125
719, -53.90136091411114, 1, 17.16795403300057, 413, 603306,                                             249841, 3.071904420852661, 106.1290283203125
720, -1288.308465719223, 4, 57.51936629699958, 1385, 604691,                                             251226, 3.08627986907959, 106.20512390136719
721, -259.3905891031027, 2, 8.211625375999574, 169, 604860,                                             251395, 3.062469720840454, 106.80830383300781
722, -1730.706561550498, 4, 56.95365641099852, 1379, 606239,                                             252774, 3.1102371215820312, 106.35179138183594
723, 32.56709386408329, 1, 5.917298618000132, 136, 606375,                                             252910, 2.9934115409851074, 106.63053131103516
724, -1640.103969886899, 4, 57.59971572199902, 1392, 607767,                                             254302, 3.052464246749878, 106.37267303466797
725, -1393.481932938099, 4, 55.11513192299935, 1333, 609100,                                             255635, 3.11256742477417, 106.66990661621094
726, -589.4742297232151, 2, 15.348689014999763, 368, 609468,                                             256003, 3.0124874114990234, 106.58283996582031
727, -1712.9603931605816, 4, 55.48722318399996, 1325, 610793,                                             257328, 3.0707762241363525, 106.83879852294922
728, -149.78596183657646, 1, 26.016451572000733, 628, 611421,                                             257956, 3.0401785373687744, 106.7437515258789
729, -211.44364881515503, 2, 1.7023167719999037, 34, 611455,                                             257990, 3.2714974880218506, 107.15040588378906
730, 31.25612484663725, 1, 6.541108981999059, 153, 611608,                                             258143, 3.0585780143737793, 107.0327377319336
731, -452.8338362798095, 1, 34.808405146999576, 833, 612441,                                             258976, 3.0910158157348633, 106.88957214355469
732, -506.8104050755501, 1, 29.08314845700079, 700, 613141,                                             259676, 3.136498212814331, 106.94405364990234
733, -231.247891664505, 2, 2.9007899749994976, 61, 613202,                                             259737, 3.135676860809326, 107.49568176269531
734, -24.455350950360298, 1, 10.152649248000671, 241, 613443,                                             259978, 3.01636004447937, 106.92849731445312
735, -245.1959851682186, 2, 3.3086698389997764, 73, 613516,                                             260051, 3.2048165798187256, 106.74795532226562
736, 31.82483173161745, 1, 7.7405482869999105, 182, 613698,                                             260233, 3.076568841934204, 107.14160919189453
737, -1891.6709952652454, 4, 57.722986659000526, 1383, 615081,                                             261616, 3.0984463691711426, 106.99034118652344
738, 40.67861931025982, 1, 5.333929200998682, 124, 615205,                                             261740, 3.101651668548584, 106.99518585205078
739, -78.29965444654226, 1, 18.738714580000305, 443, 615648,                                             262183, 3.1441755294799805, 107.01828002929688
740, -1721.7918816655874, 4, 53.32059813200067, 1334, 616982,                                             263517, 3.152519702911377, 107.24115753173828
741, -1099.4560862332582, 2, 42.17034712300119, 1050, 618032,                                             264567, 3.166837692260742, 107.15876770019531
742, -102.57914370298386, 1, 16.540697758000533, 385, 618417,                                             264952, 3.132189989089966, 107.3409423828125
743, -166.64369724690914, 1, 18.571251408000535, 437, 618854,                                             265389, 3.1519899368286133, 107.39639282226562
744, -857.7959252297878, 2, 43.04542622699955, 1021, 619875,                                             266410, 3.18660044670105, 107.41497039794922
745, 86.73287541419268, 1, 1.322486218999984, 30, 619905,                                             266440, 3.2413902282714844, 107.52543640136719
746, -141.98230607807636, 1, 22.20688190799956, 526, 620431,                                             266966, 3.166586399078369, 107.51742553710938
747, -414.7877097725868, 1, 32.180393728000126, 764, 621195,                                             267730, 3.1327226161956787, 107.37947082519531
748, -1225.987765043974, 4, 55.44345453900132, 1319, 622514,                                             269049, 3.1715195178985596, 107.41919708251953
749, 69.28254947066307, 1, 3.927932812999643, 90, 622604,                                             269139, 3.055929660797119, 107.17621612548828
750, -886.8922238051891, 1, 40.80949392199909, 961, 623565,                                             270100, 3.1111724376678467, 107.57112884521484
751, -932.5296668857336, 2, 44.619151335000424, 1059, 624624,                                             271159, 3.1411375999450684, 107.39984130859375
752, -11.667489528656006, 1, 14.932358145000762, 343, 624967,                                             271502, 3.15694260597229, 107.6951904296875
753, -574.5509201586246, 1, 35.23187599099947, 830, 625797,                                             272332, 3.1462700366973877, 107.742919921875
754, -228.563500136137, 2, 2.9062174190003134, 64, 625861,                                             272396, 3.2534797191619873, 107.43688201904297
755, -1346.7406458556652, 4, 56.93601192599999, 1350, 627211,                                             273746, 3.165088653564453, 107.75279235839844
756, -160.62284235656261, 1, 23.816250793999643, 560, 627771,                                             274306, 3.1191823482513428, 107.81815338134766
757, -149.19108390808105, 1, 12.95488977199966, 298, 628069,                                             274604, 3.1362509727478027, 107.90520477294922
758, -1449.1689051687717, 4, 58.10508153699993, 1371, 629440,                                             275975, 3.1872735023498535, 107.80007934570312
759, -152.414293512702, 1, 24.990234482000233, 589, 630029,                                             276564, 3.178349256515503, 107.74761199951172
760, -246.76083087921143, 2, 2.9320628980003676, 65, 630094,                                             276629, 3.076573371887207, 107.78947448730469
761, -1448.7233046144247, 4, 55.206911220999245, 1306, 631400,                                             277935, 3.14332914352417, 107.97898864746094
762, 17.54932214319706, 1, 7.950747932000013, 179, 631579,                                             278114, 3.2356152534484863, 108.264892578125
763, -377.45549377799034, 1, 31.190010308999263, 726, 632305,                                             278840, 3.1772444248199463, 107.96823120117188
764, -258.5133767724037, 2, 3.534644321000087, 80, 632385,                                             278920, 3.2402119636535645, 107.81539154052734
765, -141.2275755405426, 1, 21.949875997999698, 518, 632903,                                             279438, 3.275604724884033, 108.21215057373047
766, -225.25206291675568, 2, 2.9075668430014048, 60, 632963,                                             279498, 3.181485414505005, 108.49553680419922
767, 83.86072228848934, 1, 1.5227379370007839, 30, 632993,                                             279528, 3.247551202774048, 107.05323028564453
768, -407.60190008580685, 2, 18.531658682999478, 427, 633420,                                             279955, 3.097327470779419, 108.07540893554688
769, -35.878590896725655, 1, 18.16956774299979, 423, 633843,                                             280378, 3.2209887504577637, 107.90779876708984
770, -215.14877063035965, 2, 1.677785968000535, 35, 633878,                                             280413, 3.35099196434021, 108.8751449584961
771, -65.74597579240799, 1, 13.403535270999782, 350, 634228,                                             280763, 3.2060630321502686, 108.10614776611328
772, -228.7580172419548, 1, 16.738611188000505, 440, 634668,                                             281203, 3.2488315105438232, 108.13068389892578
773, -224.81616570055485, 1, 18.567121371999747, 461, 635129,                                             281664, 3.22210955619812, 108.06167602539062
774, -1110.6593852639198, 2, 34.983240073999696, 876, 636005,                                             282540, 3.2367498874664307, 108.07936096191406
775, -356.2474212795496, 2, 10.547288101000959, 256, 636261,                                             282796, 3.192732095718384, 108.18214416503906
776, -20.752171576023102, 1, 15.613605881000694, 354, 636615,                                             283150, 3.2855727672576904, 108.58892059326172
777, -1041.782713741064, 4, 52.55212768599995, 1263, 637878,                                             284413, 3.217941999435425, 108.36740112304688
778, -71.29935282468796, 1, 13.115948095999556, 316, 638194,                                             284729, 3.219486713409424, 108.08692932128906
779, -1339.1202411651611, 4, 55.470824239999274, 1318, 639512,                                             286047, 3.2429120540618896, 108.33546447753906
780, -459.4437060058117, 2, 22.758672678999574, 541, 640053,                                             286588, 3.195387125015259, 108.40507507324219
781, -99.63934579491615, 1, 22.78908756399869, 540, 640593,                                             287128, 3.276928663253784, 108.61427307128906
782, -385.559818983078, 2, 5.111738417999732, 114, 640707,                                             287242, 3.262737989425659, 108.62791442871094
783, -1232.9039480388165, 4, 55.367967705999035, 1316, 642023,                                             288558, 3.244392156600952, 108.6928939819336
784, -15.010306976735592, 1, 13.951015869999537, 326, 642349,                                             288884, 3.240057945251465, 108.66362762451172
785, -176.1342348754406, 1, 12.939525890000368, 301, 642650,                                             289185, 3.372178077697754, 108.74810028076172
786, -239.50631472468376, 1, 28.218324834999294, 667, 643317,                                             289852, 3.267794132232666, 108.85409545898438
787, -230.80742192268372, 2, 1.717906096999286, 30, 643347,                                             289882, 3.2519869804382324, 109.07508087158203
788, 50.06528929620981, 1, 6.516629560001093, 140, 643487,                                             290022, 3.334137439727783, 108.92093658447266
789, -369.970822930336, 1, 25.12626303700017, 594, 644081,                                             290616, 3.2917962074279785, 108.8822250366211
790, -495.92851743102074, 1, 38.13322429599975, 904, 644985,                                             291520, 3.258535623550415, 108.8563003540039
791, -1066.302465081215, 4, 55.95021313899997, 1318, 646303,                                             292838, 3.310488224029541, 109.04143524169922
792, 61.88216459751129, 1, 3.7354398600000422, 87, 646390,                                             292925, 3.236582040786743, 108.6312484741211
793, -149.13932363688946, 1, 23.936742618998323, 558, 646948,                                             293483, 3.3049700260162354, 109.05626678466797
794, -230.2605113685131, 2, 3.132287398999324, 71, 647019,                                             293554, 3.285553455352783, 109.04144287109375
795, -57.59040805697441, 1, 19.34173468299923, 451, 647470,                                             294005, 3.228835344314575, 108.88016510009766
796, -416.56521831452847, 2, 17.171805370000584, 401, 647871,                                             294406, 3.297978162765503, 108.88150787353516
797, -75.80651143193245, 1, 19.022478713000964, 449, 648320,                                             294855, 3.4016036987304688, 108.94221496582031
798, -1115.3996456488967, 1, 51.816600918000404, 1205, 649525,                                             296060, 3.2909233570098877, 108.96333312988281
799, -696.0739050507545, 2, 34.45518114100014, 807, 650332,                                             296867, 3.3097517490386963, 109.01385498046875
800, -1327.2497906386852, 2, 40.81525738900018, 945, 651277,                                             297812, 3.3170113563537598, 109.11519622802734
801, -1233.6687210798264, 2, 31.03814936100025, 716, 651993,                                             298528, 3.3218445777893066, 109.14950561523438
802, -57.057500034570694, 1, 21.56050282400065, 489, 652482,                                             299017, 3.3305649757385254, 109.3017349243164
803, -618.123423203826, 1, 48.40977515099985, 1121, 653603,                                             300138, 3.3141510486602783, 109.33169555664062
804, -369.3963390365243, 1, 35.836969272000715, 829, 654432,                                             300967, 3.3187379837036133, 109.58160400390625
805, -446.11312510073185, 2, 16.6465617549984, 380, 654812,                                             301347, 3.362399101257324, 109.48213195800781
806, 61.019901007413864, 1, 4.089115773998856, 87, 654899,                                             301434, 3.3097965717315674, 109.24156188964844
807, -1057.965727508068, 2, 39.10388252099983, 901, 655800,                                             302335, 3.2750301361083984, 109.51231384277344
808, -39.45146357268095, 1, 9.142392343999745, 206, 656006,                                             302541, 3.339686155319214, 109.4422607421875
809, -504.2802615314722, 2, 15.326469810999697, 349, 656355,                                             302890, 3.3036937713623047, 109.59017944335938
810, 5.363631680607796, 1, 12.13786277500003, 270, 656625,                                             303160, 3.263348340988159, 109.54847717285156
811, -418.3078218922019, 1, 38.26101476900112, 880, 657505,                                             304040, 3.3405065536499023, 109.3885726928711
812, -239.11002610623837, 1, 22.78028219799853, 516, 658021,                                             304556, 3.304600238800049, 109.41036224365234
813, -497.5820504128933, 2, 22.31039564799903, 506, 658527,                                             305062, 3.3527920246124268, 109.55221557617188
814, 7.023083478212357, 1, 7.941710466000586, 178, 658705,                                             305240, 3.3665859699249268, 109.55728912353516
815, -608.302049472928, 1, 34.537644001000444, 779, 659484,                                             306019, 3.37148118019104, 109.48332214355469
816, -318.5179941058159, 1, 17.725962787000753, 400, 659884,                                             306419, 3.3202245235443115, 109.52116394042969
817, -48.86889232695103, 1, 11.353516531000423, 252, 660136,                                             306671, 3.450313091278076, 109.52790832519531
818, -88.68829385191202, 1, 18.24050383499889, 413, 660549,                                             307084, 3.4007444381713867, 109.5785903930664
819, -154.2513970285654, 1, 16.145365888000015, 358, 660907,                                             307442, 3.363398790359497, 109.29243469238281
820, -975.2635621279478, 1, 52.91050471000017, 1209, 662116,                                             308651, 3.2844643592834473, 109.34963989257812
821, -289.939499899745, 1, 23.36719179099964, 530, 662646,                                             309181, 3.354074716567993, 109.32831573486328
822, -150.24896144866943, 1, 14.16110555600062, 323, 662969,                                             309504, 3.288212537765503, 109.37709045410156
823, -241.40074594318867, 1, 19.392904411999552, 442, 663411,                                             309946, 3.2712650299072266, 109.27433013916016
824, -294.3440157920122, 2, 9.549997763000647, 216, 663627,                                             310162, 3.3440072536468506, 109.45694732666016
825, -756.0376761034131, 1, 49.5032358490007, 1124, 664751,                                             311286, 3.3633484840393066, 109.32118225097656
826, -236.4978346824646, 2, 2.5094918289996713, 49, 664800,                                             311335, 3.4875669479370117, 109.03887176513672
827, -1799.1760691553354, 4, 53.513154832999135, 1213, 666013,                                             312548, 3.367274522781372, 109.37833404541016
828, -14.838754460215569, 1, 8.716587212000377, 201, 666214,                                             312749, 3.3878729343414307, 109.35003662109375
829, -106.38750970363617, 1, 19.94927491999988, 447, 666661,                                             313196, 3.4246490001678467, 109.41658020019531
830, -329.6400147676468, 1, 19.245865532999233, 428, 667089,                                             313624, 3.3409106731414795, 109.3293228149414
831, -321.2246233224869, 2, 13.017340542999591, 296, 667385,                                             313920, 3.4078407287597656, 109.4979019165039
832, -55.982851423323154, 1, 13.183961152000848, 294, 667679,                                             314214, 3.4108760356903076, 109.4271011352539
833, -1103.9334099888802, 4, 56.97700856700067, 1292, 668971,                                             315506, 3.3921384811401367, 109.46097564697266
834, -39.54055207967758, 1, 11.549858487000165, 259, 669230,                                             315765, 3.2841336727142334, 109.45206451416016
835, -372.3190484791994, 2, 17.810489748999316, 362, 669592,                                             316127, 3.317237377166748, 109.28645324707031
836, 25.741241455078125, 1, 7.957320702000288, 175, 669767,                                             316302, 3.350517988204956, 109.44084930419922
837, -641.7734645009041, 2, 23.379820223000934, 486, 670253,                                             316788, 3.3132007122039795, 109.48846435546875
838, -1384.2606103122234, 4, 52.507995940999535, 1160, 671413,                                             317948, 3.3840413093566895, 109.6859130859375
839, -196.022197291255, 1, 18.0271532379993, 403, 671816,                                             318351, 3.3590147495269775, 109.91862487792969
840, -747.2661936059594, 1, 50.32221846599896, 1130, 672946,                                             319481, 3.393272876739502, 109.93767547607422
841, -862.1893793940544, 4, 55.31615325599887, 1251, 674197,                                             320732, 3.444999933242798, 110.0181884765625
842, -481.4332223981619, 2, 22.884754106999026, 507, 674704,                                             321239, 3.4337213039398193, 109.94473266601562
843, -12.237996615469456, 1, 8.317357800999162, 181, 674885,                                             321420, 3.4101390838623047, 110.05020141601562
844, -1447.121317654848, 4, 56.68750662899947, 1272, 676157,                                             322692, 3.412869453430176, 110.17350006103516
845, 46.53810778260231, 1, 5.1139594669984945, 107, 676264,                                             322799, 3.3553407192230225, 110.21343231201172
846, -442.0535041540861, 2, 26.316432019000786, 591, 676855,                                             323390, 3.473738670349121, 110.29110717773438
847, -482.2377450913191, 1, 45.574762254000234, 1017, 677872,                                             324407, 3.4129691123962402, 110.23124694824219
848, -184.54280892014503, 1, 21.65704150199963, 478, 678350,                                             324885, 3.4409382343292236, 110.24586486816406
849, -1543.5377808511257, 4, 56.70319475299948, 1278, 679628,                                             326163, 3.467982053756714, 110.30171966552734
850, -36.24656270444393, 1, 17.37389180000173, 380, 680008,                                             326543, 3.456920862197876, 110.46685028076172
851, -401.22848120331764, 1, 16.007243261999974, 353, 680361,                                             326896, 3.429492473602295, 110.51296997070312
852, -39.748294204473495, 1, 15.545139345998905, 347, 680708,                                             327243, 3.4744155406951904, 110.1600570678711
853, -878.0116844251752, 1, 51.69905045899941, 1164, 681872,                                             328407, 3.387136936187744, 110.47698211669922
854, -638.0208006352186, 1, 43.172088983999856, 964, 682836,                                             329371, 3.4574005603790283, 110.6236801147461
855, -1077.4041581600904, 4, 53.99547492700003, 1196, 684032,                                             330567, 3.449913263320923, 110.62388610839844
856, -98.74533475935459, 1, 16.895583969000654, 379, 684411,                                             330946, 3.3285582065582275, 110.47664642333984
857, -1098.1505335569382, 4, 53.361806118999084, 1187, 685598,                                             332133, 3.4537277221679688, 110.5881576538086
858, -1682.234539322555, 4, 55.699824187999184, 1238, 686836,                                             333371, 3.42911958694458, 110.52567291259766
859, 24.52887962013483, 1, 9.125895735000086, 193, 687029,                                             333564, 3.5774970054626465, 110.63441467285156
860, -1135.481600701809, 4, 55.13778470000034, 1235, 688264,                                             334799, 3.4222006797790527, 110.85022735595703
861, -545.8901006728411, 1, 38.92271803499898, 863, 689127,                                             335662, 3.4485738277435303, 110.82835388183594
862, -263.15874218940735, 2, 2.327440094000849, 46, 689173,                                             335708, 3.549060344696045, 110.94507598876953
863, -54.70129859447479, 1, 12.073186940999221, 260, 689433,                                             335968, 3.4715168476104736, 110.97669982910156
864, -313.086468487978, 1, 27.080929518999255, 604, 690037,                                             336572, 3.4333908557891846, 110.84955596923828
865, -244.18515339493752, 2, 5.111502771000232, 106, 690143,                                             336678, 3.497145414352417, 111.00157165527344
866, -563.6831156462431, 1, 45.40578509500119, 1009, 691152,                                             337687, 3.4035587310791016, 110.7599868774414
867, -251.57404774427414, 2, 2.498771370999748, 50, 691202,                                             337737, 3.4286041259765625, 110.57874298095703
868, -375.6274452060461, 1, 29.14425522700003, 647, 691849,                                             338384, 3.47023344039917, 110.99583435058594
869, -239.15958938002586, 2, 4.93483218000074, 108, 691957,                                             338492, 3.3277699947357178, 111.07621765136719
870, -94.37380260229111, 1, 18.89323067800069, 416, 692373,                                             338908, 3.4200947284698486, 110.77993774414062
871, -227.62445068359375, 2, 3.5215126650000457, 71, 692444,                                             338979, 3.6163949966430664, 111.46282196044922
872, -585.4339769333601, 1, 33.722618060999594, 744, 693188,                                             339723, 3.4493110179901123, 111.04302215576172
873, -434.4673429429531, 2, 22.08039436099898, 481, 693669,                                             340204, 3.462432622909546, 110.82400512695312
874, -1909.8985129371285, 4, 55.80325150399949, 1229, 694898,                                             341433, 3.452515125274658, 111.02132415771484
875, -5.5241119265556335, 1, 11.931209753000076, 256, 695154,                                             341689, 3.3725361824035645, 111.27810668945312
876, -219.57329788804054, 2, 3.735368911999103, 79, 695233,                                             341768, 3.415644884109497, 111.3544921875
877, -52.52618683874607, 1, 14.101281037999797, 309, 695542,                                             342077, 3.422760248184204, 110.93221282958984
878, -915.610863558948, 4, 53.17552810599955, 1139, 696681,                                             343216, 3.435494899749756, 110.97574615478516
879, -864.460576608777, 1, 49.36421614000028, 1092, 697773,                                             344308, 3.462313652038574, 110.99920654296875
880, -245.35246074199677, 2, 2.309062411000923, 42, 697815,                                             344350, 3.353088855743408, 110.76885986328125
881, -1378.1721954494715, 2, 39.89531673900092, 874, 698689,                                             345224, 3.4543099403381348, 111.03218078613281
882, 32.37383446097374, 1, 8.481673645999763, 143, 698832,                                             345367, 3.504549741744995, 111.36027526855469
883, -1430.9285083562136, 4, 52.114915325000766, 1138, 699970,                                             346505, 3.4329636096954346, 111.28372192382812
884, -86.56136839836836, 1, 19.10739762400044, 414, 700384,                                             346919, 3.475978136062622, 111.09772491455078
885, -237.7642177939415, 2, 3.937696330000108, 81, 700465,                                             347000, 3.3253979682922363, 111.57575988769531
886, -301.29249626398087, 1, 25.67542005300129, 559, 701024,                                             347559, 3.416851758956909, 111.0569076538086
887, -1203.1606433838606, 4, 53.627270368999234, 1167, 702191,                                             348726, 3.4394359588623047, 111.19596099853516
888, -84.10313194990158, 1, 11.452880462000394, 245, 702436,                                             348971, 3.486645221710205, 111.37914276123047
889, -1715.6177827715874, 4, 57.369681682999726, 1257, 703693,                                             350228, 3.422151565551758, 111.21434783935547
890, -1208.448424845934, 4, 53.393437304001054, 1155, 704848,                                             351383, 3.4332621097564697, 111.53834533691406
891, 66.05879202485085, 1, 1.718539150999277, 30, 704878,                                             351413, 3.7192208766937256, 111.15957641601562
892, -131.54982535541058, 1, 23.96141169299881, 523, 705401,                                             351936, 3.383543014526367, 111.5718994140625
893, -470.00425150990486, 2, 20.913736566000807, 458, 705859,                                             352394, 3.3952176570892334, 111.80355072021484
894, -1737.112471073866, 4, 51.53209705399968, 1132, 706991,                                             353526, 3.4406065940856934, 111.66619873046875
895, 25.07668075710535, 1, 7.249616443999912, 154, 707145,                                             353680, 3.4585976600646973, 111.73296356201172
896, -709.9092648476362, 2, 39.498831838000115, 851, 707996,                                             354531, 3.4025909900665283, 111.78519439697266
897, -153.19618532061577, 1, 17.754486360001465, 385, 708381,                                             354916, 3.42531156539917, 111.83374786376953
898, -1343.3959749937057, 4, 56.78812130499864, 1224, 709605,                                             356140, 3.427492141723633, 111.6120834350586
899, -747.3081814944744, 2, 35.74499871899934, 770, 710375,                                             356910, 3.4209399223327637, 111.97106170654297
900, 81.39793603122234, 1, 1.9262025190000713, 30, 710405,                                             356940, 3.588144063949585, 111.4123306274414
901, -181.93998655676842, 1, 23.792352669001048, 513, 710918,                                             357453, 3.507326602935791, 112.22660827636719
902, -789.8673856854439, 4, 55.16645162500026, 1192, 712110,                                             358645, 3.4775800704956055, 112.06565856933594
903, -12.92656148225069, 1, 12.556888684999649, 273, 712383,                                             358918, 3.553467273712158, 111.91016387939453
904, -941.3108444660902, 4, 56.71008338300089, 1234, 713617,                                             360152, 3.442600727081299, 111.9766616821289
905, -779.1869877204299, 1, 48.066847865000454, 1046, 714663,                                             361198, 3.4092373847961426, 112.25498962402344
906, -376.4578064382076, 1, 36.66486348000035, 784, 715447,                                             361982, 3.444711208343506, 111.94937896728516
907, -342.95183397084475, 1, 37.32079155100109, 797, 716244,                                             362779, 3.445997476577759, 112.21171569824219
908, -209.16931185126305, 2, 1.7034048730001814, 32, 716276,                                             362811, 3.6128411293029785, 112.21046447753906
909, -132.0431169271469, 1, 23.961559710000074, 511, 716787,                                             363322, 3.4876937866210938, 112.08251953125
910, -261.37614744901657, 2, 5.513985935000164, 114, 716901,                                             363436, 3.44450306892395, 112.11124420166016
911, -989.8839348107576, 4, 54.83081316299831, 1176, 718077,                                             364612, 3.4714157581329346, 111.99163055419922
912, -2341.23414093256, 4, 55.33182692599985, 1179, 719256,                                             365791, 3.441967725753784, 112.0888442993164
913, -389.0992077514529, 1, 36.75448455899823, 800, 720056,                                             366591, 3.4578375816345215, 112.3198013305664
914, -280.9155197739601, 2, 2.5060816909990535, 48, 720104,                                             366639, 3.487506151199341, 112.0198974609375
915, -32.68637332320213, 1, 16.96929566200015, 365, 720469,                                             367004, 3.44694185256958, 112.19908142089844
916, -366.25342005491257, 2, 7.5352036240001325, 156, 720625,                                             367160, 3.446192502975464, 112.26079559326172
917, -37.35219222307205, 1, 17.371970333999343, 370, 720995,                                             367530, 3.464301347732544, 112.37682342529297
918, -243.0825515985489, 2, 3.9094789830014633, 79, 721074,                                             367609, 3.5441701412200928, 112.48076629638672
919, 79.03838364779949, 1, 1.5199711160003062, 30, 721104,                                             367639, 3.4329848289489746, 112.24761199951172
920, -498.0571409165859, 1, 42.690658198000165, 913, 722017,                                             368552, 3.497866153717041, 112.36744689941406
921, -712.8215684294701, 1, 44.32131757299976, 945, 722962,                                             369497, 3.4535326957702637, 112.2938003540039
922, -303.3096994757652, 1, 29.169122373999926, 621, 723583,                                             370118, 3.52285099029541, 112.34117126464844
923, -809.8767697736621, 4, 57.74882779799918, 1231, 724814,                                             371349, 3.5226144790649414, 112.26614379882812
924, -832.278838172555, 2, 27.86139480499878, 584, 725398,                                             371933, 3.5341429710388184, 112.26610565185547
925, -203.41489946842194, 1, 19.153401048000887, 401, 725799,                                             372334, 3.463620901107788, 112.17504119873047
926, -805.5880315601826, 2, 35.11736853599905, 741, 726540,                                             373075, 3.5947265625, 112.33831024169922
927, -72.18341359496117, 1, 15.332606846999624, 321, 726861,                                             373396, 3.5339341163635254, 112.2616195678711
928, -1102.7409037649632, 4, 55.92723090799882, 1186, 728047,                                             374582, 3.4761409759521484, 112.4499740600586
929, 4.145412012934685, 1, 11.304927237000811, 233, 728280,                                             374815, 3.5905399322509766, 112.214599609375
930, -727.6229004487395, 4, 55.39120105700022, 1172, 729452,                                             375987, 3.53324556350708, 112.5268783569336
931, -25.52466394007206, 1, 15.782443071999296, 332, 729784,                                             376319, 3.599461555480957, 112.3978500366211
932, -864.9621419906616, 4, 56.063548454998454, 1185, 730969,                                             377504, 3.5298283100128174, 112.46842193603516
933, 62.17525928467512, 1, 5.335461286002101, 110, 731079,                                             377614, 3.5557162761688232, 112.25003814697266
934, -1071.4482415914536, 4, 57.94347232700238, 1218, 732297,                                             378832, 3.5543367862701416, 112.40909576416016
935, -1078.4898131936789, 4, 56.95628872499947, 1196, 733493,                                             380028, 3.539257764816284, 112.38435363769531
936, -114.84627110511065, 1, 23.623227137999493, 496, 733989,                                             380524, 3.4882702827453613, 112.34651184082031
937, -392.79741978645325, 2, 17.14618030099882, 356, 734345,                                             380880, 3.5357472896575928, 112.64280700683594
938, -1044.6058776974678, 4, 56.00952339500145, 1182, 735527,                                             382062, 3.5487470626831055, 112.55142211914062
939, -287.5606828480959, 2, 10.526731679001387, 217, 735744,                                             382279, 3.579843521118164, 112.71994018554688
940, -1035.712694823742, 1, 54.67667105899818, 1154, 736898,                                             383433, 3.5067951679229736, 112.27777099609375
941, -406.5198175907135, 2, 7.174412091000704, 150, 737048,                                             383583, 3.558307409286499, 112.339111328125
942, -996.9414423108101, 2, 55.98743118499988, 1176, 738224,                                             384759, 3.5471134185791016, 112.71529388427734
943, -99.8159468472004, 1, 20.072749997001665, 412, 738636,                                             385171, 3.5718445777893066, 112.57015228271484
944, -695.2474033087492, 4, 51.43891621200237, 1078, 739714,                                             386249, 3.528139114379883, 112.59368896484375
945, -127.63278552889824, 1, 17.811998237997614, 368, 740082,                                             386617, 3.51627779006958, 112.36819458007812
946, -181.29595101624727, 1, 22.61779568000202, 475, 740557,                                             387092, 3.5616862773895264, 112.86783599853516
947, -211.58236145973206, 2, 1.8901597060030326, 34, 740591,                                             387126, 3.7312498092651367, 112.76835632324219
948, -269.2000680118799, 2, 10.157036189000792, 212, 740803,                                             387338, 3.573857545852661, 112.65045166015625
949, -1223.3804752081633, 4, 57.23242452100021, 1188, 741991,                                             388526, 3.5378100872039795, 112.49271392822266
950, 43.94401143491268, 1, 6.717573490001087, 136, 742127,                                             388662, 3.541335105895996, 112.48500061035156
951, -1086.1577201932669, 4, 55.861251714999526, 1170, 743297,                                             389832, 3.5733511447906494, 112.56111145019531
952, -1352.8223270475864, 4, 53.54085745299744, 1113, 744410,                                             390945, 3.5429508686065674, 112.65277099609375
953, -82.40733924508095, 1, 21.824348355999973, 454, 744864,                                             391399, 3.5881237983703613, 112.3772201538086
954, -214.5632780790329, 2, 2.1027826360004838, 38, 744902,                                             391437, 3.521045446395874, 113.58661651611328
955, 52.65464808046818, 1, 5.715270894997957, 112, 745014,                                             391549, 3.486274480819702, 112.3551254272461
956, -959.6911180838943, 4, 54.95114238599854, 1152, 746166,                                             392701, 3.5199315547943115, 112.44955444335938
957, -1393.115675419569, 4, 57.45672447299876, 1180, 747346,                                             393881, 3.503368377685547, 112.55598449707031
958, 10.11510867625475, 1, 10.355739159000223, 214, 747560,                                             394095, 3.4932234287261963, 112.53298950195312
959, -955.274462684989, 4, 55.49737251500119, 1145, 748705,                                             395240, 3.5435807704925537, 112.60894012451172
960, 38.61952406913042, 1, 7.302377721000084, 145, 748850,                                             395385, 3.459294080734253, 112.45987701416016
961, -1008.7062680870295, 4, 57.442629738001415, 1185, 750035,                                             396570, 3.5349113941192627, 112.52344512939453
962, 45.215814888477325, 1, 5.34203129800153, 108, 750143,                                             396678, 3.54840350151062, 112.38755798339844
963, -272.833143055439, 1, 30.06745741299892, 620, 750763,                                             397298, 3.5386743545532227, 112.55426788330078
964, -235.6152921319008, 2, 4.735440983000444, 96, 750859,                                             397394, 3.600518226623535, 112.16210174560547
965, -109.75385039299726, 1, 23.240331122000498, 480, 751339,                                             397874, 3.4661340713500977, 112.46074676513672
966, -699.113051250577, 4, 56.96904325399737, 1149, 752488,                                             399023, 3.5528523921966553, 112.22351837158203
967, -15.256143048405647, 1, 14.50661596899954, 296, 752784,                                             399319, 3.525322914123535, 112.41487884521484
968, -362.27403223514557, 2, 9.61183824100226, 199, 752983,                                             399518, 3.495231866836548, 112.30677032470703
969, -482.8503057509661, 1, 41.46641068000099, 850, 753833,                                             400368, 3.5520527362823486, 112.32225799560547
970, -220.23969054222107, 1, 22.256749883999873, 460, 754293,                                             400828, 3.4673550128936768, 112.41226196289062
971, -217.5765305161476, 2, 2.102392687000247, 30, 754323,                                             400858, 3.3007493019104004, 113.0617446899414
972, -44.29756861925125, 1, 19.37200963400028, 394, 754717,                                             401252, 3.4788949489593506, 112.37926483154297
973, -470.47435238957405, 1, 43.7790286030031, 887, 755604,                                             402139, 3.473862409591675, 112.21350860595703
974, -140.13774546980858, 1, 19.373551778000547, 398, 756002,                                             402537, 3.4388890266418457, 112.21096801757812
975, -225.9585136771202, 2, 3.4958696070025326, 30, 756032,                                             402567, 3.665679454803467, 111.99246215820312
976, -43.594799131155014, 1, 19.597175607999816, 399, 756431,                                             402966, 3.4488279819488525, 112.11808776855469
977, -257.7728600651026, 1, 31.21605977999934, 638, 757069,                                             403604, 3.4759750366210938, 112.2650146484375
978, -132.50394882261753, 1, 24.474438877998182, 500, 757569,                                             404104, 3.5250463485717773, 112.17696380615234
979, -160.50848834216595, 1, 29.196512500002427, 593, 758162,                                             404697, 3.491394519805908, 112.39826965332031
980, -290.6369520574808, 1, 25.447542824997072, 523, 758685,                                             405220, 3.4853029251098633, 112.18942260742188
981, -227.58815075457096, 1, 24.72631396500219, 500, 759185,                                             405720, 3.5314934253692627, 112.15735626220703
982, -1056.2675151079893, 4, 57.282147205998626, 1181, 760366,                                             406901, 3.502652168273926, 112.11910247802734
983, 48.58294951170683, 1, 8.920864519001043, 135, 760501,                                             407036, 3.4965403079986572, 112.19226837158203
984, -42.889284282922745, 1, 15.979654467999353, 323, 760824,                                             407359, 3.552645444869995, 112.17344665527344
985, -153.33315116167068, 1, 24.84198244399886, 506, 761330,                                             407865, 3.5075058937072754, 111.9614486694336
986, -299.8699953556061, 2, 5.935260178997851, 121, 761451,                                             407986, 3.5048694610595703, 112.00013732910156
987, -55.34336005151272, 1, 18.661171743999148, 378, 761829,                                             408364, 3.414461374282837, 112.17118072509766
988, -0.2877557724714279, 1, 12.530395175999729, 251, 762080,                                             408615, 3.5222415924072266, 112.1875991821289
989, -563.7142300307751, 2, 21.440488919997733, 433, 762513,                                             409048, 3.4615983963012695, 111.95471954345703
990, 86.00037689507008, 1, 1.5299545939997188, 30, 762543,                                             409078, 3.4690632820129395, 111.15900421142578
991, -49.16809877753258, 1, 19.87020088099962, 402, 762945,                                             409480, 3.405731678009033, 111.91924285888672
992, -248.26665544509888, 2, 2.571304722001514, 49, 762994,                                             409529, 3.4527244567871094, 111.97056579589844
993, -347.11625595390797, 1, 32.24651012300092, 658, 763652,                                             410187, 3.468003034591675, 112.03978729248047
994, -225.3847771883011, 2, 1.674411809999583, 30, 763682,                                             410217, 3.274916410446167, 111.33213806152344
995, -866.5407264903188, 4, 52.30376185100249, 1070, 764752,                                             411287, 3.465198516845703, 111.97158813476562
996, -876.0399446412921, 4, 57.46079374300098, 1173, 765925,                                             412460, 3.477654218673706, 112.10462951660156
997, -421.56831823289394, 1, 39.71550593500069, 816, 766741,                                             413276, 3.531583547592163, 112.13978576660156
998, -244.88958270847797, 1, 21.767076231997635, 438, 767179,                                             413714, 3.5291566848754883, 112.02749633789062
999, -452.71917091310024, 2, 20.235117623000406, 411, 767590,                                             414125, 3.554677724838257, 112.24349212646484
1000, 53.16424569487572, 1, 6.514562616001058, 128, 767718,                                             414253, 3.440840721130371, 111.71865844726562
1001, -402.0784914493561, 1, 31.286162226999295, 639, 768357,                                             414892, 3.5245542526245117, 112.2254409790039
1002, -687.9457090944052, 1, 50.845299726999656, 1032, 769389,                                             415924, 3.487874984741211, 112.32630920410156
1003, -129.72567650675774, 1, 19.342480860999785, 390, 769779,                                             416314, 3.4931111335754395, 112.26914978027344
1004, -454.83692789822817, 1, 45.73734010500266, 931, 770710,                                             417245, 3.5071606636047363, 112.19066619873047
1005, -947.0753171890974, 4, 53.8521758129973, 1143, 771853,                                             418388, 3.528519630432129, 112.35191345214844
1006, -139.06341721117496, 1, 23.461372890000348, 533, 772386,                                             418921, 3.5850844383239746, 112.14396667480469
1007, -209.93541431427002, 2, 1.8945688019994122, 30, 772416,                                             418951, 3.6964900493621826, 111.91920471191406
1008, 59.38537618517876, 1, 5.311888901000202, 116, 772532,                                             419067, 3.5866689682006836, 112.2421875
1009, -458.42037965357304, 1, 32.26022442300018, 738, 773270,                                             419805, 3.5422260761260986, 112.00607299804688
1010, -580.5200187861919, 1, 44.09491996200086, 1009, 774279,                                             420814, 3.48248028755188, 112.038330078125
1011, -257.82826068997383, 1, 30.929645525000524, 680, 774959,                                             421494, 3.529287815093994, 112.01205444335938
1012, -216.96830493211746, 2, 3.7354426460005925, 69, 775028,                                             421563, 3.5667433738708496, 112.5080337524414
1013, -181.94844515621662, 1, 27.048372860997915, 554, 775582,                                             422117, 3.532317876815796, 112.18168640136719
1014, -238.09410393238068, 2, 1.6977421159972437, 30, 775612,                                             422147, 3.341054677963257, 112.83116912841797
1015, -599.5170316249132, 4, 54.06421098099963, 1135, 776747,                                             423282, 3.49072527885437, 111.96758270263672
1016, -777.0620342716575, 4, 51.64585701300166, 1055, 777802,                                             424337, 3.4913651943206787, 111.96849060058594
1017, -87.24430364370346, 1, 18.966773911000928, 385, 778187,                                             424722, 3.460631847381592, 111.74591827392578
1018, -235.31114138662815, 2, 4.93646123399958, 90, 778277,                                             424812, 3.7223172187805176, 111.66889953613281
1019, -428.3332702368498, 1, 35.48947936799959, 722, 778999,                                             425534, 3.515521764755249, 112.11579132080078
1020, -874.7300377488136, 4, 57.58021762900171, 1186, 780185,                                             426720, 3.4338254928588867, 112.07014465332031
1021, 11.915391117334366, 1, 11.463130547999754, 228, 780413,                                             426948, 3.52162766456604, 111.81056213378906
1022, -761.1093700528145, 4, 57.37615111800187, 1165, 781578,                                             428113, 3.4922666549682617, 111.99938201904297
1023, -1060.7559892833233, 4, 57.760053431000415, 1182, 782760,                                             429295, 3.4746105670928955, 111.93495178222656
1024, 84.72719460725784, 1, 1.8732944740004314, 32, 782792,                                             429327, 3.713735818862915, 111.64448547363281
1025, -598.1538452655077, 2, 29.0437869640009, 596, 783388,                                             429923, 3.492931365966797, 111.98074340820312
1026, -930.70278134197, 4, 57.000939637000556, 1166, 784554,                                             431089, 3.5233352184295654, 112.02422332763672
1027, -766.7444968670607, 4, 53.73910236300071, 1087, 785641,                                             432176, 3.487102508544922, 111.94013214111328
1028, -95.79891636967659, 1, 23.9866570890008, 489, 786130,                                             432665, 3.4994544982910156, 112.03223419189453
1029, -206.87631317973137, 2, 2.10480025400102, 38, 786168,                                             432703, 3.546414852142334, 111.41849517822266
1030, 68.46880324184895, 1, 4.1285446859983495, 81, 786249,                                             432784, 3.553311586380005, 112.0406265258789
1031, -313.9429467022419, 2, 10.272430872999394, 200, 786449,                                             432984, 3.6234967708587646, 112.05950164794922
1032, -18.078579768538475, 1, 15.338429748000635, 308, 786757,                                             433292, 3.5242769718170166, 111.82599639892578
1033, -119.2560547888279, 1, 22.255103122002765, 451, 787208,                                             433743, 3.517287254333496, 111.81082153320312
1034, -165.32838152348995, 1, 29.96086903000105, 605, 787813,                                             434348, 3.450237274169922, 111.83528137207031
1035, -211.6775782108307, 2, 1.707606134001253, 33, 787846,                                             434381, 3.4604644775390625, 111.38479614257812
1036, -208.13938508927822, 1, 25.858849375999853, 521, 788367,                                             434902, 3.5357894897460938, 111.96464538574219
1037, -229.14050710201263, 2, 1.7059658850012056, 30, 788397,                                             434932, 3.3390495777130127, 112.67265319824219
1038, 65.97006270289421, 1, 4.329400031001569, 86, 788483,                                             435018, 3.464447021484375, 111.49932861328125
1039, -1096.1687018722296, 4, 57.15923988799841, 1159, 789642,                                             436177, 3.526003360748291, 111.91775512695312
1040, -436.11327773332596, 1, 43.117974844000855, 875, 790517,                                             437052, 3.53403377532959, 111.86956787109375
1041, -1038.2085061818361, 4, 58.12336500099991, 1178, 791695,                                             438230, 3.5206446647644043, 111.89156341552734
1042, -1158.775452643633, 4, 55.32079785399765, 1126, 792821,                                             439356, 3.5459890365600586, 112.02267456054688
1043, -5.45695486664772, 1, 12.332645288999629, 266, 793087,                                             439622, 3.451167106628418, 111.7938461303711
1044, -258.6338582262397, 1, 26.792527321998932, 591, 793678,                                             440213, 3.5225422382354736, 111.92198181152344
1045, -795.2433962970972, 1, 53.5346245940018, 1174, 794852,                                             441387, 3.4694814682006836, 111.84979248046875
1046, -452.55436781048775, 1, 37.85081682800228, 836, 795688,                                             442223, 3.4866557121276855, 111.96167755126953
1047, -73.24630633741617, 1, 17.13553479300026, 347, 796035,                                             442570, 3.4874067306518555, 111.91564178466797
1048, -209.56499533355236, 1, 20.274809008999, 451, 796486,                                             443021, 3.481959581375122, 111.77564239501953
1049, -962.9328712970018, 4, 57.706179329001316, 1281, 797767,                                             444302, 3.5429649353027344, 111.85366821289062
1050, -784.1837074384093, 4, 51.69074863899732, 1084, 798851,                                             445386, 3.491460084915161, 111.77044677734375
1051, 21.848527505993843, 1, 7.979688534996967, 156, 799007,                                             445542, 3.545731782913208, 111.71271514892578
1052, -893.0525515377522, 4, 55.483164454999496, 1050, 800057,                                             446592, 3.5168139934539795, 111.89781188964844
1053, -438.43951888382435, 1, 51.8885452909999, 1016, 801073,                                             447608, 3.4692492485046387, 111.69636535644531
1054, -715.9690503403544, 4, 56.09507817300255, 1099, 802172,                                             448707, 3.507765054702759, 111.47528076171875
1055, -356.48882941156626, 1, 32.267610407001484, 637, 802809,                                             449344, 3.487691879272461, 111.52888488769531
1056, -826.7534415349364, 4, 57.12644045300112, 1152, 803961,                                             450496, 3.449721336364746, 111.36746978759766
1057, -119.85960709303617, 1, 21.955298218999815, 476, 804437,                                             450972, 3.490420341491699, 111.23676300048828
1058, -398.90856701135635, 2, 5.579792478001764, 123, 804560,                                             451095, 3.606464147567749, 111.41590881347656
1059, -585.9928648769855, 1, 48.047344087000965, 1055, 805615,                                             452150, 3.5142157077789307, 111.19564056396484
1060, -428.11346320807934, 2, 21.79865320400131, 475, 806090,                                             452625, 3.419118642807007, 111.04834747314453
1061, -641.2140913307667, 1, 56.4932021099994, 1243, 807333,                                             453868, 3.4467506408691406, 111.11910247802734
1062, -224.48411372303963, 2, 2.5063460179990216, 48, 807381,                                             453916, 3.4490861892700195, 110.576904296875
1063, -9.227808684110641, 1, 12.15136472299855, 269, 807650,                                             454185, 3.592684268951416, 110.6883316040039
1064, -147.29413253068924, 1, 15.593971752998186, 338, 807988,                                             454523, 3.5280046463012695, 110.87901306152344
1065, -638.9564984962344, 1, 47.795609601998876, 1056, 809044,                                             455579, 3.445197820663452, 110.92536926269531
1066, -1006.7873888760805, 2, 52.66446610899948, 1142, 810186,                                             456721, 3.4674060344696045, 110.73524475097656
1067, 32.39025714993477, 1, 6.950405262999993, 151, 810337,                                             456872, 3.4080379009246826, 110.77955627441406
1068, -139.0536757260561, 1, 28.22315886599972, 623, 810960,                                             457495, 3.4932146072387695, 110.81538391113281
1069, -740.7688874006271, 2, 23.79483128100037, 525, 811485,                                             458020, 3.459629774093628, 110.90275573730469
1070, -835.5167425274849, 4, 53.42938146199958, 1179, 812664,                                             459199, 3.4367196559906006, 110.62947845458984
1071, -67.83637869358063, 1, 13.936952692998602, 302, 812966,                                             459501, 3.4882125854492188, 110.60105895996094
1072, -1007.2990310639143, 4, 57.89072543099974, 1280, 814246,                                             460781, 3.452965497970581, 110.57476806640625
1073, -784.8116027936339, 4, 53.30885118899823, 1187, 815433,                                             461968, 3.499265432357788, 110.4425048828125
1074, -146.97435645014048, 1, 24.96117615899857, 549, 815982,                                             462517, 3.513005256652832, 110.15812683105469
1075, -329.99776078760624, 1, 43.26682090400209, 959, 816941,                                             463476, 3.4422736167907715, 110.28702545166016
1076, -1045.6149528622627, 4, 55.43201134300034, 1213, 818154,                                             464689, 3.45363450050354, 110.29352569580078
1077, -85.32268107682467, 1, 17.80739511399952, 389, 818543,                                             465078, 3.4384818077087402, 110.26060485839844
1078, -167.60378907620907, 1, 21.553070445999765, 472, 819015,                                             465550, 3.3970296382904053, 110.25242614746094
1079, -916.6438621878624, 4, 57.27971301800062, 1255, 820270,                                             466805, 3.4644947052001953, 110.0901107788086
1080, -979.8748903498054, 4, 56.8350685109981, 1244, 821514,                                             468049, 3.41237473487854, 109.85687255859375
1081, -419.4443302154541, 1, 42.38749322500007, 920, 822434,                                             468969, 3.4724442958831787, 109.9247817993164
1082, -246.4770582318306, 2, 2.126196080000227, 44, 822478,                                             469013, 3.5253920555114746, 110.42333984375
1083, -158.48325195908546, 1, 14.128459200001089, 306, 822784,                                             469319, 3.421586275100708, 109.87188720703125
1084, -322.98278545588255, 1, 39.86857114400118, 866, 823650,                                             470185, 3.4083478450775146, 109.68547821044922
1085, -1136.164880208671, 4, 57.24649769199823, 1241, 824891,                                             471426, 3.419137716293335, 109.71145629882812
1086, -641.3755606710911, 1, 54.83367743100098, 1195, 826086,                                             472621, 3.43271803855896, 109.50938415527344
1087, -536.1819122955203, 1, 44.65692984500129, 979, 827065,                                             473600, 3.403540849685669, 109.70818328857422
1088, -141.8238374888897, 1, 22.121169292997365, 478, 827543,                                             474078, 3.3989992141723633, 109.4985580444336
1089, -143.33514143526554, 1, 11.950187717000517, 258, 827801,                                             474336, 3.4468140602111816, 109.55155181884766
1090, -276.01400408148766, 2, 8.321281438998994, 177, 827978,                                             474513, 3.4099669456481934, 109.89469909667969
1091, -236.47636461257935, 2, 1.4774496129975887, 30, 828008,                                             474543, 3.39093017578125, 110.05403900146484
1092, 36.44594691693783, 1, 6.7252798290028295, 140, 828148,                                             474683, 3.3694777488708496, 109.4347152709961
1093, -432.8767489492893, 1, 42.4123612479998, 914, 829062,                                             475597, 3.4592370986938477, 109.39901733398438
1094, -466.31855423748493, 1, 48.07149557500088, 1054, 830116,                                             476651, 3.4167001247406006, 109.396484375
1095, -626.087572850287, 1, 48.650131973998214, 1061, 831177,                                             477712, 3.421006679534912, 109.4094009399414
1096, -420.550056040287, 2, 20.475676871999895, 445, 831622,                                             478157, 3.3289260864257812, 109.2744140625
1097, -50.34059792757034, 1, 17.69495542099685, 379, 832001,                                             478536, 3.459244966506958, 109.00035095214844
1098, -315.190703779459, 2, 9.143822483001713, 198, 832199,                                             478734, 3.460763692855835, 109.19750213623047
1099, -1111.056511119008, 4, 53.44889953999882, 1148, 833347,                                             479882, 3.409626007080078, 109.0821533203125
1100, -450.28690089285374, 1, 43.04020686500007, 927, 834274,                                             480809, 3.410313367843628, 109.16551208496094
1101, -16.810507774353027, 1, 11.023969902998942, 229, 834503,                                             481038, 3.355344295501709, 109.08758544921875
1102, -726.5702824294567, 4, 57.353603317002126, 1223, 835726,                                             482261, 3.4119389057159424, 108.94534301757812
1103, -1192.3463808894157, 4, 57.086085381000885, 1230, 836956,                                             483491, 3.3694145679473877, 108.84065246582031
1104, -1183.6595497876406, 1, 56.70972890000121, 1232, 838188,                                             484723, 3.3707263469696045, 108.79723358154297
1105, -883.6034997850657, 4, 54.22624190499846, 1150, 839338,                                             485873, 3.3669610023498535, 108.6831283569336
1106, -1362.0040636509657, 4, 55.05713622999974, 1294, 840632,                                             487167, 3.378048896789551, 108.61737060546875
1107, -1731.6516037285328, 4, 57.13271667200024, 1243, 841875,                                             488410, 3.365952968597412, 108.55636596679688
1108, 53.12075366079807, 1, 6.335995464000007, 137, 842012,                                             488547, 3.401618480682373, 108.7034912109375
1109, -748.8685580044985, 4, 57.915934458000265, 1329, 843341,                                             489876, 3.3835248947143555, 108.64686584472656
1110, -116.84385932981968, 1, 26.610914718999993, 617, 843958,                                             490493, 3.373379707336426, 108.68275451660156
1111, -550.1529296189547, 1, 32.132671968996874, 744, 844702,                                             491237, 3.326395273208618, 108.57217407226562
1112, -64.50320519506931, 1, 20.365448871001718, 471, 845173,                                             491708, 3.412548780441284, 108.47696685791016
1113, -598.4695625901222, 2, 21.52805389399873, 496, 845669,                                             492204, 3.3495829105377197, 108.22991943359375
1114, -156.2558096498251, 1, 21.391706632999558, 502, 846171,                                             492706, 3.294856309890747, 108.17214965820312
1115, -220.88067549467087, 2, 1.5053367190012068, 30, 846201,                                             492736, 3.190150260925293, 108.19258880615234
1116, -869.4214928373694, 4, 57.698431010001514, 1348, 847549,                                             494084, 3.3664779663085938, 108.2369613647461
1117, -12.422343954443932, 1, 9.923564029999397, 224, 847773,                                             494308, 3.3139379024505615, 108.0392837524414
1118, -991.9486639127135, 4, 57.49781825900209, 1331, 849104,                                             495639, 3.383500337600708, 108.14886474609375
1119, -38.60538396984339, 1, 20.76976346900119, 456, 849560,                                             496095, 3.382319688796997, 107.99885559082031
1120, -990.4788584709167, 4, 55.826004245998774, 1212, 850772,                                             497307, 3.3560805320739746, 107.97928619384766
1121, 61.19873981177807, 1, 3.703882263002015, 80, 850852,                                             497387, 3.3941562175750732, 108.3970718383789
1122, -150.55958034098148, 1, 19.770377897002618, 445, 851297,                                             497832, 3.329833745956421, 108.15446472167969
1123, -84.23353233933449, 1, 13.501941728001839, 303, 851600,                                             498135, 3.399064064025879, 107.90938568115234
1124, -1331.2705704420805, 1, 54.92262841900083, 1232, 852832,                                             499367, 3.294300079345703, 107.77877807617188
1125, -323.7289916276932, 1, 26.146225301999948, 589, 853421,                                             499956, 3.339862823486328, 107.77365112304688
1126, -998.8214919492602, 4, 57.11437814999954, 1316, 854737,                                             501272, 3.2997398376464844, 107.74382781982422
1127, -961.7399911358953, 1, 51.68196667600205, 1181, 855918,                                             502453, 3.3178250789642334, 107.63180541992188
1128, -899.2749918103218, 4, 57.296921861001465, 1315, 857233,                                             503768, 3.342787981033325, 107.52881622314453
1129, -141.0062142163515, 1, 21.800838806000684, 491, 857724,                                             504259, 3.356901168823242, 107.5350341796875
1130, -332.38721234351397, 1, 35.646606685000734, 761, 858485,                                             505020, 3.316946268081665, 107.34159088134766
1131, -804.4957346618176, 2, 41.99926226300158, 918, 859403,                                             505938, 3.3405346870422363, 107.38549041748047
1132, -84.71646566689014, 1, 16.977709957001935, 378, 859781,                                             506316, 3.3878917694091797, 107.3159408569336
1133, -251.2461705505848, 2, 5.11395617600283, 111, 859892,                                             506427, 3.402092456817627, 107.47151947021484
1134, 80.63346882164478, 1, 2.9230674740028917, 66, 859958,                                             506493, 3.285616874694824, 107.44065856933594
1135, -833.3954797014594, 1, 50.72186905699709, 1150, 861108,                                             507643, 3.3379902839660645, 107.15804290771484
1136, -393.3103760331869, 2, 13.148803277999832, 295, 861403,                                             507938, 3.307917356491089, 106.95629119873047
1137, -718.9375859573483, 4, 56.9558437889973, 1299, 862702,                                             509237, 3.322997808456421, 107.05089569091797
1138, 43.092248409986496, 1, 6.701752947999921, 150, 862852,                                             509387, 3.2886393070220947, 107.22587585449219
1139, -431.4245252609253, 2, 16.560182982000697, 371, 863223,                                             509758, 3.3042502403259277, 107.06986236572266
1140, 17.985124096274376, 1, 9.560820888000308, 217, 863440,                                             509975, 3.344223976135254, 106.97415924072266
1141, -709.0636122450233, 4, 57.681975213999976, 1311, 864751,                                             511286, 3.3016278743743896, 106.85256958007812
1142, -279.7097205892205, 1, 28.2479938280012, 642, 865393,                                             511928, 3.3414363861083984, 106.88479614257812
1143, -717.3943862766027, 4, 53.465192121002474, 1168, 866561,                                             513096, 3.322197675704956, 106.81309509277344
1144, 20.972456485033035, 1, 6.553995483001927, 138, 866699,                                             513234, 3.3131699562072754, 106.63233947753906
1145, -421.28633534908295, 1, 45.99724160999904, 997, 867696,                                             514231, 3.292513132095337, 106.62202453613281
1146, -646.6298215687275, 1, 38.01994588600064, 854, 868550,                                             515085, 3.3104963302612305, 106.52033996582031
1147, -910.4411234855652, 1, 50.88078044500071, 1141, 869691,                                             516226, 3.3445026874542236, 106.52792358398438
1148, -1181.2212953865528, 4, 56.86120122600187, 1284, 870975,                                             517510, 3.3062918186187744, 106.47978973388672
1149, -17.57583911716938, 1, 12.12509824099834, 272, 871247,                                             517782, 3.296257734298706, 106.58197021484375
1150, -233.6933753490448, 2, 3.7023572720027005, 76, 871323,                                             517858, 3.3262429237365723, 106.3123550415039
1151, -344.96576833724976, 2, 16.89856795399828, 376, 871699,                                             518234, 3.2442827224731445, 106.19996643066406
1152, -7.132494434714317, 1, 12.544690541002637, 282, 871981,                                             518516, 3.375720977783203, 106.35926055908203
1153, -270.66218078136444, 2, 5.913488468999276, 127, 872108,                                             518643, 3.2274060249328613, 106.26812744140625
1154, -45.71922927349806, 1, 12.139440517999901, 268, 872376,                                             518911, 3.300978899002075, 106.31182098388672
1155, -293.9801017343998, 2, 7.937161418998585, 177, 872553,                                             519088, 3.3117809295654297, 106.64176177978516
1156, -256.5663280785084, 1, 31.456974035998428, 714, 873267,                                             519802, 3.3085739612579346, 106.3194580078125
1157, -952.7335083931684, 4, 55.81302782000057, 1234, 874501,                                             521036, 3.3355746269226074, 106.41043853759766
1158, -859.0393711030483, 4, 54.064954120996845, 1146, 875647,                                             522182, 3.283571481704712, 106.28993225097656
1159, -187.03587593883276, 1, 21.81662545799918, 474, 876121,                                             522656, 3.247187852859497, 106.085205078125
1160, -267.963948212564, 1, 34.81603646900112, 777, 876898,                                             523433, 3.3308587074279785, 106.18070220947266
1161, -928.178979948163, 4, 57.69930037300219, 1283, 878181,                                             524716, 3.2878572940826416, 106.03337860107422
1162, -165.4745434820652, 1, 25.788245575000474, 573, 878754,                                             525289, 3.355353593826294, 106.0889663696289
1163, -221.18845483660698, 2, 2.508690950999153, 53, 878807,                                             525342, 3.174835205078125, 106.0596694946289
1164, 19.23889860510826, 1, 10.699921837000147, 234, 879041,                                             525576, 3.301614761352539, 106.18889617919922
1165, -1435.6446722745895, 4, 56.014987790000305, 1243, 880284,                                             526819, 3.3054401874542236, 106.06140899658203
1166, -0.3708959221839905, 1, 9.126163213000837, 201, 880485,                                             527020, 3.29225754737854, 106.0184555053711
1167, -356.4302331209183, 1, 26.34369132700158, 587, 881072,                                             527607, 3.393134117126465, 106.12195587158203
1168, -156.57929214835167, 1, 20.797404457000084, 471, 881543,                                             528078, 3.2969467639923096, 105.97183990478516
1169, -1031.120334237814, 4, 55.62917343799927, 1222, 882765,                                             529300, 3.3535618782043457, 105.97286224365234
1170, 29.384030252695084, 1, 6.904370530999586, 140, 882905,                                             529440, 3.296489953994751, 105.56216430664062
1171, -889.0595635771751, 4, 55.79581050100023, 1187, 884092,                                             530627, 3.3359060287475586, 106.00640869140625
1172, -1505.1057196259499, 4, 51.58044604599854, 1140, 885232,                                             531767, 3.3397836685180664, 105.95337677001953
1173, -1568.9723237156868, 4, 56.04119353900023, 1242, 886474,                                             533009, 3.296630382537842, 105.9355239868164
1174, -1.1366914808750153, 1, 11.132769646999805, 239, 886713,                                             533248, 3.3876020908355713, 105.90061950683594
1175, -1308.820818901062, 4, 57.11408527599997, 1262, 887975,                                             534510, 3.336228132247925, 105.92851257324219
1176, -1290.978666946292, 4, 56.872632106998935, 1262, 889237,                                             535772, 3.297546625137329, 105.8687744140625
1177, 81.00575353205204, 1, 2.6770378910005093, 54, 889291,                                             535826, 3.07525372505188, 106.04215240478516
1178, -781.6786337643862, 4, 56.52205775100083, 1256, 890547,                                             537082, 3.340475082397461, 105.87077331542969
1179, -264.57687360048294, 2, 8.09647716299878, 170, 890717,                                             537252, 3.2973334789276123, 105.832763671875
1180, -680.0151983350515, 1, 35.001502975999756, 718, 891435,                                             537970, 3.3259196281433105, 105.65448760986328
1181, -252.11720752716064, 2, 1.8259177709987853, 33, 891468,                                             538003, 3.295708417892456, 106.06066131591797
1182, -31.491235859692097, 1, 13.709229146003054, 282, 891750,                                             538285, 3.3752806186676025, 105.83850860595703
1183, -259.04456033557653, 1, 33.985141651999584, 717, 892467,                                             539002, 3.3442771434783936, 105.85214233398438
1184, -265.7007182985544, 1, 24.39347935099795, 530, 892997,                                             539532, 3.3957014083862305, 105.88899230957031
1185, -86.38838124275208, 5, 1.6814156340005866, 30, 893027,                                             539562, 3.1996634006500244, 106.08875274658203
1186, 31.514826610684395, 1, 7.720105487998808, 162, 893189,                                             539724, 3.3499975204467773, 105.8378677368164
1187, -1724.3704336732626, 4, 55.60352984600104, 1217, 894406,                                             540941, 3.355456590652466, 105.74413299560547
1188, -1479.465333223343, 4, 54.062766054998065, 1191, 895597,                                             542132, 3.341339588165283, 105.75379180908203
1189, -1123.597616031766, 4, 56.8797417679998, 1252, 896849,                                             543384, 3.369145631790161, 105.91327667236328
1190, -1127.298344090581, 4, 57.72441738500129, 1272, 898121,                                             544656, 3.3251078128814697, 105.90345001220703
1191, -882.6736576929688, 4, 56.61812446000113, 1174, 899295,                                             545830, 3.35288143157959, 105.85840606689453
1192, 46.18805132806301, 1, 7.710661380999227, 153, 899448,                                             545983, 3.3396317958831787, 106.11202239990234
1193, -582.6373298466206, 4, 53.34574824900119, 1117, 900565,                                             547100, 3.3744239807128906, 106.00205993652344
1194, -36.10106731951237, 1, 16.75719131999722, 360, 900925,                                             547460, 3.30526065826416, 105.93383026123047
1195, -450.50266309827566, 1, 35.01080860300135, 753, 901678,                                             548213, 3.3779942989349365, 105.8029556274414
1196, -390.7407333254814, 2, 21.31636796100065, 462, 902140,                                             548675, 3.393714189529419, 105.76362609863281
1197, -284.44062815606594, 1, 28.740551051003422, 627, 902767,                                             549302, 3.4334123134613037, 105.80999755859375
1198, -215.81342560052872, 2, 1.5224584759998834, 30, 902797,                                             549332, 3.226057767868042, 106.11801147460938
1199, -950.0411498397589, 4, 56.84808781800166, 1242, 904039,                                             550574, 3.364182710647583, 105.9563217163086
1200, -626.5809212699533, 4, 51.586527077997744, 1126, 905165,                                             551700, 3.3771438598632812, 105.87567138671875
1201, -278.2586164176464, 1, 25.48368134699922, 551, 905716,                                             552251, 3.330716609954834, 105.97368621826172
1202, -469.3444052413106, 1, 28.166616532998887, 606, 906322,                                             552857, 3.3571949005126953, 105.95642852783203
1203, -272.96114161610603, 2, 6.337761211998441, 135, 906457,                                             552992, 3.301847219467163, 105.91934204101562
1204, -97.05374972522259, 1, 23.156813890000194, 479, 906936,                                             553471, 3.414409875869751, 105.8724136352539
1205, -525.4800905734301, 1, 53.607471998999245, 1106, 908042,                                             554577, 3.368309259414673, 105.97557067871094
1206, -364.1461504101753, 1, 41.61025065300055, 896, 908938,                                             555473, 3.4009947776794434, 105.66526794433594
1207, -124.49176834523678, 1, 17.751638797999476, 380, 909318,                                             555853, 3.3731014728546143, 105.68295288085938
1208, -48.50023804605007, 1, 19.953062952998152, 434, 909752,                                             556287, 3.3286473751068115, 105.72018432617188
1209, -175.25445871055126, 1, 24.945651908998116, 504, 910256,                                             556791, 3.4290261268615723, 105.84953308105469
1210, -704.3247689157724, 4, 57.637854741999035, 1196, 911452,                                             557987, 3.421548366546631, 105.69842529296875
1211, -751.033088542521, 4, 56.73138468600155, 1201, 912653,                                             559188, 3.3602116107940674, 105.66588592529297
1212, 23.64191162586212, 1, 8.13939490499979, 169, 912822,                                             559357, 3.2989284992218018, 105.93179321289062
1213, -773.0251620337367, 4, 55.625645578998956, 1184, 914006,                                             560541, 3.430506467819214, 105.82096862792969
1214, 35.186631456017494, 1, 8.146370362999733, 173, 914179,                                             560714, 3.550346612930298, 105.85099029541016
1215, -468.1443461999297, 1, 52.23567286099933, 1072, 915251,                                             561786, 3.385892629623413, 105.57014465332031
1216, -283.67664186656475, 1, 32.60203420800099, 669, 915920,                                             562455, 3.398268938064575, 105.72777557373047
1217, -742.8930274248123, 4, 53.84920271200099, 1135, 917055,                                             563590, 3.437220811843872, 105.73699188232422
1218, -57.02914671599865, 1, 14.327466356000514, 308, 917363,                                             563898, 3.423210620880127, 105.49491119384766
1219, -1709.676608428359, 4, 57.81102316900069, 1243, 918606,                                             565141, 3.38142466545105, 105.66704559326172
1220, -654.1210658252239, 4, 53.246332956001424, 1120, 919726,                                             566261, 3.430995464324951, 105.69287109375
1221, 85.25969541072845, 1, 2.4020403750000696, 45, 919771,                                             566306, 3.672924757003784, 105.33455657958984
1222, -700.6357830166817, 4, 55.399818057998345, 1171, 920942,                                             567477, 3.4309990406036377, 105.5973892211914
1223, -946.785781674087, 4, 57.50483051000265, 1242, 922184,                                             568719, 3.4459800720214844, 105.5875473022461
1224, 75.58560919761658, 1, 3.1066878889978398, 60, 922244,                                             568779, 3.376934766769409, 105.81562042236328
1225, -511.36038821935654, 2, 32.16289291800058, 655, 922899,                                             569434, 3.38350248336792, 105.53038787841797
1226, -1026.1506847813725, 4, 54.983001175001846, 1132, 924031,                                             570566, 3.4536614418029785, 105.57701110839844
1227, -829.6250213459134, 4, 56.708034008999675, 1131, 925162,                                             571697, 3.4388558864593506, 105.71509552001953
1228, 52.82427527755499, 1, 6.112294014001236, 120, 925282,                                             571817, 3.532383680343628, 105.61282348632812
1229, -219.71796318888664, 1, 35.17729601300016, 734, 926016,                                             572551, 3.4575295448303223, 105.57807922363281
1230, -142.59916262328625, 1, 27.538871870001458, 583, 926599,                                             573134, 3.4477155208587646, 105.39700317382812
1231, -1230.2332718521357, 4, 57.67710644800172, 1211, 927810,                                             574345, 3.4689459800720215, 105.50472259521484
1232, -310.44617411494255, 2, 15.75773764800033, 334, 928144,                                             574679, 3.444669008255005, 105.35816955566406
1233, -137.88198195397854, 1, 20.730619489000674, 439, 928583,                                             575118, 3.366358518600464, 105.21871185302734
1234, -79.49488462507725, 1, 16.160085962001176, 344, 928927,                                             575462, 3.398329734802246, 105.72651672363281
1235, -827.8123589530587, 4, 57.60941549400013, 1223, 930150,                                             576685, 3.415069341659546, 105.31332397460938
1236, -640.1968221962452, 4, 57.61033707000024, 1157, 931307,                                             577842, 3.4076626300811768, 105.29499053955078
1237, 24.652588918805122, 1, 9.324022581000463, 186, 931493,                                             578028, 3.4397668838500977, 105.31279754638672
1238, -1066.0949889868498, 4, 56.87188906400115, 1198, 932691,                                             579226, 3.4046876430511475, 105.10562896728516
1239, -794.3722225427628, 4, 56.813465133000136, 1200, 933891,                                             580426, 3.4019641876220703, 105.24146270751953
1240, 58.63578776270151, 1, 5.128079759000684, 108, 933999,                                             580534, 3.4156291484832764, 104.52701568603516
1241, -1142.2568299174309, 4, 57.12328851500206, 1202, 935201,                                             581736, 3.407224178314209, 105.11859893798828
1242, -703.941710755229, 4, 56.65788802300085, 1200, 936401,                                             582936, 3.385423183441162, 105.08784484863281
1243, 34.664282381534576, 1, 7.519915865999792, 156, 936557,                                             583092, 3.2977678775787354, 104.78453826904297
1244, -1244.9800954163074, 4, 57.035978455001896, 1201, 937758,                                             584293, 3.3897359371185303, 104.9213638305664
1245, -32.48138444125652, 1, 13.950817525001185, 288, 938046,                                             584581, 3.428767204284668, 104.92152404785156
1246, -1082.241553351283, 4, 57.19076592200145, 1141, 939187,                                             585722, 3.379840850830078, 104.87117767333984
1247, -477.31603559851646, 1, 31.801691597000172, 663, 939850,                                             586385, 3.407083749771118, 104.83830261230469
1248, -1227.6110244989395, 4, 57.09111398400273, 1192, 941042,                                             587577, 3.3941433429718018, 105.08085632324219
1249, -49.5654129832983, 1, 11.945592861997284, 248, 941290,                                             587825, 3.5065975189208984, 105.15206146240234
1250, -834.6279171556234, 4, 55.58059179400152, 1161, 942451,                                             588986, 3.4263052940368652, 104.93197631835938
1251, -1070.8285655975342, 4, 55.086543607998465, 1153, 943604,                                             590139, 3.358093023300171, 104.96717834472656
1252, -598.69200579077, 4, 53.26231980599914, 1111, 944715,                                             591250, 3.402337074279785, 104.84310150146484
1253, -786.5317630171776, 4, 56.82280439599708, 1172, 945887,                                             592422, 3.4170382022857666, 104.91497802734375
1254, 1.6034066528081894, 1, 9.341184401997452, 185, 946072,                                             592607, 3.319413423538208, 104.80268096923828
1255, -1237.155231833458, 4, 57.260078780000185, 1151, 947223,                                             593758, 3.4092369079589844, 104.81173706054688
1256, -332.61645671725273, 1, 26.713004543998977, 551, 947774,                                             594309, 3.428147315979004, 104.70743560791016
1257, -733.8873630315065, 4, 57.79579249000017, 1195, 948969,                                             595504, 3.449242353439331, 104.8292007446289
1258, -392.5919604972005, 1, 39.401479756998015, 815, 949784,                                             596319, 3.3421287536621094, 104.61669921875
1259, -563.230333648622, 1, 55.290164111997, 1136, 950920,                                             597455, 3.3925538063049316, 104.72445678710938
1260, -804.5589339882135, 4, 53.00226736799959, 1098, 952018,                                             598553, 3.3765869140625, 104.68533325195312
1261, -89.7769039273262, 1, 15.998018692000187, 330, 952348,                                             598883, 3.4027161598205566, 104.58452606201172
1262, -266.3844835460186, 2, 6.689998762998584, 135, 952483,                                             599018, 3.26470685005188, 104.56102752685547
1263, -45.73470911383629, 1, 17.89329773800273, 373, 952856,                                             599391, 3.415968894958496, 104.82286834716797
1264, -34.816947638988495, 1, 18.755205340999964, 382, 953238,                                             599773, 3.3986973762512207, 104.72728729248047
1265, -1011.7061559259892, 4, 56.768693499998335, 1127, 954365,                                             600900, 3.4227705001831055, 104.61402130126953
1266, -603.4235631749034, 4, 54.961905981999735, 1121, 955486,                                             602021, 3.4120945930480957, 104.70437622070312
1267, -5.972285404801369, 1, 11.742432895000093, 234, 955720,                                             602255, 3.363988161087036, 104.77993774414062
1268, -214.7351784557104, 1, 28.70033962800153, 592, 956312,                                             602847, 3.3720955848693848, 104.45215606689453
1269, -634.0204211398959, 1, 51.215452593998634, 1047, 957359,                                             603894, 3.4255478382110596, 104.52569580078125
1270, -758.8500019609928, 2, 35.20059367199792, 727, 958086,                                             604621, 3.3826334476470947, 104.52725982666016
1271, -0.971968412399292, 1, 13.320995100999426, 268, 958354,                                             604889, 3.372100353240967, 104.39826202392578
1272, -643.5957296043634, 4, 56.78672785499657, 1171, 959525,                                             606060, 3.4337868690490723, 104.45479583740234
1273, -666.4943965673447, 4, 56.72333349700057, 1173, 960698,                                             607233, 3.3526804447174072, 104.354248046875
1274, -44.68762722611427, 1, 19.36522043700097, 391, 961089,                                             607624, 3.371466875076294, 104.56178283691406
1275, -637.195508569479, 4, 56.75885426400055, 1108, 962197,                                             608732, 3.373669147491455, 104.29942321777344
1276, -1310.1491807848215, 4, 57.39171948500007, 1171, 963368,                                             609903, 3.3326401710510254, 104.22118377685547
1277, -65.17280305922031, 1, 19.311541809998744, 394, 963762,                                             610297, 3.3584742546081543, 104.08533477783203
1278, -224.72204086184502, 2, 3.7036908339978254, 70, 963832,                                             610367, 3.395878791809082, 104.4810562133789
1279, 2.578465223312378, 1, 14.354539831001603, 293, 964125,                                             610660, 3.459994077682495, 104.21038055419922
1280, -226.58671855926514, 1, 36.54345191899847, 746, 964871,                                             611406, 3.4243180751800537, 104.22274017333984
1281, -431.35123521089554, 1, 39.32290514000124, 804, 965675,                                             612210, 3.387946844100952, 104.10956573486328
1282, -205.35795118659735, 1, 28.926584778000688, 589, 966264,                                             612799, 3.391657590866089, 104.07301330566406
1283, -209.78979510813951, 1, 34.74652144200081, 709, 966973,                                             613508, 3.3551108837127686, 103.91381072998047
1284, -21.89564774930477, 1, 15.542179807998764, 316, 967289,                                             613824, 3.4210124015808105, 104.1993637084961
1285, -688.979610323906, 4, 57.39550460200189, 1173, 968462,                                             614997, 3.3586318492889404, 103.90077209472656
1286, -615.0225606709719, 4, 56.59297606399923, 1110, 969572,                                             616107, 3.3853671550750732, 103.97936248779297
1287, -155.84954015910625, 1, 16.92261669999789, 330, 969902,                                             616437, 3.346623182296753, 103.82301330566406
1288, -1374.6588356941938, 4, 57.07935130899932, 1161, 971063,                                             617598, 3.409179210662842, 103.97966766357422
1289, -545.811226695776, 4, 55.70570157399925, 1137, 972200,                                             618735, 3.365847587585449, 103.7702407836914
1290, -605.2817199975252, 4, 56.39763108899933, 1157, 973357,                                             619892, 3.3705716133117676, 103.96826934814453
1291, 88.7223983258009, 1, 1.5522732170029485, 30, 973387,                                             619922, 3.27011775970459, 103.39933013916016
1292, -595.9982322826982, 4, 54.14449414400224, 1108, 974495,                                             621030, 3.3551688194274902, 103.77543640136719
1293, -286.9452590569854, 1, 31.93382446599935, 628, 975123,                                             621658, 3.4095945358276367, 103.78022003173828
1294, -435.81342746317387, 1, 41.71959598899775, 849, 975972,                                             622507, 3.3755106925964355, 103.77733612060547
1295, -562.4685401692986, 4, 53.80309892399964, 1049, 977021,                                             623556, 3.303586006164551, 103.63551330566406
1296, -43.6936509385705, 1, 13.851244604997191, 270, 977291,                                             623826, 3.3207998275756836, 103.5869140625
1297, -729.3305614814162, 4, 56.06071326299934, 1132, 978423,                                             624958, 3.2718379497528076, 103.38870239257812
1298, 75.97438997030258, 1, 2.725772311001492, 51, 978474,                                             625009, 3.505114793777466, 103.01133728027344
1299, -190.21793583780527, 1, 28.496199795001303, 573, 979047,                                             625582, 3.3525962829589844, 103.44756317138672
1300, -311.6760610714555, 1, 43.15515822200177, 880, 979927,                                             626462, 3.3527159690856934, 103.21012878417969
1301, -758.1271220222116, 4, 56.614966394001385, 1150, 981077,                                             627612, 3.3802731037139893, 103.25193786621094
1302, -669.6665620878339, 4, 57.30489148500055, 1169, 982246,                                             628781, 3.3208446502685547, 103.30560302734375
1303, -705.2242850884795, 4, 53.34354934099974, 1081, 983327,                                             629862, 3.277442216873169, 103.09314727783203
1304, 10.642821043729782, 1, 6.662037681999209, 133, 983460,                                             629995, 3.3547263145446777, 102.76685333251953
1305, -390.69480519741774, 1, 44.909048077999614, 866, 984326,                                             630861, 3.331185817718506, 103.04100036621094
1306, -318.97253239154816, 1, 36.09600501999739, 716, 985042,                                             631577, 3.3361687660217285, 102.84661102294922
1307, -670.5610314905643, 4, 57.07412699999986, 1156, 986198,                                             632733, 3.3366570472717285, 102.88092803955078
1308, -71.40570942312479, 1, 21.460792303001654, 429, 986627,                                             633162, 3.356602668762207, 102.85295867919922
1309, -214.7288520336151, 2, 2.9278801280015614, 55, 986682,                                             633217, 3.376842498779297, 102.95945739746094
1310, -5.103991821408272, 1, 11.930587680999452, 238, 986920,                                             633455, 3.2745840549468994, 102.86408996582031
1311, -1076.6502748578787, 4, 56.72360748400024, 1154, 988074,                                             634609, 3.2879085540771484, 102.78755187988281
1312, 20.70516212284565, 1, 12.132307177998882, 240, 988314,                                             634849, 3.237581729888916, 102.7240982055664
1313, -947.058430634439, 4, 56.858395223000116, 1154, 989468,                                             636003, 3.319589376449585, 102.5163345336914
1314, 53.29237946867943, 1, 7.1064156139982515, 140, 989608,                                             636143, 3.341433525085449, 102.3864974975586
1315, -724.5232948586345, 1, 42.3855048200021, 859, 990467,                                             637002, 3.3145201206207275, 102.39227294921875
1316, -1041.3740201592445, 4, 53.372621317001176, 1041, 991508,                                             638043, 3.3379526138305664, 102.6227035522461
1317, -692.4449702352285, 4, 56.38130604400067, 1101, 992609,                                             639144, 3.335663080215454, 102.3280029296875
1318, -1126.8395578116179, 4, 56.29996703600045, 1103, 993712,                                             640247, 3.287013292312622, 102.25204467773438
1319, 20.22430270910263, 1, 8.074839991000772, 155, 993867,                                             640402, 3.248413324356079, 102.28419494628906
1320, -151.86085949838161, 1, 22.811385232002067, 464, 994331,                                             640866, 3.288970947265625, 102.2348403930664
1321, -238.51053501665592, 1, 40.658788271997764, 819, 995150,                                             641685, 3.3526320457458496, 102.27143096923828
1322, -184.66154244542122, 1, 27.69557791400075, 557, 995707,                                             642242, 3.286052703857422, 102.11567687988281
1323, -66.08951260149479, 1, 20.820485919997736, 417, 996124,                                             642659, 3.289547920227051, 101.91262817382812
1324, -51.21842993795872, 1, 20.36778395299916, 403, 996527,                                             643062, 3.3005878925323486, 102.09306335449219
1325, -770.5489989966154, 4, 56.84106042500207, 1148, 997675,                                             644210, 3.293874740600586, 101.98564147949219
1326, -79.13407136499882, 1, 17.246434726999723, 346, 998021,                                             644556, 3.3476431369781494, 102.02566528320312
1327, -521.3987810090184, 4, 52.065510387998074, 998, 999019,                                             645554, 3.251966714859009, 101.90028381347656
1328, 29.172605022788048, 1, 6.2311305580005865, 116, 999135,                                             645670, 3.4043853282928467, 101.75390625
1329, -617.8477156981826, 4, 53.71712466199824, 1048, 1000183,                                             646718, 3.206646203994751, 101.85579681396484
1330, 64.97160241007805, 1, 5.106403603000217, 100, 1000283,                                             646818, 3.3649182319641113, 101.58312225341797
1331, -704.369399279356, 4, 55.2537104969997, 1108, 1001391,                                             647926, 3.2727584838867188, 101.64669799804688
1332, 64.68585765361786, 1, 3.5269460119998257, 69, 1001460,                                             647995, 3.2503609657287598, 101.40392303466797
1333, -677.8596659377217, 4, 54.78091401100028, 1096, 1002556,                                             649091, 3.2335493564605713, 101.4938735961914
1334, 69.48371863365173, 1, 3.1180636279968894, 58, 1002614,                                             649149, 3.2717652320861816, 101.56643676757812
1335, -396.6310325860977, 1, 45.13552394099679, 904, 1003518,                                             650053, 3.2844345569610596, 101.39569091796875
1336, -640.4158403873444, 4, 53.71300407600211, 1081, 1004599,                                             651134, 3.2577438354492188, 101.37359619140625
1337, -299.22207599133253, 1, 26.837861503001477, 537, 1005136,                                             651671, 3.2864551544189453, 101.3615951538086
1338, -213.88731688261032, 2, 3.714522959002352, 67, 1005203,                                             651738, 3.187241792678833, 101.67882537841797
1339, -95.82035897672176, 1, 16.6395814230018, 331, 1005534,                                             652069, 3.2526943683624268, 101.32122039794922
1340, -70.1597878485918, 1, 17.921412931002124, 337, 1005871,                                             652406, 3.2296135425567627, 101.56497955322266
1341, -80.52484230697155, 1, 23.640654662998713, 448, 1006319,                                             652854, 3.282041311264038, 101.37599182128906
1342, -101.12033440172672, 1, 15.832523384000524, 296, 1006615,                                             653150, 3.444683790206909, 101.3421630859375
1343, -513.8679253384471, 4, 52.92455821000112, 1045, 1007660,                                             654195, 3.2604575157165527, 101.21581268310547
1344, -251.7287416383624, 1, 33.473625410999375, 665, 1008325,                                             654860, 3.2158000469207764, 101.0314712524414
1345, -252.34262420982122, 1, 23.81625032500233, 470, 1008795,                                             655330, 3.2439143657684326, 101.34049224853516
1346, -224.38905451446772, 1, 32.64276063500074, 651, 1009446,                                             655981, 3.269871711730957, 101.04010772705078
1347, -701.2995380237699, 4, 56.98927657799868, 1128, 1010574,                                             657109, 3.2426347732543945, 101.08507537841797
1348, -761.1611857935786, 4, 56.18426680599805, 1120, 1011694,                                             658229, 3.241150379180908, 100.86851501464844
1349, -736.8149159252644, 4, 53.268227511001896, 1059, 1012753,                                             659288, 3.2289631366729736, 100.7680892944336
1350, 73.66408622264862, 1, 3.1558795950004424, 30, 1012783,                                             659318, 3.0709168910980225, 99.93016815185547
1351, -73.60472059249878, 1, 24.395149668998783, 459, 1013242,                                             659777, 3.1988654136657715, 100.72159576416016
1352, -215.14054411649704, 1, 31.656005912998808, 602, 1013844,                                             660379, 3.2501509189605713, 100.63410186767578
1353, -422.4784035757184, 1, 40.710693711000204, 791, 1014635,                                             661170, 3.192807197570801, 100.53345489501953
1354, -102.14099758863449, 1, 25.184796231998916, 499, 1015134,                                             661669, 3.213677406311035, 100.47695922851562
1355, -174.42538638412952, 1, 27.40838166499816, 543, 1015677,                                             662212, 3.239138126373291, 100.84074401855469
1356, -244.16156296432018, 1, 27.224898625001515, 535, 1016212,                                             662747, 3.193068504333496, 100.592529296875
1357, -1259.9119377732277, 4, 56.9357826359992, 1127, 1017339,                                             663874, 3.250546455383301, 100.34645080566406
1358, -1.2135252356529236, 1, 10.144133609999699, 197, 1017536,                                             664071, 3.2693018913269043, 100.40522766113281
1359, -149.86079341173172, 1, 29.207960314000957, 576, 1018112,                                             664647, 3.2628719806671143, 100.40982055664062
1360, -573.8694760203362, 4, 55.32366123000247, 1103, 1019215,                                             665750, 3.253817558288574, 100.26312255859375
1361, -9.425277583301067, 1, 13.964300175997778, 275, 1019490,                                             666025, 3.1314611434936523, 100.07940673828125
1362, -122.00759525597095, 1, 23.389019622001797, 459, 1019949,                                             666484, 3.17917537689209, 100.27696990966797
1363, -371.57749262452126, 1, 48.375918564997846, 912, 1020861,                                             667396, 3.2608866691589355, 100.26043701171875
1364, -555.5318084433675, 4, 53.645841082001425, 1027, 1021888,                                             668423, 3.237020492553711, 100.1811294555664
1365, -94.12562001496553, 1, 15.518187318997661, 308, 1022196,                                             668731, 3.177050828933716, 99.89350128173828
1366, -37.73272892832756, 1, 19.15539556600197, 375, 1022571,                                             669106, 3.3283939361572266, 100.17780303955078
1367, -958.8615934997797, 4, 56.52651156600041, 1118, 1023689,                                             670224, 3.256800889968872, 100.18731689453125
1368, -535.437805712223, 4, 54.50137250999978, 1081, 1024770,                                             671305, 3.2508912086486816, 100.32117462158203
1369, -750.6892352625728, 4, 56.14940085900162, 1114, 1025884,                                             672419, 3.2223870754241943, 100.03522491455078
1370, 67.08331844210625, 1, 4.330671382002038, 82, 1025966,                                             672501, 3.225120782852173, 99.5455093383789
1371, -784.7757563963532, 4, 57.307893475997844, 1138, 1027104,                                             673639, 3.2496674060821533, 100.06538391113281
1372, -91.27546363323927, 1, 21.943667977997393, 427, 1027531,                                             674066, 3.2751166820526123, 99.82698822021484
1373, -331.8047481626272, 1, 46.61472470599983, 867, 1028398,                                             674933, 3.2600607872009277, 99.8663330078125
1374, -88.33917535841465, 1, 18.567069065997202, 353, 1028751,                                             675286, 3.1607203483581543, 99.875
1375, -1180.2377670705318, 4, 56.28092450799886, 1092, 1029843,                                             676378, 3.2114009857177734, 99.81362915039062
1376, 57.870197147130966, 1, 7.134750985002029, 137, 1029980,                                             676515, 3.298016309738159, 99.90398406982422
1377, -566.2908472120762, 1, 51.47675087799871, 1000, 1030980,                                             677515, 3.2456612586975098, 99.84357452392578
1378, -681.901471413672, 4, 56.739819058999274, 1111, 1032091,                                             678626, 3.192141532897949, 99.79532623291016
1379, -23.901266388595104, 1, 18.345444726997812, 354, 1032445,                                             678980, 3.170989513397217, 99.83544158935547
1380, -612.6916872113943, 1, 47.203912876000686, 924, 1033369,                                             679904, 3.2651114463806152, 99.94053649902344
1381, -595.8258586451411, 1, 48.57463642499715, 951, 1034320,                                             680855, 3.2178547382354736, 99.77253723144531
1382, -703.7171171531081, 4, 55.901305330997275, 1052, 1035372,                                             681907, 3.222729206085205, 99.6221694946289
1383, 78.29892358183861, 1, 1.8786919440026395, 30, 1035402,                                             681937, 3.1963255405426025, 99.63459777832031
1384, -514.6107311472297, 4, 53.62041242499981, 1026, 1036428,                                             682963, 3.221362590789795, 99.61630249023438
1385, 40.94915837049484, 1, 6.133064967998507, 119, 1036547,                                             683082, 3.1475231647491455, 99.42341613769531
1386, -733.8480906188488, 4, 55.07874023199838, 1070, 1037617,                                             684152, 3.2354419231414795, 99.6783676147461
1387, -698.1888026893139, 4, 54.835124998997344, 1070, 1038687,                                             685222, 3.2172346115112305, 99.56861877441406
1388, -188.37888333201408, 1, 25.15191564199995, 484, 1039171,                                             685706, 3.157335042953491, 99.42951965332031
1389, -871.3512994423509, 4, 54.596464612997806, 1060, 1040231,                                             686766, 3.1563222408294678, 99.43285369873047
1390, -283.577711828053, 1, 35.568379324999114, 694, 1040925,                                             687460, 3.1766903400421143, 99.36536407470703
1391, -157.29467574506998, 1, 16.281012363000627, 321, 1041246,                                             687781, 3.194024085998535, 99.51041412353516
1392, -381.8845065385103, 1, 45.827891772998555, 868, 1042114,                                             688649, 3.190840721130371, 99.46955108642578
1393, -634.7196715176105, 4, 56.407448957997985, 1048, 1043162,                                             689697, 3.193101406097412, 99.25428009033203
1394, -802.4400486424565, 4, 55.038746787999116, 1064, 1044226,                                             690761, 3.208056688308716, 99.23550415039062
1395, -575.9561411291361, 4, 53.27144796200082, 1026, 1045252,                                             691787, 3.1777396202087402, 99.32721710205078
1396, 20.08663599193096, 1, 6.727357470001152, 129, 1045381,                                             691916, 3.2474026679992676, 99.15939331054688
1397, -122.6193964779377, 1, 23.979799147997255, 461, 1045842,                                             692377, 3.1993842124938965, 99.116943359375
1398, -648.547270566225, 4, 56.63881764300095, 1096, 1046938,                                             693473, 3.231724262237549, 99.17801666259766
1399, -40.64349973201752, 1, 14.297786588002054, 275, 1047213,                                             693748, 3.1334900856018066, 99.007568359375
1400, -84.96957983076572, 1, 19.96049005399982, 377, 1047590,                                             694125, 3.318281650543213, 99.17485046386719
1401, -304.6660942956805, 1, 40.68257812500087, 780, 1048370,                                             694905, 3.1871166229248047, 99.08312225341797
1402, -46.278805792331696, 1, 16.74094099300055, 317, 1048687,                                             695222, 3.2936267852783203, 98.74248504638672
1403, -227.83508490025997, 1, 31.008794138000667, 574, 1049261,                                             695796, 3.1835248470306396, 99.03826141357422
1404, -206.75298529863358, 2, 1.9021182140022574, 32, 1049293,                                             695828, 3.1741044521331787, 98.79668426513672
1405, -615.2758640870452, 4, 56.050697472997854, 1043, 1050336,                                             696871, 3.2031614780426025, 98.78406524658203
1406, -540.7721229046583, 4, 55.63578646899987, 1071, 1051407,                                             697942, 3.198765277862549, 98.86358642578125
1407, 49.99126663804054, 1, 6.916152868001518, 126, 1051533,                                             698068, 3.137305498123169, 98.63556671142578
1408, -53.55812391638756, 1, 18.863227840000036, 366, 1051899,                                             698434, 3.2329461574554443, 98.62320709228516
1409, -514.6773324385285, 4, 53.39792101399871, 1032, 1052931,                                             699466, 3.201782464981079, 98.67607116699219
1410, -653.1095274090767, 4, 56.79944772200179, 1090, 1054021,                                             700556, 3.1953072547912598, 98.74798583984375
1411, -585.7002465948462, 4, 54.3448678470013, 1048, 1055069,                                             701604, 3.1970977783203125, 98.70539093017578
1412, -283.90406338870525, 1, 29.171443453000393, 562, 1055631,                                             702166, 3.2002670764923096, 98.68971252441406
1413, -402.5517960861325, 1, 53.014345178999065, 971, 1056602,                                             703137, 3.1889755725860596, 98.45833587646484
1414, -582.740293443203, 4, 56.17130086600082, 1047, 1057649,                                             704184, 3.168342113494873, 98.50321960449219
1415, -144.7336778640747, 1, 23.713313808002567, 455, 1058104,                                             704639, 3.114748954772949, 98.31473541259766
1416, -441.04102697968483, 1, 46.54844917900118, 888, 1058992,                                             705527, 3.1367549896240234, 98.35389709472656
1417, -672.5257703065872, 4, 55.159315213997616, 1058, 1060050,                                             706585, 3.154533863067627, 98.29943084716797
1418, 22.93299013376236, 1, 10.541700572000991, 196, 1060246,                                             706781, 3.1826581954956055, 98.0549545288086
1419, -828.4733300954103, 4, 56.214545587998145, 1070, 1061316,                                             707851, 3.165933132171631, 98.24861145019531
1420, -295.02167400717735, 1, 37.532022205999965, 723, 1062039,                                             708574, 3.1453123092651367, 98.26954650878906
1421, -853.7721362113953, 4, 56.38059676600096, 1062, 1063101,                                             709636, 3.223606824874878, 98.2661361694336
1422, 85.88047900795937, 1, 1.9185995680018095, 34, 1063135,                                             709670, 3.2853469848632812, 98.07499694824219
1423, -579.7628705427051, 4, 54.93265618299483, 996, 1064131,                                             710666, 3.15841007232666, 97.96870422363281
1424, -690.6675042062998, 4, 54.95535092499631, 1036, 1065167,                                             711702, 3.200528860092163, 98.0254135131836
1425, 14.912329010665417, 1, 14.367791634998866, 273, 1065440,                                             711975, 3.1623246669769287, 98.22786712646484
1426, -457.2160967886448, 1, 46.54345892800484, 881, 1066321,                                             712856, 3.154899835586548, 97.91065216064453
1427, -80.74634104967117, 1, 16.362474766006926, 310, 1066631,                                             713166, 3.1132256984710693, 97.80376434326172
1428, -152.77717871963978, 1, 25.521889690004173, 479, 1067110,                                             713645, 3.1177237033843994, 97.59139251708984
1429, -181.2921566069126, 1, 26.33917762899364, 497, 1067607,                                             714142, 3.1164042949676514, 97.64794921875
1430, -571.7555950060487, 4, 53.77906595800596, 1020, 1068627,                                             715162, 3.1542515754699707, 97.82439422607422
1431, 17.671363219618797, 1, 9.231804723996902, 173, 1068800,                                             715335, 3.154625654220581, 97.6475830078125
1432, -205.66296011209488, 1, 30.929026737998356, 593, 1069393,                                             715928, 3.1264238357543945, 97.8752212524414
1433, -402.3995610922575, 1, 38.90476352900441, 727, 1070120,                                             716655, 3.136382579803467, 97.58322143554688
1434, -786.6534700989723, 4, 56.5051926360029, 1023, 1071143,                                             717678, 3.1489696502685547, 97.56177520751953
1435, -619.9851974695921, 4, 53.41414143399743, 1011, 1072154,                                             718689, 3.120002269744873, 97.53190612792969
1436, 30.47525590658188, 1, 6.0152291799968225, 109, 1072263,                                             718798, 3.1473658084869385, 97.81488037109375
1437, -483.55069670826197, 4, 53.398096367003745, 1005, 1073268,                                             719803, 3.164588451385498, 97.48274993896484
1438, -27.036065638065338, 1, 11.474747494001349, 213, 1073481,                                             720016, 3.2377500534057617, 97.54552459716797
1439, -46.191709831357, 1, 17.514355450002768, 329, 1073810,                                             720345, 3.100048065185547, 97.59243774414062
1440, -647.7232317253947, 4, 55.70875825500116, 1043, 1074853,                                             721388, 3.1386873722076416, 97.48497772216797
1441, -51.13764348626137, 1, 19.052978334999352, 358, 1075211,                                             721746, 3.150588274002075, 97.25089263916016
1442, -371.59719985723495, 2, 5.531256700996892, 105, 1075316,                                             721851, 3.0925607681274414, 97.42328643798828
1443, 26.178961604833603, 1, 11.137558328999148, 207, 1075523,                                             722058, 3.2179582118988037, 97.70993041992188
1444, -632.0586397126317, 4, 56.33057667299727, 1063, 1076586,                                             723121, 3.1455671787261963, 97.34432220458984
1445, -511.3126069754362, 4, 54.89900191000197, 991, 1077577,                                             724112, 3.1433939933776855, 97.3756332397461
1446, 20.695190630853176, 1, 13.087428934006311, 231, 1077808,                                             724343, 3.1403443813323975, 97.43504333496094
1447, -546.70130905509, 4, 56.135439263998705, 1054, 1078862,                                             725397, 3.1436710357666016, 97.2154769897461
1448, 61.42159561812878, 1, 6.514594551998016, 118, 1078980,                                             725515, 3.0167548656463623, 97.29650115966797
1449, -683.6587926074862, 4, 55.918998501001624, 1050, 1080030,                                             726565, 3.1398863792419434, 97.18268585205078
1450, -627.8685351014137, 4, 55.075580242002616, 1009, 1081039,                                             727574, 3.1244046688079834, 97.10794067382812
1451, 28.503542095422745, 1, 10.435488472001452, 189, 1081228,                                             727763, 3.1678102016448975, 97.32147979736328
1452, -1281.4125939905643, 4, 55.71516194499418, 1043, 1082271,                                             728806, 3.1155638694763184, 97.00950622558594
1453, -638.3287730515003, 4, 52.76697400700505, 988, 1083259,                                             729794, 3.101123094558716, 97.06785583496094
1454, -84.31587968021631, 1, 23.52040080000006, 433, 1083692,                                             730227, 3.160266160964966, 96.9559097290039
1455, -565.2042856216431, 4, 56.084177093005565, 1000, 1084692,                                             731227, 3.135345220565796, 96.9451904296875
1456, 32.7946799620986, 1, 7.3029965729947435, 129, 1084821,                                             731356, 3.117706060409546, 96.59069061279297
1457, -711.5422798469663, 4, 56.07450320699718, 1044, 1085865,                                             732400, 3.08830189704895, 96.78739166259766
1458, -655.0041151195765, 4, 56.53959615799977, 1051, 1086916,                                             733451, 3.107983350753784, 96.67133331298828
1459, 71.51451015472412, 1, 2.8893133210003725, 50, 1086966,                                             733501, 3.141737937927246, 96.53508758544922
1460, -524.2223370969296, 4, 51.90714464300254, 962, 1087928,                                             734463, 3.0930776596069336, 96.91207885742188
1461, 6.061984091997147, 1, 8.626340217997495, 159, 1088087,                                             734622, 3.1937334537506104, 96.77094268798828
1462, -671.4252103641629, 4, 52.12800150800467, 967, 1089054,                                             735589, 3.1611416339874268, 96.62555694580078
1463, -529.1869239285588, 4, 53.40735663400119, 998, 1090052,                                             736587, 3.088773727416992, 96.57217407226562
1464, 56.49851197004318, 1, 4.912205804997939, 85, 1090137,                                             736672, 3.059319019317627, 96.31108093261719
1465, -563.0502748563886, 4, 56.30049981799675, 1009, 1091146,                                             737681, 3.1108577251434326, 96.64618682861328
1466, -836.1940579414368, 4, 55.69569304700417, 1014, 1092160,                                             738695, 3.055184841156006, 96.56364440917969
1467, -1979.0292021781206, 4, 52.77004486599617, 975, 1093135,                                             739670, 3.125488758087158, 96.56398010253906
1468, -28.3763834759593, 1, 13.423680908003007, 246, 1093381,                                             739916, 3.1570699214935303, 96.47359466552734
1469, -716.2724037468433, 4, 53.76932273100101, 988, 1094369,                                             740904, 3.10699200630188, 96.42894744873047
1470, -562.0734388679266, 4, 54.79293098099879, 1014, 1095383,                                             741918, 3.085940361022949, 96.5694808959961
1471, 6.55183619260788, 1, 10.132208991999505, 186, 1095569,                                             742104, 3.110321283340454, 96.27346801757812
1472, -645.8047450259328, 4, 52.306422870999086, 966, 1096535,                                             743070, 3.0414228439331055, 96.36026000976562
1473, -4.742803648114204, 1, 14.414098103996366, 265, 1096800,                                             743335, 3.033679962158203, 96.20882415771484
1474, -34.522609263658524, 1, 21.954649890001747, 401, 1097201,                                             743736, 3.0606369972229004, 96.17691802978516
1475, -1852.9142693579197, 4, 55.89584954200109, 988, 1098189,                                             744724, 3.121424674987793, 96.26398468017578
1476, 29.802398651838303, 1, 8.871387764003885, 153, 1098342,                                             744877, 3.1246895790100098, 96.08744049072266
1477, -64.93095515668392, 1, 17.419031912002538, 315, 1098657,                                             745192, 3.0895354747772217, 96.5824966430664
1478, -98.39287956058979, 1, 24.486226466004155, 450, 1099107,                                             745642, 3.1112992763519287, 96.26410675048828
1479, -16.730402573943138, 1, 15.347401429004094, 273, 1099380,                                             745915, 3.021817445755005, 96.3423843383789
1480, -314.72589007019997, 1, 44.23896529599733, 808, 1100188,                                             746723, 3.1056511402130127, 96.14061737060547
1481, -219.0998004078865, 1, 35.20661004199792, 646, 1100834,                                             747369, 3.2139363288879395, 96.18021392822266
1482, -54.19657877087593, 1, 16.967513167997822, 310, 1101144,                                             747679, 3.0889811515808105, 96.0499496459961
1483, -118.11171009391546, 1, 21.389345196999784, 387, 1101531,                                             748066, 3.0846054553985596, 96.19950866699219
1484, -728.4927618056536, 4, 52.957114312004705, 969, 1102500,                                             749035, 3.1112308502197266, 96.09141540527344
1485, -738.0199487134814, 4, 53.343637420999585, 986, 1103486,                                             750021, 3.1517233848571777, 95.8628158569336
1486, 70.48828998208046, 1, 4.677155167002638, 82, 1103568,                                             750103, 3.0726194381713867, 96.12139129638672
1487, -89.8324522972107, 1, 18.026401738999994, 328, 1103896,                                             750431, 3.102208137512207, 96.0425033569336
1488, -142.48427096754313, 1, 33.71187654900132, 588, 1104484,                                             751019, 3.1849873065948486, 95.96881103515625
1489, -645.2634459584951, 4, 55.610232562998135, 996, 1105480,                                             752015, 3.1122171878814697, 95.81361389160156
1490, -1251.2252411991358, 1, 55.412740255000244, 1013, 1106493,                                             753028, 3.1276094913482666, 95.94371032714844
1491, -646.4527345299721, 1, 49.23023466700397, 899, 1107392,                                             753927, 3.108907699584961, 95.87663269042969
1492, -529.6578443646431, 4, 54.59540260200447, 994, 1108386,                                             754921, 3.163703203201294, 95.88431549072266
1493, -17.35268720984459, 1, 12.750643147999654, 232, 1108618,                                             755153, 3.112724542617798, 95.87644958496094
1494, -121.58111310005188, 1, 29.61482197800069, 536, 1109154,                                             755689, 3.209829092025757, 95.77631378173828
1495, -129.09532324969769, 1, 26.05811615299899, 477, 1109631,                                             756166, 3.1661174297332764, 95.64618682861328
1496, -654.4935741648078, 4, 54.938996224998846, 1000, 1110631,                                             757166, 3.0931615829467773, 95.76087188720703
1497, 39.7899005189538, 1, 9.741565422998974, 168, 1110799,                                             757334, 3.0960536003112793, 95.72114562988281
1498, -574.087219312787, 4, 55.19103371699748, 966, 1111765,                                             758300, 3.1309916973114014, 95.85786437988281
1499, 16.68707025796175, 1, 12.132141675996536, 216, 1111981,                                             758516, 3.1370463371276855, 96.07018280029297
1500, -626.7098419442773, 4, 56.006402576000255, 1011, 1112992,                                             759527, 3.1295299530029297, 95.61799621582031
1501, -501.2676088362932, 1, 31.951836480002385, 580, 1113572,                                             760107, 3.1205780506134033, 95.52957153320312
1502, -628.0521165877581, 4, 54.32084163999389, 983, 1114555,                                             761090, 3.12488055229187, 95.6280517578125
1503, -497.06099320203066, 4, 53.53283228700457, 943, 1115498,                                             762033, 3.1155714988708496, 95.4705581665039
1504, -507.03375248610973, 4, 52.71520544499799, 955, 1116453,                                             762988, 3.0729153156280518, 95.48985290527344
1505, 44.12588952481747, 1, 8.535970401993836, 155, 1116608,                                             763143, 3.0782032012939453, 95.39456939697266
1506, -116.0658619850874, 1, 24.020338150003226, 432, 1117040,                                             763575, 3.11285400390625, 95.39669799804688
1507, -70.43604837357998, 1, 21.84394920399791, 381, 1117421,                                             763956, 3.071007490158081, 95.30248260498047
1508, -552.2546864971519, 4, 54.76735197900416, 956, 1118377,                                             764912, 3.0785250663757324, 95.26597595214844
1509, 11.599777847528458, 1, 13.745279430993833, 249, 1118626,                                             765161, 3.1583869457244873, 95.28842163085938
1510, -561.5963735729456, 4, 56.33594640999945, 993, 1119619,                                             766154, 3.104438304901123, 95.08164978027344
1511, 16.892893567681313, 1, 14.26430848599557, 253, 1119872,                                             766407, 3.0963070392608643, 95.12622833251953
1512, -683.7994726449251, 4, 54.31730491599592, 988, 1120860,                                             767395, 3.0971736907958984, 95.0663833618164
1513, -537.4263847768307, 4, 55.58047759300098, 1004, 1121864,                                             768399, 3.057088851928711, 95.0938720703125
1514, -692.6537199020386, 4, 52.88472027399985, 950, 1122814,                                             769349, 3.0808894634246826, 95.14315795898438
1515, 6.315625876188278, 1, 10.57137217700074, 192, 1123006,                                             769541, 3.116070508956909, 95.35501861572266
1516, -26.45428793132305, 1, 16.736099135996483, 302, 1123308,                                             769843, 3.130434513092041, 95.01831817626953
1517, -508.5733315423131, 4, 55.54305907199887, 977, 1124285,                                             770820, 3.126087188720703, 94.93486022949219
1518, -747.8097640052438, 4, 54.06268424299924, 947, 1125232,                                             771767, 3.085057258605957, 94.8506088256836
1519, 5.851434737443924, 1, 10.54234565400111, 190, 1125422,                                             771957, 3.138730049133301, 95.0625228881836
1520, -158.40786330401897, 1, 24.00672380200558, 430, 1125852,                                             772387, 3.101362466812134, 95.0279541015625
1521, -1354.621489226818, 4, 55.66618563100201, 1001, 1126853,                                             773388, 3.0840346813201904, 94.90106964111328
1522, -18.407284140586853, 1, 10.299388590996386, 182, 1127035,                                             773570, 3.1103920936584473, 95.05384826660156
1523, -181.33158283680677, 1, 31.852779444998305, 572, 1127607,                                             774142, 3.0163042545318604, 94.75788116455078
1524, -590.0229728221893, 4, 55.885827906000486, 1001, 1128608,                                             775143, 3.1194913387298584, 94.76859283447266
1525, -586.5046395659447, 4, 51.89786999399803, 935, 1129543,                                             776078, 3.0469460487365723, 94.53070831298828
1526, 69.79024028778076, 1, 3.7111534390060115, 64, 1129607,                                             776142, 3.035388231277466, 94.64708709716797
1527, -534.129014365375, 4, 53.71323650299746, 959, 1130566,                                             777101, 3.068887948989868, 94.62394714355469
1528, -537.5650944039226, 4, 55.48511007599882, 955, 1131521,                                             778056, 3.0732624530792236, 94.65489959716797
1529, 68.3191224783659, 1, 4.928607368994562, 87, 1131608,                                             778143, 2.924694776535034, 94.31392669677734
1530, -566.4595718681812, 4, 53.4650307769989, 952, 1132560,                                             779095, 3.098768949508667, 94.50579833984375
1531, -582.9318957850337, 4, 54.78977803500311, 981, 1133541,                                             780076, 3.0475103855133057, 94.34807586669922
1532, 44.58690954744816, 1, 9.714499580994016, 171, 1133712,                                             780247, 3.1102051734924316, 94.10543823242188
1533, -1037.8013835549355, 4, 56.55909519099805, 1009, 1134721,                                             781256, 3.100532054901123, 94.53395080566406
1534, -506.6087136939168, 4, 51.24642360299913, 920, 1135641,                                             782176, 3.0217342376708984, 94.45016479492188
1535, -485.58974976092577, 4, 53.87504083200474, 964, 1136605,                                             783140, 3.0537118911743164, 94.35012817382812
1536, -447.9125795736909, 4, 52.45179839099728, 911, 1137516,                                             784051, 3.0054919719696045, 94.240966796875
1537, 22.424854405224323, 1, 11.122568241997214, 186, 1137702,                                             784237, 2.9747838973999023, 94.18733215332031
1538, -158.94815213233232, 1, 35.216320102998, 614, 1138316,                                             784851, 3.0676591396331787, 94.22750854492188
1539, -78.596760481596, 1, 22.80356540500361, 402, 1138718,                                             785253, 3.02455472946167, 94.24654388427734
1540, -570.1137901097536, 4, 52.48473833899334, 936, 1139654,                                             786189, 3.0781171321868896, 94.1922378540039
1541, 54.54300141334534, 1, 2.0018167859961977, 30, 1139684,                                             786219, 3.361114740371704, 93.93303680419922
1542, -368.9395247101784, 1, 42.456958518996544, 758, 1140442,                                             786977, 3.0441231727600098, 94.1969223022461
1543, 1.329871490597725, 1, 15.551153020001948, 271, 1140713,                                             787248, 3.062697410583496, 94.04308319091797
1544, -161.05217887461185, 1, 25.42753447400173, 454, 1141167,                                             787702, 3.0124526023864746, 94.01912689208984
1545, -565.265374019742, 4, 55.482005578996905, 985, 1142152,                                             788687, 3.0604755878448486, 93.96180725097656
1546, -20.483385652303696, 1, 16.142855449994386, 283, 1142435,                                             788970, 3.10333251953125, 93.97747039794922
1547, -92.38697089254856, 1, 26.16109391200007, 465, 1142900,                                             789435, 3.0365381240844727, 93.86832427978516
1548, -730.9434200525284, 4, 54.28610861200286, 940, 1143840,                                             790375, 3.06878399848938, 93.79759979248047
1549, 75.23503847420216, 1, 4.532179194000491, 75, 1143915,                                             790450, 3.339869737625122, 93.68810272216797
1550, -402.66286002099514, 1, 47.25102981200325, 807, 1144722,                                             791257, 3.0547852516174316, 93.62544250488281
1551, -849.350786164403, 4, 53.320301635998476, 942, 1145664,                                             792199, 3.0295281410217285, 93.6785659790039
1552, -581.5524693578482, 4, 56.084797620002064, 995, 1146659,                                             793194, 3.052589178085327, 93.5483169555664
1553, 4.676464304327965, 1, 10.334382519999053, 174, 1146833,                                             793368, 2.9404003620147705, 93.79888153076172
1554, -569.2262288406491, 4, 55.901633857996785, 978, 1147811,                                             794346, 3.0770020484924316, 93.46891021728516
1555, -525.3898096233606, 4, 55.23923925100098, 967, 1148778,                                             795313, 3.061675786972046, 93.44081115722656
1556, 60.9271005988121, 1, 4.123148728998785, 70, 1148848,                                             795383, 3.1063103675842285, 93.33368682861328
1557, -49.5450674444437, 1, 15.92784463299904, 279, 1149127,                                             795662, 2.999627113342285, 93.57284545898438
1558, -510.7963593006134, 1, 44.21295234600257, 782, 1149909,                                             796444, 3.017174482345581, 93.49705505371094
1559, 10.61666814237833, 1, 11.911861925000267, 195, 1150104,                                             796639, 3.15677809715271, 93.3642349243164
1560, -89.34736743569374, 1, 22.59297016200435, 379, 1150483,                                             797018, 3.060866594314575, 93.50891876220703
1561, -948.4860182702541, 4, 54.284798082000634, 937, 1151420,                                             797955, 3.0389695167541504, 93.46113586425781
1562, -468.52305790781975, 4, 53.07091428100102, 935, 1152355,                                             798890, 3.042891502380371, 93.36418914794922
1563, 81.22894416749477, 1, 2.6708329200046137, 30, 1152385,                                             798920, 3.1155648231506348, 93.2403335571289
1564, -56.53628867864609, 1, 17.968104621999373, 316, 1152701,                                             799236, 3.0114619731903076, 93.42381286621094
1565, -147.00723822414875, 1, 33.16866957500315, 582, 1153283,                                             799818, 3.0443248748779297, 93.34224700927734
1566, -601.1027025207877, 4, 55.30885342100373, 965, 1154248,                                             800783, 3.0794341564178467, 93.43132781982422
1567, 72.4073054343462, 1, 4.526988353005436, 78, 1154326,                                             800861, 3.0068392753601074, 93.44437408447266
1568, -210.9709514081478, 1, 24.36589392099995, 422, 1154748,                                             801283, 3.0330069065093994, 93.12342071533203
1569, -148.16049213707447, 1, 25.596134570005233, 444, 1155192,                                             801727, 3.069039821624756, 93.13666534423828
1570, -461.4248608201742, 4, 52.65378231200157, 931, 1156123,                                             802658, 3.081352949142456, 93.23200225830078
1571, -421.5858709588647, 4, 53.86926928700268, 915, 1157038,                                             803573, 3.0515871047973633, 93.19819641113281
1572, -56.26154109835625, 1, 22.960484246003034, 391, 1157429,                                             803964, 3.0260634422302246, 93.07414245605469
1573, -1344.789347231388, 4, 53.02553073499439, 938, 1158367,                                             804902, 3.0262792110443115, 93.021240234375
1574, -49.820431008934975, 1, 17.151412129001983, 300, 1158667,                                             805202, 3.052680253982544, 93.0859603881836
1575, -652.2761130854487, 4, 56.43438549699931, 994, 1159661,                                             806196, 3.0081238746643066, 93.04478454589844
1576, -497.9351555481553, 4, 53.23590005600272, 937, 1160598,                                             807133, 3.1214096546173096, 93.15116119384766
1577, -580.5969363152981, 4, 55.41568745000404, 967, 1161565,                                             808100, 3.0625603199005127, 93.01622009277344
1578, -503.43399227410555, 4, 54.00120413299737, 944, 1162509,                                             809044, 3.0503907203674316, 92.95231628417969
1579, -222.50073290616274, 1, 37.38003621000098, 632, 1163141,                                             809676, 3.0138468742370605, 92.98001861572266
1580, -78.47919289767742, 1, 20.334380893000343, 341, 1163482,                                             810017, 3.090144395828247, 92.60848999023438
1581, -599.0145663768053, 4, 51.4564981049989, 889, 1164371,                                             810906, 3.037919759750366, 92.77112579345703
1582, -16.10374267399311, 1, 10.709228002997406, 187, 1164558,                                             811093, 2.968317747116089, 92.72982025146484
1583, -499.38435554504395, 4, 53.23681028599822, 928, 1165486,                                             812021, 3.068330764770508, 92.38249969482422
1584, -588.3971580564976, 4, 55.85804596899834, 954, 1166440,                                             812975, 3.0854148864746094, 92.41376495361328
1585, -14.121477745473385, 1, 13.716196196997771, 235, 1166675,                                             813210, 3.0698976516723633, 92.27461242675781
1586, -526.0673237890005, 4, 53.58946600500349, 934, 1167609,                                             814144, 3.010770320892334, 92.30166625976562
1587, -515.4301569759846, 4, 55.22093953500007, 964, 1168573,                                             815108, 3.0069823265075684, 92.23773956298828
1588, -719.7544016093016, 4, 56.02614415100106, 957, 1169530,                                             816065, 2.9853501319885254, 92.17142486572266
1589, -559.0482454001904, 4, 52.396098494005855, 888, 1170418,                                             816953, 3.0185248851776123, 92.09888458251953
1590, -274.15471844375134, 1, 39.92996453300293, 693, 1171111,                                             817646, 3.0078625679016113, 92.05365753173828
1591, -228.05835436284542, 1, 37.796991707000416, 658, 1171769,                                             818304, 2.9894111156463623, 92.15863800048828
1592, -19.843133598566055, 1, 16.34254392499861, 282, 1172051,                                             818586, 2.9071476459503174, 91.90550994873047
1593, -55.35924685001373, 1, 21.943421691998083, 384, 1172435,                                             818970, 2.9986674785614014, 91.939697265625
1594, -684.6720172390342, 4, 56.186703831997875, 976, 1173411,                                             819946, 2.9936885833740234, 91.81997680664062
1595, 42.71623982489109, 1, 9.356127005004964, 162, 1173573,                                             820108, 2.9443142414093018, 91.71299743652344
1596, -59.9279804751277, 1, 23.69097420899925, 409, 1173982,                                             820517, 3.0205729007720947, 92.15412902832031
1597, -388.79938720166683, 1, 51.58842280099634, 895, 1174877,                                             821412, 3.0112264156341553, 91.89509582519531
1598, -513.2707286849618, 4, 55.15133626900206, 934, 1175811,                                             822346, 3.0223731994628906, 91.9845962524414
1599, -508.74272033572197, 4, 55.96407722499862, 939, 1176750,                                             823285, 3.0015671253204346, 91.7979736328125
1600, 51.46652477234602, 1, 8.131135374998848, 138, 1176888,                                             823423, 3.000598669052124, 91.91282653808594
1601, -457.26051034778357, 1, 49.05257811299816, 843, 1177731,                                             824266, 3.0039267539978027, 91.748291015625
1602, -200.99074010550976, 1, 41.11284082200291, 713, 1178444,                                             824979, 2.963947057723999, 91.52171325683594
1603, -790.332098133862, 4, 53.91696814799798, 929, 1179373,                                             825908, 2.966757297515869, 91.55999755859375
1604, -625.2715118378401, 4, 55.35660751099931, 948, 1180321,                                             826856, 2.979875087738037, 91.42013549804688
1605, 19.75392711162567, 1, 11.565909539996937, 200, 1180521,                                             827056, 2.9546804428100586, 91.37378692626953
1606, -354.2674517184496, 1, 44.11776601499878, 766, 1181287,                                             827822, 2.9677886962890625, 91.31092834472656
1607, -60.248150542378426, 1, 18.513768352000625, 315, 1181602,                                             828137, 2.9988245964050293, 91.81419372558594
1608, -503.8709281012416, 4, 52.48982830499881, 864, 1182466,                                             829001, 3.0229737758636475, 91.32465362548828
1609, 6.224948510527611, 1, 9.944483184001001, 162, 1182628,                                             829163, 3.0078930854797363, 91.13739013671875
1610, -789.4544794857502, 4, 55.5465880299962, 942, 1183570,                                             830105, 2.9897303581237793, 91.50856018066406
1611, 35.59172025322914, 1, 10.749924682997516, 180, 1183750,                                             830285, 2.9662718772888184, 91.55783081054688
1612, -525.4698407277465, 4, 55.93894340599945, 963, 1184713,                                             831248, 2.9840989112854004, 91.4008560180664
1613, -471.05338555574417, 4, 55.720704736995685, 958, 1185671,                                             832206, 3.0113472938537598, 91.4344253540039
1614, -5.361608058214188, 1, 17.726431305003644, 300, 1185971,                                             832506, 3.005169630050659, 91.41740417480469
1615, -121.16704781353474, 1, 35.32044170000154, 607, 1186578,                                             833113, 2.9693186283111572, 91.307373046875
1616, -723.266627766192, 4, 55.886707507997926, 957, 1187535,                                             834070, 2.9828433990478516, 91.3029556274414
1617, -551.5965803340077, 4, 55.74179169400304, 935, 1188470,                                             835005, 2.9549403190612793, 91.18002319335938
1618, 48.42835969477892, 1, 6.893531287998485, 109, 1188579,                                             835114, 2.999810218811035, 91.25068664550781
1619, -126.05531638860703, 1, 17.48128493299737, 288, 1188867,                                             835402, 2.9467408657073975, 91.43820190429688
1620, -498.3825707882643, 4, 52.105665178998606, 887, 1189754,                                             836289, 3.0015995502471924, 91.23125457763672
1621, -55.55136178433895, 1, 13.047522283995932, 224, 1189978,                                             836513, 2.994965076446533, 91.1563491821289
1622, -473.0749967545271, 4, 53.35297235899634, 913, 1190891,                                             837426, 2.983264684677124, 91.03739929199219
1623, -21.27262295782566, 1, 18.286180902003252, 314, 1191205,                                             837740, 3.008913993835449, 91.27715301513672
1624, -826.7382878214121, 4, 55.724622260000615, 951, 1192156,                                             838691, 2.941499948501587, 91.15376281738281
1625, 75.35551483929157, 1, 4.5167534580032225, 76, 1192232,                                             838767, 3.099606990814209, 91.34502410888672
1626, -24.0709870159626, 1, 16.54336046300159, 280, 1192512,                                             839047, 2.9582722187042236, 90.99923706054688
1627, -893.7841991409659, 4, 54.660635139996884, 938, 1193450,                                             839985, 2.9427075386047363, 91.0152587890625
1628, -465.8571381941438, 4, 55.065362907000235, 930, 1194380,                                             840915, 2.9725501537323, 91.09539031982422
1629, 85.89050026237965, 1, 1.9251012719978462, 30, 1194410,                                             840945, 2.715118408203125, 90.31038665771484
1630, -7.349996447563171, 1, 18.54791283400118, 300, 1194710,                                             841245, 2.9808948040008545, 91.09918975830078
1631, -195.68195401132107, 1, 35.679139581996424, 588, 1195298,                                             841833, 2.9297873973846436, 90.98289489746094
1632, -0.8691788464784622, 1, 13.932701711004484, 233, 1195531,                                             842066, 2.97931170463562, 90.8302993774414
1633, -138.10569693148136, 1, 22.088925600000948, 374, 1195905,                                             842440, 2.962368965148926, 90.83378601074219
1634, -512.9156448170543, 4, 52.77407011899777, 899, 1196804,                                             843339, 3.020742654800415, 90.95915222167969
1635, -659.956335440278, 4, 54.87757924199832, 936, 1197740,                                             844275, 2.9914400577545166, 90.70841217041016
1636, -463.7252173125744, 1, 48.85094640200259, 823, 1198563,                                             845098, 2.9582135677337646, 90.73916625976562
1637, -303.38581907749176, 1, 33.107420818996616, 556, 1199119,                                             845654, 2.9115140438079834, 90.79866027832031
1638, -8.819508895277977, 1, 19.36855198899866, 330, 1199449,                                             845984, 2.9782800674438477, 90.92628479003906
1639, -40.7373249232769, 1, 20.288144136000483, 347, 1199796,                                             846331, 3.0047757625579834, 90.58305358886719
1640, -497.6139475405216, 4, 55.88154146099987, 934, 1200730,                                             847265, 3.0065481662750244, 90.6432876586914
1641, 83.1462587416172, 1, 2.3203576290034107, 34, 1200764,                                             847299, 2.823237419128418, 90.31861877441406
1642, -744.6154913455248, 4, 54.87755129799916, 908, 1201672,                                             848207, 2.9835190773010254, 90.63579559326172
1643, 13.742646656930447, 1, 12.330968460002623, 205, 1201877,                                             848412, 2.831397771835327, 90.36687469482422
1644, -620.4342391490936, 4, 55.10888951399829, 934, 1202811,                                             849346, 2.963949203491211, 90.38697052001953
1645, 27.776536241173744, 1, 9.52377628999966, 156, 1202967,                                             849502, 2.902667760848999, 90.41434478759766
1646, -102.68788841366768, 1, 33.1260596860011, 562, 1203529,                                             850064, 2.940096855163574, 90.30284881591797
1647, -559.2787579521537, 4, 55.05865790000098, 931, 1204460,                                             850995, 2.988797426223755, 90.24577331542969
1648, 48.12694562971592, 1, 7.3394211680060835, 116, 1204576,                                             851111, 2.9475176334381104, 90.27631378173828
1649, -467.0639369562268, 4, 53.83050878699578, 915, 1205491,                                             852026, 2.965914011001587, 90.34412384033203
1650, -12.718515031039715, 1, 18.34364114300115, 311, 1205802,                                             852337, 2.976200819015503, 90.3056411743164
1651, -477.54227831959724, 4, 54.9292614540027, 922, 1206724,                                             853259, 2.9761557579040527, 90.48978424072266
1652, 64.19492873549461, 1, 6.879444624995813, 108, 1206832,                                             853367, 2.8806650638580322, 90.40043640136719
1653, -251.18923342227936, 1, 44.99734507699759, 732, 1207564,                                             854099, 2.9606685638427734, 90.35851287841797
1654, -589.9945982918143, 4, 53.1473099559953, 897, 1208461,                                             854996, 2.9883527755737305, 90.19147491455078
1655, -74.81994868814945, 1, 13.371377341994958, 218, 1208679,                                             855214, 3.1233718395233154, 90.18711853027344
1656, -28.884688451886177, 1, 14.153006973996526, 238, 1208917,                                             855452, 2.975878953933716, 90.31459045410156
1657, -288.25009983778, 1, 37.69190849900042, 619, 1209536,                                             856071, 3.004119634628296, 90.14899444580078
1658, -99.23461513966322, 1, 25.843438980002247, 432, 1209968,                                             856503, 2.974475383758545, 90.19805145263672
1659, -595.3925891965628, 4, 55.222728988999734, 923, 1210891,                                             857426, 2.968669891357422, 90.23321533203125
1660, -539.048193320632, 4, 53.21863850599766, 898, 1211789,                                             858324, 2.927741527557373, 90.11531066894531
1661, -435.9504485577345, 4, 52.26230064900301, 879, 1212668,                                             859203, 2.9789326190948486, 90.03728485107422
1662, -549.5015160515904, 4, 54.3900665849942, 878, 1213546,                                             860081, 3.0224475860595703, 90.13589477539062
1663, 27.890629455447197, 1, 11.525452250003582, 192, 1213738,                                             860273, 2.9901158809661865, 89.82275390625
1664, -513.4549259617925, 4, 55.8382772210025, 936, 1214674,                                             861209, 2.9578561782836914, 89.96188354492188
1665, -506.38237223029137, 4, 55.61595460600074, 936, 1215610,                                             862145, 2.96781063079834, 89.86060333251953
1666, -7.9607463628053665, 1, 17.157558509999944, 282, 1215892,                                             862427, 2.968620777130127, 89.88322448730469
1667, -1153.0746204555035, 4, 54.04319126599876, 912, 1216804,                                             863339, 2.9666216373443604, 89.95716857910156
1668, 65.30771338939667, 1, 4.488411139995151, 71, 1216875,                                             863410, 2.8828704357147217, 90.29076385498047
1669, -63.62760918587446, 1, 19.252777497997158, 321, 1217196,                                             863731, 2.9661004543304443, 89.88967895507812
1670, -579.5268207043409, 4, 55.81405201199959, 939, 1218135,                                             864670, 2.9417998790740967, 89.94546508789062
1671, -672.52407322824, 4, 52.35316230099852, 871, 1219006,                                             865541, 2.957219123840332, 89.79303741455078
1672, -2.553621992468834, 1, 16.2020711580044, 259, 1219265,                                             865800, 2.9146840572357178, 90.09526062011719
1673, -285.947640940547, 1, 37.09567511600471, 601, 1219866,                                             866401, 2.9851863384246826, 89.82823181152344
1674, -648.8445682674646, 4, 55.35128101900045, 925, 1220791,                                             867326, 2.974402666091919, 89.81465148925781
1675, 51.13752371072769, 1, 9.16895554200164, 153, 1220944,                                             867479, 2.9093165397644043, 89.89175415039062
1676, -498.4056965112686, 4, 55.15632161100075, 926, 1221870,                                             868405, 2.9032323360443115, 89.8774642944336
1677, 82.33052641153336, 1, 3.099828377002268, 51, 1221921,                                             868456, 2.9874792098999023, 89.61076354980469
1678, -520.7503405809402, 4, 54.97312874800264, 920, 1222841,                                             869376, 2.8999900817871094, 89.820068359375
1679, -606.5368084684014, 4, 53.118205115999444, 888, 1223729,                                             870264, 2.9346683025360107, 89.67981719970703
1680, 15.0322917252779, 1, 10.602754790998006, 173, 1223902,                                             870437, 2.9408206939697266, 89.85050201416016
1681, -562.5124605223536, 4, 51.26863885200146, 858, 1224760,                                             871295, 2.9111618995666504, 89.68478393554688
1682, -456.6973304450512, 4, 53.57279903000017, 859, 1225619,                                             872154, 2.9776790142059326, 89.66926574707031
1683, -664.7390091717243, 4, 55.78918142099428, 918, 1226537,                                             873072, 2.9016664028167725, 89.499755859375
1684, -520.0488557368517, 4, 53.098765638998884, 882, 1227419,                                             873954, 2.9080803394317627, 89.5003662109375
1685, -592.2448606938124, 4, 54.51285970399476, 913, 1228332,                                             874867, 2.959285259246826, 89.36573791503906
1686, -770.9850517436862, 4, 54.724987667003006, 906, 1229238,                                             875773, 2.8792972564697266, 89.32555389404297
1687, 85.70145411789417, 1, 1.9074195779976435, 30, 1229268,                                             875803, 3.138335943222046, 89.69631958007812
1688, -368.82732947170734, 1, 46.46853283699602, 765, 1230033,                                             876568, 2.87564754486084, 89.24307250976562
1689, -242.7238963022828, 1, 42.90623450400017, 714, 1230747,                                             877282, 2.8981759548187256, 89.2822494506836
1690, -410.2322068363428, 4, 52.669372001997544, 846, 1231593,                                             878128, 2.9268007278442383, 89.22827911376953
1691, -239.64205791801214, 1, 43.08999897000467, 700, 1232293,                                             878828, 2.8755438327789307, 88.98435974121094
1692, -208.5204640030861, 2, 2.1017421610013116, 30, 1232323,                                             878858, 2.7615737915039062, 88.64009094238281
1693, -474.13046023994684, 4, 55.3172349009983, 917, 1233240,                                             879775, 2.8924481868743896, 89.01238250732422
1694, -398.38133269548416, 4, 51.0453954830009, 850, 1234090,                                             880625, 2.8957509994506836, 88.76213073730469
1695, -506.72978723049164, 4, 55.33425525200437, 919, 1235009,                                             881544, 2.8664374351501465, 88.71394348144531
1696, 45.0733647942543, 1, 8.517003631997795, 137, 1235146,                                             881681, 2.86946702003479, 89.03754425048828
1697, -637.6241943314672, 4, 54.69934573799401, 905, 1236051,                                             882586, 2.8404879570007324, 88.7158432006836
1698, -578.517529271543, 4, 54.1069083149996, 902, 1236953,                                             883488, 2.8116207122802734, 88.68770599365234
1699, 57.46783584356308, 1, 7.904773474998365, 122, 1237075,                                             883610, 2.8442025184631348, 88.74798583984375
1700, -527.2586074322462, 4, 55.36256124600186, 875, 1237950,                                             884485, 2.80989146232605, 88.48584747314453
1701, 86.29591570794582, 1, 1.9249144929999602, 30, 1237980,                                             884515, 3.1324217319488525, 88.75448608398438
1702, -617.7760126963258, 4, 55.09342754299723, 903, 1238883,                                             885418, 2.839306592941284, 88.59205627441406
1703, 22.47314402461052, 1, 12.745983897002588, 210, 1239093,                                             885628, 2.8693089485168457, 88.73926544189453
1704, -45.98348672688007, 1, 19.781262190001144, 322, 1239415,                                             885950, 2.896644115447998, 88.6720962524414
1705, -177.53006932884455, 1, 37.66374540000106, 626, 1240041,                                             886576, 2.7866318225860596, 88.56641387939453
1706, -1105.8354665488005, 4, 52.59541909299878, 863, 1240904,                                             887439, 2.8910210132598877, 88.47967529296875
1707, -7.780910514295101, 1, 12.94750015700265, 211, 1241115,                                             887650, 2.865054130554199, 88.39295196533203
1708, -6.784666836261749, 1, 16.13317123500019, 258, 1241373,                                             887908, 2.812854528427124, 88.58309173583984
1709, -482.0428953692317, 4, 54.707765601000574, 903, 1242276,                                             888811, 2.795193672180176, 88.5743179321289
1710, 79.09234954416752, 1, 2.7034142999982578, 44, 1242320,                                             888855, 2.6405882835388184, 88.33451843261719
1711, -535.3098667785525, 4, 55.44147715600411, 873, 1243193,                                             889728, 2.834442377090454, 88.43926239013672
1712, 67.95469307899475, 1, 5.914269569002499, 91, 1243284,                                             889819, 2.769369125366211, 88.7315902709961
1713, -452.31553219258785, 4, 55.08071261100122, 880, 1244164,                                             890699, 2.809117555618286, 88.42496490478516
1714, 79.16391725838184, 1, 3.5280525510024745, 55, 1244219,                                             890754, 2.737586259841919, 87.91007995605469
1715, -179.84580644220114, 1, 37.838979043997824, 622, 1244841,                                             891376, 2.8074402809143066, 88.3539810180664
1716, -541.7268425524235, 4, 54.50428538900451, 899, 1245740,                                             892275, 2.841578722000122, 88.25118255615234
1717, 15.705621719360352, 1, 11.300752997995005, 180, 1245920,                                             892455, 2.8979244232177734, 88.69071960449219
1718, -158.82064850628376, 1, 30.83776952000335, 501, 1246421,                                             892956, 2.8526437282562256, 88.40534973144531
1719, -472.46194633841515, 4, 55.27310776700324, 895, 1247316,                                             893851, 2.835867166519165, 88.35283660888672
1720, 6.5765538066625595, 1, 12.770496290002484, 210, 1247526,                                             894061, 2.86476993560791, 88.03646087646484
1721, -534.0472458079457, 4, 53.79156110600161, 883, 1248409,                                             894944, 2.899055242538452, 88.22782897949219
1722, -537.2198063880205, 4, 55.31414467099967, 884, 1249293,                                             895828, 2.851900815963745, 88.06775665283203
1723, -463.4100563004613, 4, 53.84270382200339, 855, 1250148,                                             896683, 2.786111354827881, 88.06269836425781
1724, 14.881707333028316, 1, 11.94628813899908, 193, 1250341,                                             896876, 2.8118550777435303, 87.68769073486328
1725, -461.3574675321579, 4, 54.8665576469939, 892, 1251233,                                             897768, 2.8590705394744873, 88.09042358398438
1726, -311.8858655914664, 1, 38.211805669998284, 628, 1251861,                                             898396, 2.829838752746582, 87.92633819580078
1727, -487.08715285360813, 4, 55.04191767700104, 898, 1252759,                                             899294, 2.8073909282684326, 87.93172454833984
1728, 67.76081359386444, 1, 3.3254846580020967, 52, 1252811,                                             899346, 2.669558048248291, 87.89000701904297
1729, -251.01009286940098, 1, 40.611852299996826, 659, 1253470,                                             900005, 2.8705859184265137, 87.97573852539062
1730, -372.5727408081293, 1, 52.64750423499936, 866, 1254336,                                             900871, 2.8349499702453613, 87.73532104492188
1731, -521.4126649573445, 4, 50.83464031799667, 811, 1255147,                                             901682, 2.831477403640747, 87.85731506347656
1732, 67.58232448995113, 1, 7.055058318997908, 87, 1255234,                                             901769, 2.912574291229248, 88.11975860595703
1733, -362.3060283586383, 1, 46.441159699999844, 736, 1255970,                                             902505, 2.8475754261016846, 87.8078842163086
1734, -317.4380430728197, 1, 51.2132879750061, 831, 1256801,                                             903336, 2.800929069519043, 87.57776641845703
1735, -693.8187633752823, 4, 51.21762379400025, 834, 1257635,                                             904170, 2.825223207473755, 87.63670349121094
1736, 27.69449131190777, 1, 10.924171927996213, 178, 1257813,                                             904348, 2.6779074668884277, 87.63801574707031
1737, -422.1707479208708, 4, 52.816542531996674, 858, 1258671,                                             905206, 2.86271071434021, 87.45690155029297
1738, -532.5219218879938, 4, 54.036153155997454, 879, 1259550,                                             906085, 2.8701932430267334, 87.52300262451172
1739, -684.3393854647875, 4, 54.423102667999046, 885, 1260435,                                             906970, 2.8177616596221924, 87.39665222167969
1740, 54.02790831774473, 1, 7.315992992997053, 116, 1260551,                                             907086, 2.817692518234253, 87.10523986816406
1741, -36.95100040733814, 1, 21.06398592900223, 328, 1260879,                                             907414, 2.786527395248413, 87.23062133789062
1742, -64.22301331162453, 1, 24.98439796299499, 387, 1261266,                                             907801, 2.7778382301330566, 87.12894439697266
1743, -1132.822080925107, 4, 55.00551708500279, 877, 1262143,                                             908678, 2.7714478969573975, 87.24925994873047
1744, -14.762713596224785, 1, 15.723938140996324, 253, 1262396,                                             908931, 2.7965340614318848, 87.43522644042969
1745, -488.59675642848015, 1, 51.43340410399833, 831, 1263227,                                             909762, 2.7899272441864014, 87.23078155517578
1746, -375.75816674530506, 1, 51.426369227003306, 834, 1264061,                                             910596, 2.7987499237060547, 87.25
1747, -255.2863477319479, 1, 43.58463666899479, 699, 1264760,                                             911295, 2.8053665161132812, 87.10579681396484
1748, -85.92138005793095, 1, 21.98894100599864, 358, 1265118,                                             911653, 2.7394015789031982, 87.02754974365234
1749, -539.2817960083485, 4, 55.364060795000114, 901, 1266019,                                             912554, 2.8252744674682617, 87.07081604003906
1750, -473.71330062299967, 4, 52.04897107600118, 833, 1266852,                                             913387, 2.80071759223938, 87.07633972167969
1751, -577.9872782155871, 4, 54.71470103700267, 856, 1267708,                                             914243, 2.791022539138794, 86.97003936767578
1752, 70.0999536216259, 1, 5.528298418001214, 87, 1267795,                                             914330, 2.7649009227752686, 87.29258728027344
1753, -323.78036873042583, 1, 43.06725214100152, 695, 1268490,                                             915025, 2.7744534015655518, 86.87842559814453
1754, -43.71992835402489, 1, 20.135549620004895, 324, 1268814,                                             915349, 2.7615549564361572, 86.98947143554688
1755, -223.31892842054367, 1, 44.97998917299992, 724, 1269538,                                             916073, 2.783620595932007, 86.69102478027344
1756, -168.26745668798685, 1, 40.747008623999136, 650, 1270188,                                             916723, 2.8393983840942383, 86.87529754638672
1757, -407.9904283285141, 4, 54.987638685001, 883, 1271071,                                             917606, 2.7975566387176514, 86.85821533203125
1758, 74.25001357495785, 1, 4.925746089000313, 78, 1271149,                                             917684, 2.8289575576782227, 86.40330505371094
1759, -261.233743481338, 1, 42.95281879099639, 692, 1271841,                                             918376, 2.7577548027038574, 86.43982696533203
1760, -561.2108153477311, 4, 54.342079383000964, 864, 1272705,                                             919240, 2.8115053176879883, 86.5348129272461
1761, 76.51606906205416, 1, 6.009380509996845, 84, 1272789,                                             919324, 2.9655239582061768, 86.3955307006836
1762, -62.30188453197479, 1, 16.286826862000453, 253, 1273042,                                             919577, 2.7548723220825195, 86.53327178955078
1763, -417.16198655962944, 4, 51.99003173500387, 830, 1273872,                                             920407, 2.801038980484009, 86.55491638183594
1764, -280.17549958080053, 1, 45.55920735599648, 732, 1274604,                                             921139, 2.7027087211608887, 86.35267639160156
1765, -30.841539718210697, 1, 19.73016651600483, 312, 1274916,                                             921451, 2.8646628856658936, 86.63153839111328
1766, -429.64184511452913, 1, 50.33349548999831, 810, 1275726,                                             922261, 2.7816073894500732, 86.49559020996094
1767, -262.6021693572402, 1, 50.40415329700045, 807, 1276533,                                             923068, 2.781339645385742, 86.44003295898438
1768, -120.32737480849028, 1, 28.495560470000783, 456, 1276989,                                             923524, 2.7762880325317383, 86.32720184326172
1769, -481.75986893475056, 4, 53.10554689299897, 857, 1277846,                                             924381, 2.7189669609069824, 86.13988494873047
1770, -411.2080993503332, 4, 54.32290051999735, 851, 1278697,                                             925232, 2.7045300006866455, 86.15770721435547
1771, 84.34100668504834, 1, 2.017957018004381, 30, 1278727,                                             925262, 2.8949389457702637, 85.965576171875
1772, -278.0090533345938, 1, 38.7411694560069, 600, 1279327,                                             925862, 2.760662794113159, 86.11565399169922
1773, -596.9140838608146, 2, 50.752491932005796, 812, 1280139,                                             926674, 2.773324489593506, 85.89849853515625
1774, -520.0735481753945, 4, 52.196143013003166, 832, 1280971,                                             927506, 2.7634541988372803, 86.22032165527344
1775, 0.35340410470962524, 1, 8.857973645004677, 142, 1281113,                                             927648, 2.816970109939575, 85.71580505371094
1776, -497.9027466401458, 4, 52.96073535900359, 848, 1281961,                                             928496, 2.8160910606384277, 86.12235260009766
1777, -450.3082225397229, 4, 54.33333134800341, 870, 1282831,                                             929366, 2.8110873699188232, 86.12734985351562
1778, -203.88711760938168, 1, 38.13730598700204, 608, 1283439,                                             929974, 2.8194360733032227, 86.2090072631836
1779, -144.30892550200224, 1, 23.12241591700149, 368, 1283807,                                             930342, 2.7662513256073, 86.39422607421875
1780, -498.41956474632025, 4, 54.72951075799938, 852, 1284659,                                             931194, 2.781925678253174, 85.98027038574219
1781, -436.85704363137484, 4, 52.655123077995086, 797, 1285456,                                             931991, 2.7571358680725098, 85.9839859008789
1782, -565.8728728368878, 4, 54.51100771300116, 867, 1286323,                                             932858, 2.7896761894226074, 85.82743835449219
1783, 28.233402743935585, 1, 9.340266258004704, 148, 1286471,                                             933006, 2.810183048248291, 85.8918685913086
1784, -607.7133327126503, 4, 55.29968522800482, 879, 1287350,                                             933885, 2.811810255050659, 85.7860107421875
1785, -565.8931100666523, 1, 53.675573420005094, 857, 1288207,                                             934742, 2.821953058242798, 85.77366638183594
1786, -549.9774766787887, 4, 51.93489310899895, 827, 1289034,                                             935569, 2.797384738922119, 85.5693588256836
1787, -422.5255255997181, 1, 45.493323142996815, 730, 1289764,                                             936299, 2.7091360092163086, 85.61351776123047
1788, -463.1548161357641, 4, 51.33331281899882, 785, 1290549,                                             937084, 2.7474241256713867, 85.69715118408203
1789, 38.37242178618908, 1, 8.663576270999329, 132, 1290681,                                             937216, 2.842257499694824, 85.60487365722656
1790, -440.3911845013499, 4, 52.93472968399874, 836, 1291517,                                             938052, 2.7902581691741943, 85.68255615234375
1791, -56.466562174260616, 1, 24.945435903006, 396, 1291913,                                             938448, 2.751054048538208, 85.39286041259766
1792, -131.50816030055285, 1, 39.50512086000526, 628, 1292541,                                             939076, 2.7762043476104736, 85.59474182128906
1793, -196.04941402375698, 1, 39.88723335800023, 634, 1293175,                                             939710, 2.793401002883911, 85.5948257446289
1794, -174.66213166713715, 1, 38.06817537800089, 603, 1293778,                                             940313, 2.7453248500823975, 85.53583526611328
1795, -205.2970299422741, 1, 40.322565496004245, 638, 1294416,                                             940951, 2.7566027641296387, 85.5989761352539
1796, -936.2390209287405, 4, 54.282645839994075, 859, 1295275,                                             941810, 2.80779767036438, 85.72628784179688
1797, -19.944287285208702, 1, 16.964142633994925, 269, 1295544,                                             942079, 2.8346829414367676, 85.53728485107422
1798, -1716.4438896477222, 4, 53.87796648600488, 821, 1296365,                                             942900, 2.7450718879699707, 85.47886657714844
1799, -127.93586576730013, 1, 32.29724774300121, 503, 1296868,                                             943403, 2.7973904609680176, 85.65814971923828
1800, -804.4301396012306, 4, 54.4866457600001, 864, 1297732,                                             944267, 2.836948871612549, 85.58824920654297
1801, 86.26571342349052, 1, 2.1325234470059513, 30, 1297762,                                             944297, 2.6454362869262695, 85.72481536865234
1802, -524.7423321977258, 4, 54.38654250699619, 859, 1298621,                                             945156, 2.7603352069854736, 85.46102905273438
1803, 34.779051065444946, 1, 11.145942243994796, 173, 1298794,                                             945329, 2.7405428886413574, 85.94100952148438
1804, -28.053496286273003, 1, 21.03780293899763, 326, 1299120,                                             945655, 2.813915491104126, 85.68277740478516
1805, -523.6579102128744, 4, 52.37044694899669, 816, 1299936,                                             946471, 2.79280424118042, 85.41710662841797
1806, 47.89129784703255, 1, 4.23419314900093, 66, 1300002,                                             946537, 2.8711602687835693, 85.75591278076172
1807, -374.36400140076876, 4, 51.51520412299578, 811, 1300813,                                             947348, 2.7642080783843994, 85.504150390625
1808, -491.2945005968213, 4, 54.2588889289982, 839, 1301652,                                             948187, 2.7683448791503906, 85.42572021484375
1809, 86.97858619689941, 1, 2.2897859959994094, 30, 1301682,                                             948217, 3.0187907218933105, 85.58267211914062
1810, -460.86732218414545, 4, 53.13364712600014, 823, 1302505,                                             949040, 2.7700014114379883, 85.42169189453125
1811, -664.6105965524912, 4, 51.95274091500323, 822, 1303327,                                             949862, 2.8344264030456543, 85.51911926269531
1812, 13.462452441453934, 1, 12.030387858001632, 189, 1303516,                                             950051, 2.709862232208252, 85.61412048339844
1813, -236.19772605597973, 1, 44.92378142599773, 706, 1304222,                                             950757, 2.7779541015625, 85.46792602539062
1814, -145.47836223989725, 1, 34.88447989999986, 548, 1304770,                                             951305, 2.813955783843994, 85.53678131103516
1815, -72.37099002301693, 1, 21.237864433998766, 332, 1305102,                                             951637, 2.8080384731292725, 85.4683837890625
1816, -438.50772500783205, 4, 55.03863280599762, 869, 1305971,                                             952506, 2.806793451309204, 85.5739517211914
1817, -423.9680932313204, 4, 52.72739875000116, 831, 1306802,                                             953337, 2.8267786502838135, 85.58329772949219
1818, 18.93833753466606, 1, 10.559233735002636, 167, 1306969,                                             953504, 2.885230779647827, 85.1998062133789
1819, -421.43558187782764, 4, 52.86870211999485, 801, 1307770,                                             954305, 2.7565417289733887, 85.28538513183594
1820, -572.9889718964696, 4, 54.813885950999975, 855, 1308625,                                             955160, 2.7509284019470215, 85.21885681152344
1821, 57.82167908549309, 1, 8.567336218999117, 132, 1308757,                                             955292, 2.7819180488586426, 85.20518493652344
1822, -347.0070659965277, 1, 42.368865581003774, 664, 1309421,                                             955956, 2.766402244567871, 85.14559173583984
1823, -413.7992471680045, 4, 52.1364616130013, 820, 1310241,                                             956776, 2.7836754322052, 85.20219421386719
1824, -487.66136176884174, 4, 52.954324352002004, 833, 1311074,                                             957609, 2.802778720855713, 85.05694580078125
1825, 81.00720074772835, 1, 3.3298516890063183, 51, 1311125,                                             957660, 2.87265682220459, 84.80787658691406
1826, -432.75918866693974, 4, 53.04525462099991, 813, 1311938,                                             958473, 2.7765564918518066, 85.04472351074219
1827, -554.6702738553286, 4, 52.53693364699575, 820, 1312758,                                             959293, 2.7563588619232178, 85.0802230834961
1828, 27.661721393465996, 1, 13.390596111996274, 198, 1312956,                                             959491, 2.7214531898498535, 85.06169891357422
1829, -126.57825283706188, 1, 34.05289142400579, 514, 1313470,                                             960005, 2.859189033508301, 85.10736083984375
1830, -455.02136393636465, 4, 53.78322726400074, 837, 1314307,                                             960842, 2.7586636543273926, 85.00224304199219
1831, -508.7858902364969, 4, 51.763300023005286, 812, 1315119,                                             961654, 2.7253499031066895, 84.81970977783203
1832, 9.842299953103065, 1, 11.786441413998546, 183, 1315302,                                             961837, 2.8316636085510254, 84.77996063232422
1833, -66.91997550427914, 1, 23.97120668199932, 374, 1315676,                                             962211, 2.792675733566284, 85.09552764892578
1834, -28.632245615124702, 1, 17.518361645998084, 271, 1315947,                                             962482, 2.7151646614074707, 85.03532409667969
1835, -227.34568351507187, 1, 34.05758647100447, 532, 1316479,                                             963014, 2.808605909347534, 84.85388946533203
1836, -481.17113453894854, 4, 54.93902008499572, 857, 1317336,                                             963871, 2.803462505340576, 84.81273651123047
1837, 58.46105556935072, 1, 8.363214960998448, 129, 1317465,                                             964000, 2.828731060028076, 85.05144500732422
1838, -162.78348845243454, 1, 35.619962962999125, 554, 1318019,                                             964554, 2.732280731201172, 84.79374694824219
1839, -211.76028140634298, 1, 44.70430658599798, 682, 1318701,                                             965236, 2.768571615219116, 84.7443618774414
1840, -521.8223080337048, 4, 51.07967099999951, 775, 1319476,                                             966011, 2.78682804107666, 84.78736877441406
1841, 71.63715279102325, 1, 5.624240100005409, 87, 1319563,                                             966098, 2.7932310104370117, 84.69556427001953
1842, -399.2346413359046, 4, 54.709598043998994, 852, 1320415,                                             966950, 2.7516860961914062, 84.47663879394531
1843, -503.1540920585394, 4, 54.54672187699907, 854, 1321269,                                             967804, 2.7770566940307617, 84.4587631225586
