episode, reward, success, duration, steps, total_steps, memory length, avg_critic_loss, avg_actor_loss
1801, -2533.2169733196497, 4, 51.47674684200001, 2600, 1348404,                                             50672, 0.300163209438324, 18.9383544921875
1802, -750.9070831537247, 2, 10.944187108000051, 377, 1348781,                                             51049, 0.9436279535293579, 73.15978240966797
1803, -1779.1613126695156, 4, 50.974609924000106, 1798, 1350579,                                             52847, 0.8015220165252686, 73.81099700927734
1804, -1537.42762927711, 2, 36.57868416000019, 1286, 1351865,                                             54133, 0.7266103625297546, 74.4804458618164
1805, -1518.1640039682388, 4, 51.94551111399983, 1800, 1353665,                                             55933, 0.7232965230941772, 75.42073059082031
1806, -629.4294175505638, 1, 21.574363681000023, 740, 1354405,                                             56673, 0.7097517848014832, 75.80216217041016
1807, -1876.058005541563, 4, 50.97779771499995, 1766, 1356171,                                             58439, 0.7021478414535522, 76.4395523071289
1808, 21.016161665320396, 1, 5.125435974999846, 178, 1356349,                                             58617, 0.7509528994560242, 76.70117950439453
1809, -951.137882374227, 1, 37.06404216999999, 1224, 1357573,                                             59841, 0.7444322109222412, 76.9095687866211
1810, -223.85307785868645, 2, 1.1168669819999195, 36, 1357609,                                             59877, 0.7441556453704834, 77.20807647705078
1811, -616.6869809478521, 2, 20.976096336999944, 731, 1358340,                                             60608, 0.7261634469032288, 77.26759338378906
1812, -120.96314769983292, 1, 12.729699139999866, 430, 1358770,                                             61038, 0.7632901668548584, 77.43961334228516
1813, -580.0288399457932, 2, 6.028779020000002, 194, 1358964,                                             61232, 0.7584945559501648, 77.44265747070312
1814, -59.96584776043892, 1, 9.723323837999942, 324, 1359288,                                             61556, 0.7647322416305542, 77.77032470703125
1815, -274.0693277269602, 1, 22.62857790299995, 786, 1360074,                                             62342, 0.7944512367248535, 77.87337493896484
1816, -1568.2323056906462, 2, 36.994220821, 1277, 1361351,                                             63619, 0.7865157723426819, 78.24210357666016
1817, -274.73368490487337, 1, 21.347560805000057, 752, 1362103,                                             64371, 0.796646773815155, 78.4415283203125
1818, -1717.5840689837933, 1, 46.05369192499984, 1587, 1363690,                                             65958, 0.7953783273696899, 78.72245788574219
1819, -407.64449828863144, 2, 4.909774640999785, 159, 1363849,                                             66117, 0.8469054698944092, 78.83262634277344
1820, -349.92507945001125, 2, 9.93748509199986, 343, 1364192,                                             66460, 0.8248215317726135, 78.92530822753906
1821, -452.54087226092815, 2, 10.77241518899973, 370, 1364562,                                             66830, 0.8566391468048096, 79.05577850341797
1822, -2.6580963134765625, 1, 5.927851579000162, 201, 1364763,                                             67031, 0.8587120175361633, 79.1848373413086
1823, -372.8987949118018, 1, 28.632474293000087, 981, 1365744,                                             68012, 0.8545558452606201, 79.18961334228516
1824, -654.1588791459799, 2, 22.66526005200012, 777, 1366521,                                             68789, 0.8733481168746948, 79.24249267578125
1825, -271.0821391493082, 2, 7.131352770999911, 235, 1366756,                                             69024, 0.8296855688095093, 79.27919006347656
1826, -223.848168104887, 1, 16.739529028000106, 575, 1367331,                                             69599, 0.9270923137664795, 79.31298065185547
1827, -211.37206184864044, 2, 0.9139756279996618, 30, 1367361,                                             69629, 1.0246169567108154, 79.40486907958984
1828, -644.6322244852781, 2, 21.59357475900015, 730, 1368091,                                             70359, 0.8890580534934998, 79.55924987792969
1829, -774.0263814926147, 2, 22.860713612999916, 785, 1368876,                                             71144, 0.8872432112693787, 79.61945343017578
1830, 29.88891063630581, 1, 4.111194000000069, 134, 1369010,                                             71278, 0.9397369623184204, 79.85615539550781
1831, -544.1157767921686, 1, 26.17986112399967, 912, 1369922,                                             72190, 0.931608259677887, 79.82037353515625
1832, -434.53342651575804, 1, 30.96950846799973, 1089, 1371011,                                             73279, 0.895784318447113, 79.83676147460938
1833, -1627.3235780596733, 1, 37.61183135400006, 1322, 1372333,                                             74601, 0.9604947566986084, 80.03302001953125
1834, -1539.747660562396, 4, 51.341309696999815, 1777, 1374110,                                             76378, 0.9965013265609741, 80.48944091796875
1835, -74.84530571103096, 1, 10.538606480999988, 366, 1374476,                                             76744, 1.0043106079101562, 80.77348327636719
1836, -1264.5124858170748, 1, 34.30587006299993, 1182, 1375658,                                             77926, 1.0366744995117188, 80.9668197631836
1837, -277.5530541241169, 1, 20.969930517000194, 736, 1376394,                                             78662, 1.0049424171447754, 81.02303314208984
1838, -1228.490670748055, 4, 50.612214186000074, 1719, 1378113,                                             80381, 1.0719959735870361, 81.2452392578125
1839, -54.987348318099976, 1, 6.614901557999929, 219, 1378332,                                             80600, 1.0243346691131592, 81.26296997070312
1840, -1397.3176491111517, 2, 45.436734313000215, 1492, 1379824,                                             82092, 1.0978014469146729, 81.52611541748047
1841, -734.5107732713223, 1, 26.36211195099986, 901, 1380725,                                             82993, 1.108249545097351, 81.7264404296875
1842, -231.87269818782806, 2, 1.100730287999795, 30, 1380755,                                             83023, 1.0980486869812012, 81.60325622558594
1843, -186.60270470380783, 1, 21.332358646999637, 726, 1381481,                                             83749, 1.1015316247940063, 81.7901382446289
1844, -1496.6308063864708, 4, 50.65423143899989, 1701, 1383182,                                             85450, 1.1618164777755737, 82.02571868896484
1845, -197.55110789835453, 1, 24.175147386999924, 814, 1383996,                                             86264, 1.1716946363449097, 81.96711730957031
1846, -253.81608951091766, 2, 2.7065789270000096, 75, 1384071,                                             86339, 1.1410257816314697, 82.07987213134766
1847, -375.91505640745163, 1, 24.772372801000074, 842, 1384913,                                             87181, 1.1602461338043213, 81.9107894897461
1848, -179.34575693309307, 1, 18.151187003999894, 598, 1385511,                                             87779, 1.1824220418930054, 81.93934631347656
1849, -505.01897525787354, 2, 6.136174378000305, 208, 1385719,                                             87987, 1.1800920963287354, 82.13164520263672
1850, -154.82148867100477, 1, 15.74982206499999, 535, 1386254,                                             88522, 1.2098175287246704, 82.08984375
1851, -461.40357045829296, 1, 21.916251614999965, 747, 1387001,                                             89269, 1.2505213022232056, 82.12389373779297
1852, -557.7235397100449, 2, 7.134482801000104, 236, 1387237,                                             89505, 1.2056227922439575, 82.28740692138672
1853, 38.17490044236183, 1, 4.107008664000205, 133, 1387370,                                             89638, 1.2841548919677734, 82.32823181152344
1854, -335.7407744973898, 1, 19.395938036999723, 664, 1388034,                                             90302, 1.2348639965057373, 82.29226684570312
1855, -500.91385355591774, 2, 11.931233892999899, 395, 1388429,                                             90697, 1.2712945938110352, 82.28680419921875
1856, -110.5705945044756, 1, 13.303711049999947, 441, 1388870,                                             91138, 1.2525790929794312, 82.45911407470703
1857, -338.5046509206295, 1, 22.157498351999948, 744, 1389614,                                             91882, 1.2999331951141357, 82.46296691894531
1858, -258.19631734490395, 2, 3.9114285079999718, 119, 1389733,                                             92001, 1.308417558670044, 82.39907836914062
1859, -143.45966857671738, 1, 17.53384962400014, 588, 1390321,                                             92589, 1.2869764566421509, 82.59930419921875
1860, -325.6698764562607, 2, 4.510348873000112, 145, 1390466,                                             92734, 1.3076024055480957, 82.55237579345703
1861, 82.7393887937069, 1, 1.077268229999845, 30, 1390496,                                             92764, 1.315856695175171, 82.72461700439453
1862, -572.4149289280176, 1, 20.348052427999846, 691, 1391187,                                             93455, 1.3278236389160156, 82.58193969726562
1863, -178.16000881791115, 1, 17.15496859399991, 583, 1391770,                                             94038, 1.333579659461975, 82.60198974609375
1864, -347.0901408344507, 1, 22.969042646999696, 779, 1392549,                                             94817, 1.3606919050216675, 82.81523132324219
1865, -497.82332484424114, 1, 24.760301733000233, 824, 1393373,                                             95641, 1.391920566558838, 82.76704406738281
1866, -1307.091200903058, 1, 42.79930906899972, 1473, 1394846,                                             97114, 1.4165005683898926, 83.17822265625
1867, -372.34501162171364, 2, 9.31633892500031, 276, 1395122,                                             97390, 1.4365477561950684, 83.32061767578125
1868, -201.4116529673338, 1, 22.973071449000145, 810, 1395932,                                             98200, 1.4468005895614624, 83.38306427001953
1869, -751.0007379055023, 2, 9.220824079000067, 315, 1396247,                                             98515, 1.454073190689087, 83.28826904296875
1870, -9.334440559148788, 1, 9.344351252999786, 321, 1396568,                                             98836, 1.3845248222351074, 83.40131378173828
1871, -470.54343692958355, 2, 16.266480939999838, 545, 1397113,                                             99381, 1.478003740310669, 83.53296661376953
1872, -2.7031279802322388, 1, 6.929983127000014, 239, 1397352,                                             99620, 1.429404377937317, 83.33929443359375
1873, -1406.4368814229965, 2, 44.764366382999924, 1518, 1398870,                                             101138, 1.4249839782714844, 83.47733306884766
1874, -198.94462102651596, 1, 11.143032876000234, 373, 1399243,                                             101511, 1.4843789339065552, 83.85041809082031
1875, -1360.740964628756, 2, 44.29601691800008, 1501, 1400744,                                             103012, 1.486325979232788, 83.85031127929688
1876, -530.2223179489374, 1, 22.545257608000156, 752, 1401496,                                             103764, 1.4594734907150269, 84.13378143310547
1877, -295.559940174222, 1, 20.544669623999653, 680, 1402176,                                             104444, 1.503513216972351, 84.14105987548828
1878, -170.75772508978844, 1, 12.206569716999638, 406, 1402582,                                             104850, 1.5344512462615967, 84.05848693847656
1879, -413.19258247315884, 1, 24.557647198999803, 813, 1403395,                                             105663, 1.53603196144104, 84.0677719116211
1880, -370.85271471738815, 2, 3.943835773000046, 119, 1403514,                                             105782, 1.5860077142715454, 84.17145538330078
1881, -903.609952762723, 1, 41.33811599400042, 1398, 1404912,                                             107180, 1.557836651802063, 84.28992462158203
1882, -1553.8494576215744, 2, 16.542832307000026, 547, 1405459,                                             107727, 1.5751831531524658, 84.52857971191406
1883, -979.6958237439394, 1, 35.204823273999864, 1180, 1406639,                                             108907, 1.594868540763855, 84.72186279296875
1884, -274.16062676906586, 2, 1.9215773450000597, 55, 1406694,                                             108962, 1.5160470008850098, 85.23471069335938
1885, -114.35682120919228, 1, 9.943152832000123, 324, 1407018,                                             109286, 1.534785270690918, 85.1209945678711
1886, -346.7176195681095, 2, 8.12075204499979, 261, 1407279,                                             109547, 1.6269843578338623, 85.11444854736328
1887, 6.99437552690506, 1, 8.322978456000328, 264, 1407543,                                             109811, 1.5679187774658203, 85.12303161621094
1888, -448.33090011775494, 2, 14.74016192099998, 481, 1408024,                                             110292, 1.64577317237854, 85.1064224243164
1889, -308.8407421708107, 1, 24.894644783999865, 826, 1408850,                                             111118, 1.6158807277679443, 85.0031967163086
1890, -275.37420216202736, 2, 3.7245142870001473, 122, 1408972,                                             111240, 1.6350020170211792, 85.07341003417969
1891, -339.42313326895237, 2, 9.469060911999804, 302, 1409274,                                             111542, 1.6794153451919556, 85.01608276367188
1892, -303.3256025612354, 1, 13.001882111000214, 429, 1409703,                                             111971, 1.6339157819747925, 85.07254028320312
1893, -398.4101170152426, 2, 14.339695156999824, 468, 1410171,                                             112439, 1.6764634847640991, 85.19239807128906
1894, -309.62030805647373, 1, 13.936831440999867, 453, 1410624,                                             112892, 1.6746642589569092, 85.32498931884766
1895, -450.13467785716057, 1, 27.695971280999856, 892, 1411516,                                             113784, 1.6542410850524902, 85.08731079101562
1896, -158.62789206206799, 1, 16.97043322899981, 554, 1412070,                                             114338, 1.6965227127075195, 85.10985565185547
1897, -116.74357937276363, 1, 17.545195851000244, 569, 1412639,                                             114907, 1.6493933200836182, 85.03641510009766
1898, -180.42576795816422, 1, 19.649064542999895, 648, 1413287,                                             115555, 1.6859731674194336, 84.94781494140625
1899, -386.0374014675617, 2, 10.527089471999716, 338, 1413625,                                             115893, 1.6852346658706665, 85.09996032714844
1900, -31.477840214967728, 1, 10.343915801000094, 339, 1413964,                                             116232, 1.6843984127044678, 85.00525665283203
1901, -305.2508098781109, 2, 5.851753736000319, 181, 1414145,                                             116413, 1.6777331829071045, 84.7713394165039
1902, -314.1738606840372, 2, 8.321858425999835, 261, 1414406,                                             116674, 1.7040258646011353, 85.03718566894531
1903, -402.9858567714691, 2, 11.292773116999797, 370, 1414776,                                             117044, 1.6830732822418213, 85.1732177734375
1904, 39.21322827041149, 1, 5.717379391000122, 186, 1414962,                                             117230, 1.7488751411437988, 85.12311553955078
1905, -286.0105121731758, 1, 16.95425408500023, 555, 1415517,                                             117785, 1.769225835800171, 85.03111267089844
1906, -247.53380879759789, 2, 3.2572226349998346, 71, 1415588,                                             117856, 1.6840932369232178, 84.77660369873047
1907, -667.0564383864403, 2, 16.55299219399967, 544, 1416132,                                             118400, 1.7330951690673828, 85.16545867919922
1908, -634.367702037096, 1, 19.319436540000424, 641, 1416773,                                             119041, 1.7473475933074951, 85.20256805419922
1909, -496.00101736187935, 2, 12.331117503999849, 395, 1417168,                                             119436, 1.753499150276184, 85.25700378417969
1910, -173.51440516114235, 1, 20.51980700299964, 674, 1417842,                                             120110, 1.7811355590820312, 85.37406921386719
1911, -257.9532630741596, 2, 2.4364216270000725, 72, 1417914,                                             120182, 1.767773985862732, 85.45109558105469
1912, -1110.3673375546932, 1, 29.33149189400001, 959, 1418873,                                             121141, 1.7405328750610352, 85.40738677978516
1913, -217.8096580505371, 2, 1.3013538449999942, 30, 1418903,                                             121171, 1.7936547994613647, 86.00748443603516
1914, -574.2117416262627, 2, 11.943837989999793, 373, 1419276,                                             121544, 1.7542165517807007, 85.71358489990234
1915, -331.34173376858234, 2, 9.091392778999762, 268, 1419544,                                             121812, 1.7906006574630737, 85.97482299804688
1916, -137.07449884712696, 1, 10.32846988600022, 339, 1419883,                                             122151, 1.7644453048706055, 85.8525619506836
1917, -387.8319325596094, 1, 28.1217615759997, 917, 1420800,                                             123068, 1.8096896409988403, 85.96349334716797
1918, -472.0386006832123, 2, 12.950394588000108, 426, 1421226,                                             123494, 1.8111127614974976, 85.95384979248047
1919, -6.883690968155861, 1, 9.324109059999955, 300, 1421526,                                             123794, 1.844525933265686, 86.05646514892578
1920, -187.9033734202385, 1, 20.104920176000178, 655, 1422181,                                             124449, 1.8059730529785156, 86.26091003417969
1921, -377.4415368437767, 2, 6.264670833999844, 193, 1422374,                                             124642, 1.83229660987854, 85.79173278808594
1922, -59.731564819812775, 1, 7.896676922000097, 255, 1422629,                                             124897, 1.8452372550964355, 86.16976165771484
1923, -391.59972183406353, 2, 6.114827849999983, 195, 1422824,                                             125092, 1.8258352279663086, 86.29153442382812
1924, -430.59348683059216, 2, 10.34190537800032, 336, 1423160,                                             125428, 1.7834028005599976, 86.27889251708984
1925, 4.9445620477199554, 1, 5.913133669000217, 184, 1423344,                                             125612, 1.8588383197784424, 86.30536651611328
1926, -1785.724059715867, 4, 53.51386590199991, 1740, 1425084,                                             127352, 1.8739269971847534, 86.44416046142578
1927, -14.676371797919273, 1, 8.918496099000095, 287, 1425371,                                             127639, 1.8765451908111572, 86.78868103027344
1928, -536.3473623692989, 2, 14.952641672000027, 477, 1425848,                                             128116, 1.8528282642364502, 86.80593872070312
1929, -1835.3402247056365, 2, 36.011374808000255, 1181, 1427029,                                             129297, 1.8663287162780762, 86.83272552490234
1930, -28.902530878782272, 1, 8.91908206800008, 280, 1427309,                                             129577, 1.8177940845489502, 87.07415008544922
1931, -104.72298806905746, 1, 16.040794614000333, 517, 1427826,                                             130094, 1.8629311323165894, 87.15242004394531
1932, -338.0514675825834, 1, 20.54202486799977, 658, 1428484,                                             130752, 1.8812751770019531, 87.26162719726562
1933, -439.9220091551542, 1, 25.53870522299985, 821, 1429305,                                             131573, 1.918375015258789, 87.44127655029297
1934, -429.55386584997177, 1, 19.181547549000243, 613, 1429918,                                             132186, 1.9793202877044678, 87.67489624023438
1935, -472.60416680574417, 1, 27.381142033999822, 889, 1430807,                                             133075, 1.9945005178451538, 87.75353240966797
1936, -969.1669755280018, 2, 29.763127341000654, 963, 1431770,                                             134038, 1.9809987545013428, 87.74864196777344
1937, -84.30124862492085, 1, 15.950884070999564, 518, 1432288,                                             134556, 2.0476200580596924, 88.05162048339844
1938, -214.19091422855854, 1, 22.15637120699921, 715, 1433003,                                             135271, 2.0078861713409424, 87.9407730102539
1939, -77.92455114424229, 1, 13.753840465000394, 438, 1433441,                                             135709, 1.97733473777771, 87.99248504638672
1940, -207.7856726050377, 1, 19.134743877999426, 612, 1434053,                                             136321, 2.0133168697357178, 88.03443145751953
1941, -174.85097151994705, 1, 21.445725466000113, 696, 1434749,                                             137017, 2.0416409969329834, 88.19071960449219
1942, -1619.180057324469, 2, 51.22264086800078, 1651, 1436400,                                             138668, 2.0349016189575195, 88.26309204101562
1943, -34.62033033370972, 1, 10.330941025999891, 332, 1436732,                                             139000, 2.075343370437622, 88.28245544433594
1944, -408.48492789268494, 1, 19.946608526999626, 643, 1437375,                                             139643, 2.085691213607788, 88.59516906738281
1945, -773.655041962862, 2, 19.564945919999445, 630, 1438005,                                             140273, 2.085257053375244, 88.6435775756836
1946, -272.39319237321615, 1, 24.65638807600044, 823, 1438828,                                             141096, 2.0878183841705322, 88.75028228759766
1947, -224.84947311878204, 2, 1.3179332669997166, 41, 1438869,                                             141137, 2.0081372261047363, 89.08550262451172
1948, -837.7837371975183, 2, 16.962597437000113, 542, 1439411,                                             141679, 2.0756893157958984, 88.92829895019531
1949, -952.6006335988641, 4, 51.337009040999874, 1667, 1441078,                                             143346, 2.083817481994629, 89.15497589111328
1950, -120.68649071455002, 1, 17.561937077999573, 568, 1441646,                                             143914, 2.068814754486084, 89.39480590820312
1951, -235.37824523448944, 2, 1.5749284899993654, 40, 1441686,                                             143954, 2.2172884941101074, 89.57735443115234
1952, 45.3176294863224, 1, 4.733382604999861, 156, 1441842,                                             144110, 2.1099729537963867, 89.76335906982422
1953, -126.17823739349842, 1, 13.130208425999626, 432, 1442274,                                             144542, 2.0784616470336914, 89.53113555908203
1954, -371.3803114891052, 1, 28.708059114000207, 935, 1443209,                                             145477, 2.131682872772217, 89.5069351196289
1955, -317.26210717856884, 1, 24.324312312000075, 797, 1444006,                                             146274, 2.1208837032318115, 89.5661392211914
1956, -883.6686042249203, 4, 52.00275870599944, 1679, 1445685,                                             147953, 2.1301095485687256, 89.55419158935547
1957, -580.9291322678328, 2, 13.75778970400006, 447, 1446132,                                             148400, 2.1698853969573975, 89.69744110107422
1958, -991.3629403337836, 2, 32.19975443099975, 1044, 1447176,                                             149444, 2.1389267444610596, 89.8233871459961
1959, -22.648993745446205, 1, 9.507474912999896, 300, 1447476,                                             149744, 2.2084481716156006, 90.08734130859375
1960, -1085.9163660556078, 1, 49.02915675499935, 1587, 1449063,                                             151331, 2.1839475631713867, 90.17698669433594
1961, -369.1918931007385, 1, 18.62480085399966, 592, 1449655,                                             151923, 2.1933109760284424, 90.33894348144531
1962, -458.5304190814495, 2, 16.76250828299999, 540, 1450195,                                             152463, 2.2184526920318604, 90.34770202636719
1963, -20.527121737599373, 1, 10.737202754999998, 345, 1450540,                                             152808, 2.1998088359832764, 90.48694610595703
1964, -210.7253013253212, 1, 17.356897906000086, 537, 1451077,                                             153345, 2.221693277359009, 90.35420989990234
1965, -210.8999350965023, 1, 17.95958686800077, 569, 1451646,                                             153914, 2.1951751708984375, 90.3114242553711
1966, -305.82694475352764, 1, 21.719549978000032, 679, 1452325,                                             154593, 2.2262609004974365, 90.40616607666016
1967, -262.91877925395966, 2, 3.5136484929998915, 103, 1452428,                                             154696, 2.2171669006347656, 90.72284698486328
1968, -727.1102272421122, 2, 32.79669485500017, 1041, 1453469,                                             155737, 2.2286276817321777, 90.51607513427734
1969, 75.79555884003639, 1, 2.7128361029999724, 69, 1453538,                                             155806, 2.2611701488494873, 90.6449966430664
1970, -1226.9023964852095, 2, 25.981499389999954, 838, 1454376,                                             156644, 2.2613332271575928, 90.8130874633789
1971, -319.408196285367, 2, 10.558678437000708, 337, 1454713,                                             156981, 2.3224847316741943, 90.88996124267578
1972, -446.6683638840914, 2, 11.75416622099965, 374, 1455087,                                             157355, 2.2793173789978027, 91.02801513671875
1973, 74.05212706327438, 1, 2.307854245999806, 64, 1455151,                                             157419, 2.369093656539917, 91.2350082397461
1974, -225.4816715568304, 1, 23.179078388000562, 746, 1455897,                                             158165, 2.295382261276245, 91.06072235107422
1975, -211.042638361454, 2, 1.102566847000162, 30, 1455927,                                             158195, 2.2804179191589355, 90.9870376586914
1976, -128.83977063000202, 1, 18.761278060000222, 595, 1456522,                                             158790, 2.2801167964935303, 91.12847900390625
1977, -680.366026610136, 2, 21.981937522999942, 694, 1457216,                                             159484, 2.3094687461853027, 91.08076477050781
1978, -45.96979397535324, 1, 12.343580187000043, 385, 1457601,                                             159869, 2.2640380859375, 91.0123291015625
1979, -258.5067978054285, 1, 17.206690673000594, 552, 1458153,                                             160421, 2.333043336868286, 91.20658874511719
1980, -635.4364229142666, 1, 32.58381208299943, 1047, 1459200,                                             161468, 2.3220362663269043, 91.23077392578125
1981, -164.991042137146, 1, 21.07710706600028, 671, 1459871,                                             162139, 2.3168234825134277, 91.21476745605469
1982, -1016.5476591289043, 4, 52.032997153, 1666, 1461537,                                             163805, 2.3306849002838135, 91.21146392822266
1983, 90.55746507644653, 1, 1.116104854999321, 30, 1461567,                                             163835, 2.2681453227996826, 91.17607879638672
1984, -555.6347336322069, 2, 18.388811279999572, 583, 1462150,                                             164418, 2.3721671104431152, 91.43492889404297
1985, -245.54425475001335, 1, 12.542491339000662, 398, 1462548,                                             164816, 2.3173141479492188, 91.2962875366211
1986, -491.5217430591583, 2, 13.519950253000388, 419, 1462967,                                             165235, 2.3092870712280273, 91.55435180664062
1987, -90.12312853336334, 1, 16.952240692000487, 536, 1463503,                                             165771, 2.3662028312683105, 91.5698013305664
1988, -860.1255817562342, 1, 45.31237514700024, 1440, 1464943,                                             167211, 2.3622586727142334, 91.66203308105469
1989, -292.18596737086773, 1, 28.689837377999538, 896, 1465839,                                             168107, 2.3520960807800293, 91.5932388305664
1990, -640.7014836966991, 1, 32.62554298199939, 1045, 1466884,                                             169152, 2.3998448848724365, 91.60466003417969
1991, -1216.8528245389462, 4, 51.728233425000326, 1637, 1468521,                                             170789, 2.3652329444885254, 91.65091705322266
1992, -574.8888130933046, 2, 15.871759093000037, 494, 1469015,                                             171283, 2.371770143508911, 91.64781951904297
1993, 15.865354105830193, 1, 5.912034306999885, 182, 1469197,                                             171465, 2.4271435737609863, 91.66383361816406
1994, -185.09789709746838, 1, 18.026188034999905, 571, 1469768,                                             172036, 2.36169171333313, 91.94165802001953
1995, -308.56087335944176, 1, 22.557050873999287, 708, 1470476,                                             172744, 2.375711441040039, 91.71885681152344
1996, -562.1851479560137, 2, 17.39128959500067, 560, 1471036,                                             173304, 2.435473918914795, 91.70011901855469
1997, -126.60252864658833, 1, 11.513761866000095, 358, 1471394,                                             173662, 2.3671672344207764, 91.72563171386719
1998, -427.53766782581806, 1, 22.60114749099921, 713, 1472107,                                             174375, 2.4277117252349854, 91.85283660888672
1999, -250.3637627363205, 1, 26.83189302000028, 842, 1472949,                                             175217, 2.446241617202759, 91.84642028808594
2000, -128.1234761327505, 1, 18.94480844500049, 586, 1473535,                                             175803, 2.3858401775360107, 91.944580078125
2001, -643.5832879394293, 2, 17.465854486999888, 550, 1474085,                                             176353, 2.450819969177246, 91.93514251708984
2002, -271.6718144863844, 1, 19.410143557000083, 596, 1474681,                                             176949, 2.4868195056915283, 91.94923400878906
2003, -489.31226716935635, 1, 40.84580211100001, 1277, 1475958,                                             178226, 2.4286465644836426, 91.80632019042969
2004, -300.87373457849026, 1, 31.626750975000505, 991, 1476949,                                             179217, 2.40554141998291, 91.65569305419922
2005, -553.3515035063028, 1, 40.463709622999886, 1274, 1478223,                                             180491, 2.3798580169677734, 91.83598327636719
2006, -154.03278110921383, 1, 15.961205249000159, 498, 1478721,                                             180989, 2.407820463180542, 91.81562805175781
2007, -191.29324731230736, 1, 17.75681582499965, 555, 1479276,                                             181544, 2.465190887451172, 91.91654968261719
2008, -1018.0639073699713, 4, 53.067632742999194, 1679, 1480955,                                             183223, 2.432760715484619, 91.79254150390625
2009, -442.0765252262354, 2, 11.549861004000377, 362, 1481317,                                             183585, 2.446585178375244, 91.8531723022461
2010, -326.1098666936159, 1, 26.80013736300043, 838, 1482155,                                             184423, 2.421511173248291, 91.73824310302734
2011, -817.2952173277736, 2, 31.890257863999977, 1000, 1483155,                                             185423, 2.4010558128356934, 91.7145004272461
2012, -563.3115419894457, 2, 12.57337879700026, 385, 1483540,                                             185808, 2.420030117034912, 91.79828643798828
2013, -144.37693358957767, 1, 21.166698996999912, 666, 1484206,                                             186474, 2.3876450061798096, 91.67744445800781
2014, -1037.7413127943873, 4, 53.68396947200017, 1672, 1485878,                                             188146, 2.404149055480957, 91.58238983154297
2015, -333.8408674299717, 2, 8.534317548999752, 264, 1486142,                                             188410, 2.4212841987609863, 91.6905746459961
2016, -62.61756971478462, 1, 11.533008946999871, 350, 1486492,                                             188760, 2.3967599868774414, 91.37435913085938
2017, -501.0765797495842, 1, 30.217404390999945, 945, 1487437,                                             189705, 2.3714470863342285, 91.65172576904297
2018, -292.9094035923481, 2, 4.700872461000472, 136, 1487573,                                             189841, 2.391213893890381, 91.40340423583984
2019, -130.70005604624748, 1, 15.355858808000448, 474, 1488047,                                             190315, 2.3605313301086426, 91.54002380371094
2020, -233.4580489397049, 2, 1.3013091459997668, 30, 1488077,                                             190345, 2.3143150806427, 92.20919036865234
2021, -444.56230315566063, 2, 15.831517028000235, 492, 1488569,                                             190837, 2.416198968887329, 91.36089324951172
2022, 51.072244584560394, 1, 4.108931454999947, 122, 1488691,                                             190959, 2.495965003967285, 91.4875259399414
2023, -82.19456385076046, 1, 15.327372518999255, 471, 1489162,                                             191430, 2.3645870685577393, 91.49816131591797
2024, -211.15408290922642, 1, 18.35785830399982, 572, 1489734,                                             192002, 2.4293181896209717, 91.53968811035156
2025, -390.20399925112724, 2, 12.52608763599983, 381, 1490115,                                             192383, 2.4077682495117188, 91.64772033691406
2026, -177.9577947407961, 1, 18.18938278099995, 566, 1490681,                                             192949, 2.391977310180664, 91.59451293945312
2027, -586.4877315461636, 2, 26.390042592999635, 822, 1491503,                                             193771, 2.4590373039245605, 91.49433898925781
2028, 39.888410061597824, 1, 5.333415232999869, 162, 1491665,                                             193933, 2.4147403240203857, 91.910888671875
2029, -128.34209693968296, 1, 16.195087974999296, 502, 1492167,                                             194435, 2.4319562911987305, 91.61381530761719
2030, -269.6773455440998, 1, 17.548800646000018, 539, 1492706,                                             194974, 2.442678928375244, 91.55130767822266
2031, -268.39984905719757, 1, 17.633602232999692, 548, 1493254,                                             195522, 2.356640338897705, 91.578857421875
2032, -107.12573574483395, 1, 13.137183957000161, 402, 1493656,                                             195924, 2.419243097305298, 91.66625213623047
2033, -403.09086042642593, 1, 28.381826067000475, 885, 1494541,                                             196809, 2.422030210494995, 91.63855743408203
2034, -291.67093655467033, 2, 3.108055116000287, 87, 1494628,                                             196896, 2.469487190246582, 91.4683609008789
2035, -498.1169622540474, 2, 20.20426120800039, 662, 1495290,                                             197558, 2.3811259269714355, 91.65937805175781
2036, 87.57526545226574, 1, 1.1026160070005062, 30, 1495320,                                             197588, 2.214343547821045, 92.07984161376953
2037, -190.6913441196084, 1, 24.366771611999866, 751, 1496071,                                             198339, 2.443297863006592, 91.5606460571289
2038, -243.04624170064926, 2, 1.7207117589996415, 46, 1496117,                                             198385, 2.4222278594970703, 91.04154968261719
2039, -328.46409244835377, 1, 30.00247370999932, 934, 1497051,                                             199319, 2.4098846912384033, 91.50896453857422
2040, -304.19172041118145, 1, 15.956414430999757, 495, 1497546,                                             199814, 2.4473249912261963, 91.53025817871094
2041, -438.29072988033295, 2, 19.186349587000223, 590, 1498136,                                             200404, 2.4357621669769287, 91.6459732055664
2042, -4.445562869310379, 1, 9.741289056999449, 304, 1498440,                                             200708, 2.4446353912353516, 91.62212371826172
2043, -220.41400530934334, 1, 28.084690388000126, 871, 1499311,                                             201579, 2.430047035217285, 91.48346710205078
2044, -301.98423615098, 1, 18.425430756000424, 572, 1499883,                                             202151, 2.388702630996704, 91.55154418945312
2045, -530.8069960922003, 1, 33.244458977999784, 1042, 1500925,                                             203193, 2.4166812896728516, 91.54373931884766
2046, -274.7624712884426, 2, 3.126190220999888, 93, 1501018,                                             203286, 2.383934497833252, 91.76171875
2047, -18.25589370727539, 1, 10.140294138000172, 311, 1501329,                                             203597, 2.4071075916290283, 91.70597076416016
2048, -336.7141978442669, 2, 7.320993039999848, 220, 1501549,                                             203817, 2.440086603164673, 91.5876693725586
2049, -246.74599914252758, 1, 21.81472419199963, 674, 1502223,                                             204491, 2.406183958053589, 91.65708923339844
2050, -220.34814271330833, 1, 22.844169332000092, 694, 1502917,                                             205185, 2.4394137859344482, 91.7446060180664
2051, -183.50451970100403, 1, 18.547692710000774, 574, 1503491,                                             205759, 2.428960084915161, 91.87034606933594
2052, -361.4049955755472, 1, 20.329584064999835, 638, 1504129,                                             206397, 2.4534122943878174, 91.74146270751953
2053, -1152.5392804592848, 4, 52.407730998999796, 1633, 1505762,                                             208030, 2.4342751502990723, 91.68893432617188
2054, 62.99759405106306, 1, 3.518985392000104, 104, 1505866,                                             208134, 2.5915377140045166, 91.8675537109375
2055, -261.23214779794216, 1, 16.140146402000028, 489, 1506355,                                             208623, 2.4233036041259766, 91.93606567382812
2056, -227.04432366788387, 1, 22.8392741990001, 710, 1507065,                                             209333, 2.453895330429077, 91.63351440429688
2057, -1420.2501671165228, 2, 46.460903348999636, 1417, 1508482,                                             210750, 2.461097240447998, 91.90703582763672
2058, -340.91402050852776, 2, 10.931861129000026, 328, 1508810,                                             211078, 2.513245105743408, 91.90554809570312
2059, -337.74885277450085, 2, 8.534428145000675, 264, 1509074,                                             211342, 2.509441614151001, 91.98379516601562
2060, -93.64270478487015, 1, 13.346519757999886, 414, 1509488,                                             211756, 2.4398720264434814, 92.0701675415039
2061, -384.1372734606266, 1, 26.048678033000215, 799, 1510287,                                             212555, 2.4591267108917236, 92.07444763183594
2062, -1273.3196642324328, 4, 52.321649370999694, 1620, 1511907,                                             214175, 2.4880573749542236, 92.19400787353516
2063, -140.86310556530952, 1, 18.63542929200048, 579, 1512486,                                             214754, 2.495482921600342, 91.93631744384766
2064, -382.5910362005234, 1, 34.25651968500006, 1062, 1513548,                                             215816, 2.4967339038848877, 91.93821716308594
2065, -773.4667217582464, 2, 28.3103499609997, 878, 1514426,                                             216694, 2.4467504024505615, 91.78006744384766
2066, 4.122795432806015, 1, 8.319185931999527, 245, 1514671,                                             216939, 2.5311222076416016, 92.0045394897461
2067, -569.4285873919725, 1, 27.850336152000637, 860, 1515531,                                             217799, 2.4742860794067383, 91.95928955078125
2068, -302.0999457836151, 2, 2.0998316349996458, 54, 1515585,                                             217853, 2.5200865268707275, 91.54949951171875
2069, -1123.5693982169032, 4, 53.033975244999965, 1642, 1517227,                                             219495, 2.4814348220825195, 91.93949890136719
2070, -196.97873155772686, 1, 13.934746459000053, 419, 1517646,                                             219914, 2.439356803894043, 91.84527587890625
2071, -736.5966336876154, 2, 20.219392254999548, 622, 1518268,                                             220536, 2.431917190551758, 91.90446472167969
2072, -131.43990951776505, 1, 22.570530447000237, 688, 1518956,                                             221224, 2.499683380126953, 91.864990234375
2073, -1182.3148146867752, 4, 52.93945610999981, 1568, 1520524,                                             222792, 2.4950129985809326, 91.98578643798828
2074, -258.34589898586273, 1, 20.241485509000086, 621, 1521145,                                             223413, 2.502501964569092, 91.79779052734375
2075, -898.1366618573666, 1, 45.694080983000276, 1411, 1522556,                                             224824, 2.4849305152893066, 92.00558471679688
2076, -272.6494580954313, 1, 32.87990565200016, 1006, 1523562,                                             225830, 2.471970558166504, 91.93387603759766
2077, -1677.0689528286457, 4, 52.40619257900016, 1617, 1525179,                                             227447, 2.495530843734741, 91.92313385009766
2078, -1093.6915468126535, 4, 51.12012799100012, 1572, 1526751,                                             229019, 2.4919698238372803, 91.95269775390625
2079, -155.86708921194077, 1, 20.032503282000107, 614, 1527365,                                             229633, 2.5528979301452637, 92.04573822021484
2080, -199.48589245975018, 1, 23.460520534999887, 716, 1528081,                                             230349, 2.534421920776367, 91.89219665527344
2081, -132.35691177845, 1, 17.689824381000108, 538, 1528619,                                             230887, 2.495281457901001, 91.80351257324219
2082, -1207.7545967400074, 4, 52.614095476999864, 1582, 1530201,                                             232469, 2.4846792221069336, 91.78018951416016
2083, -17.390426218509674, 1, 11.544903394999892, 338, 1530539,                                             232807, 2.4925668239593506, 91.92454528808594
2084, -996.7041524499655, 4, 53.91470836600001, 1636, 1532175,                                             234443, 2.512681484222412, 91.7847900390625
2085, -149.61994506418705, 1, 23.88820133900026, 723, 1532898,                                             235166, 2.496570110321045, 91.72547912597656
2086, -705.1196884661913, 1, 39.93773478000003, 1213, 1534111,                                             236379, 2.454662322998047, 91.6584701538086
2087, -1326.7383003383875, 1, 41.90826697400007, 1282, 1535393,                                             237661, 2.502558708190918, 91.90093231201172
2088, -560.747070863843, 2, 25.878349016000357, 789, 1536182,                                             238450, 2.4578781127929688, 91.97592163085938
2089, -40.921321496367455, 1, 12.049948910999774, 366, 1536548,                                             238816, 2.531282424926758, 92.05168151855469
2090, -874.7938623130322, 4, 51.34800775900021, 1568, 1538116,                                             240384, 2.4770662784576416, 91.85550689697266
2091, 59.35286456346512, 1, 4.013222763000158, 121, 1538237,                                             240505, 2.357166051864624, 91.85018920898438
2092, -422.907548353076, 1, 25.6686430259997, 778, 1539015,                                             241283, 2.4913573265075684, 91.70086669921875
2093, -272.71849328279495, 1, 23.481848323000122, 717, 1539732,                                             242000, 2.484661340713501, 91.87920379638672
2094, -76.84766894578934, 1, 12.931911488999503, 377, 1540109,                                             242377, 2.4228572845458984, 91.80119323730469
2095, -868.9113945364952, 4, 52.475925908000136, 1584, 1541693,                                             243961, 2.4656004905700684, 91.6759262084961
2096, 67.61003336310387, 1, 2.5218283809999775, 61, 1541754,                                             244022, 2.5323262214660645, 91.88479614257812
2097, -924.7857723385096, 4, 51.872457178999866, 1585, 1543339,                                             245607, 2.443636894226074, 91.66914367675781
2098, -73.52343420684338, 1, 13.935689408000144, 418, 1543757,                                             246025, 2.438617706298828, 91.53722381591797
2099, -332.48852252960205, 1, 22.27962500400008, 676, 1544433,                                             246701, 2.4798200130462646, 91.55725860595703
2100, -396.0204635709524, 2, 14.158341076999932, 431, 1544864,                                             247132, 2.529304265975952, 91.58370971679688
2101, -83.70523042976856, 1, 13.799744703000215, 416, 1545280,                                             247548, 2.4627060890197754, 91.46800994873047
2102, -131.65103867650032, 1, 15.556732755999292, 476, 1545756,                                             248024, 2.4847300052642822, 91.2744140625
2103, -684.1024777889252, 2, 23.506071589000385, 704, 1546460,                                             248728, 2.5028884410858154, 91.69615936279297
2104, -439.961786955595, 2, 10.676913352000156, 315, 1546775,                                             249043, 2.464953660964966, 91.52899169921875
2105, -886.6863318830729, 2, 38.53128329300034, 1170, 1547945,                                             250213, 2.497318983078003, 91.63406372070312
2106, 74.46270939707756, 1, 2.71708432000014, 76, 1548021,                                             250289, 2.541581630706787, 91.59039306640625
2107, -103.14122119545937, 1, 13.933320279000327, 419, 1548440,                                             250708, 2.415985107421875, 91.32244873046875
2108, -1264.5031569749117, 4, 52.87383646000035, 1607, 1550047,                                             252315, 2.494163751602173, 91.51286315917969
2109, -113.39468178153038, 1, 19.277026853999814, 581, 1550628,                                             252896, 2.481931686401367, 91.69022369384766
2110, -195.64298471808434, 1, 16.34649823500058, 484, 1551112,                                             253380, 2.4999961853027344, 91.77533721923828
2111, -195.3042567372322, 1, 23.43248124999991, 684, 1551796,                                             254064, 2.539212942123413, 91.74317169189453
2112, -241.6593265235424, 2, 2.52584862599997, 76, 1551872,                                             254140, 2.4663147926330566, 91.9111099243164
2113, -1075.7659575119615, 4, 52.88714884000001, 1592, 1553464,                                             255732, 2.5476012229919434, 91.63397979736328
2114, -98.43205024302006, 1, 10.5419651480006, 315, 1553779,                                             256047, 2.4781105518341064, 91.57696533203125
2115, -226.802319124341, 1, 22.682563327000025, 676, 1554455,                                             256723, 2.506382942199707, 91.6195068359375
2116, -191.48426826298237, 1, 23.564894864000962, 708, 1555163,                                             257431, 2.493358612060547, 91.74247741699219
2117, -338.77552103996277, 2, 4.0410611650004284, 114, 1555277,                                             257545, 2.408822536468506, 91.41866302490234
2118, -721.5187993943691, 1, 36.11723130399878, 1105, 1556382,                                             258650, 2.5415539741516113, 91.5167007446289
2119, -293.95536667108536, 2, 3.9065125079996506, 109, 1556491,                                             258759, 2.514519453048706, 91.5186767578125
2120, -210.38708950579166, 1, 16.345333269000548, 483, 1556974,                                             259242, 2.5322911739349365, 91.4686279296875
2121, -320.9506955444813, 2, 5.1959664130008605, 156, 1557130,                                             259398, 2.5136396884918213, 91.78044891357422
2122, -105.1669651567936, 1, 19.945224078999672, 605, 1557735,                                             260003, 2.559335947036743, 91.50672912597656
2123, -155.70633083581924, 1, 14.08067240499986, 425, 1558160,                                             260428, 2.536282539367676, 91.4962158203125
2124, -349.4119182676077, 2, 12.732248869999239, 384, 1558544,                                             260812, 2.5438265800476074, 91.64007568359375
2125, 13.960954636335373, 1, 7.531354695000118, 229, 1558773,                                             261041, 2.5487217903137207, 91.44307708740234
2126, -286.81097239255905, 1, 30.71571578899966, 930, 1559703,                                             261971, 2.5349607467651367, 91.50686645507812
2127, -458.8207341134548, 2, 19.92775336500017, 604, 1560307,                                             262575, 2.4861762523651123, 91.56268310546875
2128, -359.15626116096973, 1, 22.910237582000264, 690, 1560997,                                             263265, 2.544196128845215, 91.65148162841797
2129, -931.7003774121404, 4, 51.137866614000814, 1522, 1562519,                                             264787, 2.548450469970703, 91.57333374023438
2130, -858.0571802705526, 4, 51.872402922999754, 1554, 1564073,                                             266341, 2.5433881282806396, 91.59056091308594
2131, 15.88456267118454, 1, 8.409879216998888, 247, 1564320,                                             266588, 2.5463314056396484, 91.65487670898438
2132, -259.18828386068344, 1, 23.08762784300052, 695, 1565015,                                             267283, 2.531959295272827, 91.51737976074219
2133, -559.0735837966204, 2, 19.6892091360005, 586, 1565601,                                             267869, 2.591371536254883, 91.3392105102539
2134, -408.5008106827736, 2, 17.75006278499859, 536, 1566137,                                             268405, 2.5434367656707764, 91.46897888183594
2135, -117.26585096120834, 1, 16.872612324999864, 506, 1566643,                                             268911, 2.51705265045166, 91.42452239990234
2136, -182.89007851481438, 1, 19.36239074600053, 590, 1567233,                                             269501, 2.570343017578125, 91.15596008300781
2137, -230.4879164546728, 1, 29.515377633000753, 892, 1568125,                                             270393, 2.5610570907592773, 91.32901763916016
2138, -289.86637729406357, 2, 2.7178506899999775, 77, 1568202,                                             270470, 2.473860025405884, 90.70848846435547
2139, -48.942070335149765, 1, 10.465421619999688, 320, 1568522,                                             270790, 2.459036111831665, 91.05824279785156
2140, -431.590706795454, 2, 18.5454575499989, 544, 1569066,                                             271334, 2.5348587036132812, 91.19021606445312
2141, -71.1381913870573, 1, 10.75914236599965, 313, 1569379,                                             271647, 2.524657964706421, 91.25212097167969
2142, -47.006402641534805, 1, 13.148932725000122, 399, 1569778,                                             272046, 2.602612257003784, 91.1905517578125
2143, -936.5380097180605, 4, 52.874545902001046, 1597, 1571375,                                             273643, 2.534369945526123, 90.96404266357422
2144, -116.3647223263979, 1, 19.360896958000012, 584, 1571959,                                             274227, 2.5624310970306396, 90.81551361083984
2145, -1419.8285872936249, 4, 52.89040555000065, 1556, 1573515,                                             275783, 2.5218420028686523, 90.88715362548828
2146, -959.213264927268, 4, 53.54903681500036, 1603, 1575118,                                             277386, 2.5207290649414062, 90.94625091552734
2147, -136.6561126112938, 1, 14.337017083998944, 423, 1575541,                                             277809, 2.525620937347412, 91.0753173828125
2148, -114.07164891064167, 1, 19.71850706999976, 579, 1576120,                                             278388, 2.5067355632781982, 91.18959045410156
2149, -507.2070469111204, 1, 37.11882367200087, 1094, 1577214,                                             279482, 2.547203779220581, 90.91022491455078
2150, -547.9107630103827, 2, 23.66797046299871, 707, 1577921,                                             280189, 2.5824437141418457, 90.72168731689453
2151, -64.86536648869514, 1, 9.565710062999642, 291, 1578212,                                             280480, 2.5637240409851074, 90.70611572265625
2152, -849.177110388875, 4, 53.9003170750002, 1618, 1579830,                                             282098, 2.545053720474243, 90.6656494140625
2153, -26.957786858081818, 1, 12.346535209999274, 362, 1580192,                                             282460, 2.4998021125793457, 90.66322326660156
2154, -1109.6320174112916, 4, 53.69497604800017, 1601, 1581793,                                             284061, 2.532966375350952, 90.6968765258789
2155, -138.16153997182846, 1, 23.526077589000124, 696, 1582489,                                             284757, 2.579653024673462, 90.53340148925781
2156, -267.95036804676056, 2, 2.904667064000023, 81, 1582570,                                             284838, 2.6434550285339355, 90.54443359375
2157, -81.594522356987, 1, 18.349917847999677, 544, 1583114,                                             285382, 2.489689826965332, 90.50190734863281
2158, -217.5064150094986, 2, 1.3156283139996958, 36, 1583150,                                             285418, 2.6555593013763428, 90.19276428222656
2159, -396.5214308798313, 2, 15.092929966998781, 440, 1583590,                                             285858, 2.5271265506744385, 90.37126159667969
2160, 21.85370983183384, 1, 6.319376265999381, 173, 1583763,                                             286031, 2.381989002227783, 90.34351348876953
2161, -956.0041343122721, 4, 52.12786187399979, 1509, 1585272,                                             287540, 2.4990246295928955, 90.38164520263672
2162, -687.4935132712126, 1, 32.11805370300135, 956, 1586228,                                             288496, 2.5083775520324707, 90.3715591430664
2163, -180.55111700296402, 1, 19.565741278000132, 576, 1586804,                                             289072, 2.54487681388855, 90.19458770751953
2164, -365.72699907422066, 1, 21.683734669999467, 646, 1587450,                                             289718, 2.51015043258667, 90.21690368652344
2165, -254.65628343820572, 1, 24.32781951099969, 730, 1588180,                                             290448, 2.476177453994751, 90.3196029663086
2166, -691.4773242026567, 1, 40.95714433299872, 1231, 1589411,                                             291679, 2.525434970855713, 90.0660629272461
2167, -333.67188054323196, 1, 33.55733297400002, 1010, 1590421,                                             292689, 2.4890544414520264, 89.97296905517578
2168, -272.24640914797783, 1, 24.7578731779995, 736, 1591157,                                             293425, 2.4922730922698975, 89.94770050048828
2169, -245.13883870840073, 2, 1.918276820999381, 57, 1591214,                                             293482, 2.308403491973877, 90.66280364990234
2170, -551.6797209829092, 1, 43.00084985099966, 1299, 1592513,                                             294781, 2.502531051635742, 89.79673767089844
2171, -304.5587200522423, 2, 3.7979613120005524, 106, 1592619,                                             294887, 2.4740045070648193, 89.39159393310547
2172, -9.662218667566776, 1, 9.134892955999021, 276, 1592895,                                             295163, 2.4927430152893066, 89.91814422607422
2173, -708.6272106319666, 1, 29.569439544999113, 882, 1593777,                                             296045, 2.4970924854278564, 89.9683609008789
2174, -223.5970686674118, 2, 1.519270733000667, 42, 1593819,                                             296087, 2.634169101715088, 90.77527618408203
2175, -115.91615235805511, 1, 22.352090790000148, 667, 1594486,                                             296754, 2.581998586654663, 89.88037109375
2176, -578.4893592745066, 1, 41.8155190260004, 1269, 1595755,                                             298023, 2.50813364982605, 89.76667785644531
2177, -256.7768581211567, 1, 16.543258623998554, 488, 1596243,                                             298511, 2.462015151977539, 89.7320327758789
2178, -373.87296073138714, 1, 33.783936175001145, 1012, 1597255,                                             299523, 2.515625476837158, 89.85164642333984
2179, -160.4256354868412, 1, 18.998255992999475, 559, 1597814,                                             300082, 2.478980302810669, 89.70481872558594
2180, -268.1436617076397, 1, 23.958520877999035, 721, 1598535,                                             300803, 2.551889657974243, 89.74451446533203
2181, -470.1667132675648, 1, 32.810538609001014, 975, 1599510,                                             301778, 2.4944911003112793, 89.67127227783203
2182, -279.5243300497532, 2, 4.881718328000716, 135, 1599645,                                             301913, 2.5389323234558105, 89.57200622558594
2183, 68.61941432952881, 1, 2.919485127998996, 84, 1599729,                                             301997, 2.448016881942749, 89.23402404785156
2184, -919.8929287195206, 4, 51.96637106900016, 1550, 1601279,                                             303547, 2.5353968143463135, 89.58743286132812
2185, -139.25763170421124, 1, 21.56931601099859, 641, 1601920,                                             304188, 2.512585163116455, 89.49809265136719
2186, -439.30262593925, 1, 35.893620737000674, 1073, 1602993,                                             305261, 2.544931650161743, 89.51510620117188
2187, -458.6330295652151, 2, 24.367202486999304, 717, 1603710,                                             305978, 2.4804928302764893, 89.43802642822266
2188, -727.719942830503, 2, 30.579481683000267, 901, 1604611,                                             306879, 2.4941346645355225, 89.59393310546875
2189, -556.8559760451317, 2, 16.88223983700118, 489, 1605100,                                             307368, 2.5148727893829346, 89.35858154296875
2190, -25.02243022620678, 1, 10.734796611999627, 301, 1605401,                                             307669, 2.5206494331359863, 89.42594909667969
2191, -777.9654346555471, 4, 51.844521793998865, 1533, 1606934,                                             309202, 2.5210118293762207, 89.28999328613281
2192, 86.24695281684399, 1, 1.3025207660011802, 30, 1606964,                                             309232, 2.4823315143585205, 89.55423736572266
2193, -1041.0911999195814, 4, 52.36773874999926, 1542, 1608506,                                             310774, 2.497142791748047, 89.34363555908203
2194, 82.22613172233105, 1, 1.9155574390006223, 51, 1608557,                                             310825, 2.636388063430786, 89.3011703491211
2195, -308.2402314245701, 1, 27.321300163999695, 789, 1609346,                                             311614, 2.5631158351898193, 89.26716613769531
2196, -240.42593479156494, 2, 1.3065779749995272, 30, 1609376,                                             311644, 2.4581944942474365, 89.64250946044922
2197, -844.5856700092554, 4, 51.00333552400116, 1515, 1610891,                                             313159, 2.4919824600219727, 89.2349624633789
2198, -1045.6401608288288, 4, 52.16725111999949, 1558, 1612449,                                             314717, 2.4695205688476562, 89.04717254638672
2199, -77.03671713918447, 1, 14.95445471399944, 447, 1612896,                                             315164, 2.5217716693878174, 89.03667449951172
2200, -714.5945711284876, 2, 28.00139743499858, 825, 1613721,                                             315989, 2.505733013153076, 89.13330841064453
2201, -1060.0605271458626, 4, 52.54548127000089, 1526, 1615247,                                             317515, 2.5015623569488525, 89.05732727050781
2202, 49.77925817668438, 1, 5.932575023000027, 155, 1615402,                                             317670, 2.4417760372161865, 89.10111999511719
2203, -432.03721465170383, 2, 16.71608543200091, 467, 1615869,                                             318137, 2.5395145416259766, 88.91931915283203
2204, -931.1338997036219, 4, 50.40567401699991, 1458, 1617327,                                             319595, 2.4809577465057373, 88.90503692626953
2205, -165.88378082215786, 1, 24.70130160000008, 724, 1618051,                                             320319, 2.510895252227783, 88.84027862548828
2206, -280.3989063501358, 2, 3.527185195000129, 98, 1618149,                                             320417, 2.51896595954895, 88.5500259399414
2207, -37.5699298530817, 1, 12.32004993100054, 364, 1618513,                                             320781, 2.510361909866333, 89.16934967041016
2208, -376.6469326019287, 2, 8.920422475999658, 257, 1618770,                                             321038, 2.5645265579223633, 88.80939483642578
2209, -671.1598496064544, 2, 32.475693362999664, 964, 1619734,                                             322002, 2.4576168060302734, 88.76091003417969
2210, -122.37485630810261, 1, 18.560439413000495, 549, 1620283,                                             322551, 2.448359966278076, 88.77766418457031
2211, -578.9733872562647, 1, 50.44792279399917, 1480, 1621763,                                             324031, 2.472294807434082, 88.68783569335938
2212, -257.3973592221737, 2, 2.921048667998548, 80, 1621843,                                             324111, 2.546658992767334, 88.45433044433594
2213, -107.86734849214554, 1, 16.432272015999843, 479, 1622322,                                             324590, 2.4396896362304688, 88.79564666748047
2214, -862.4179435670376, 2, 46.3212073199993, 1348, 1623670,                                             325938, 2.4527132511138916, 88.60418701171875
2215, 83.60112828016281, 1, 1.5059402189999673, 38, 1623708,                                             325976, 2.434633255004883, 88.30767059326172
2216, -84.93551702797413, 1, 16.047290888000134, 467, 1624175,                                             326443, 2.527766227722168, 88.58275604248047
2217, -436.0679011940956, 1, 34.07065280400093, 981, 1625156,                                             327424, 2.424661636352539, 88.43395233154297
2218, -365.13910299539566, 2, 14.934688751000067, 429, 1625585,                                             327853, 2.4768357276916504, 88.38534545898438
2219, 0.19705899059772491, 1, 10.144650958000057, 287, 1625872,                                             328140, 2.4517316818237305, 88.47714233398438
2220, -63.941319689154625, 1, 15.33381283700146, 439, 1626311,                                             328579, 2.4691991806030273, 88.3718032836914
2221, -112.17367662489414, 1, 18.761468396000055, 532, 1626843,                                             329111, 2.460881233215332, 88.4316635131836
2222, -513.210597217083, 2, 22.878611918000388, 666, 1627509,                                             329777, 2.442747116088867, 88.4104232788086
2223, -101.30506834387779, 1, 18.962913499000933, 539, 1628048,                                             330316, 2.525700807571411, 88.19486999511719
2224, -172.8660735487938, 1, 20.66097287299999, 599, 1628647,                                             330915, 2.4524974822998047, 88.12303161621094
2225, -350.56166142225266, 1, 32.47911871799988, 935, 1629582,                                             331850, 2.4926929473876953, 88.27720642089844
2226, -397.9211297482252, 2, 18.145897852000417, 528, 1630110,                                             332378, 2.4789276123046875, 88.19224548339844
2227, -373.8039721697569, 2, 12.134650062998844, 351, 1630461,                                             332729, 2.499793767929077, 88.21627807617188
2228, -105.66678687930107, 1, 20.363366366000264, 586, 1631047,                                             333315, 2.4884417057037354, 88.0129623413086
2229, -934.4018994420767, 4, 53.36034680599914, 1560, 1632607,                                             334875, 2.466259479522705, 88.03256225585938
2230, -127.72250723838806, 1, 14.656998258000385, 434, 1633041,                                             335309, 2.432196617126465, 87.89743041992188
2231, -933.8446861580014, 4, 51.493721118000394, 1494, 1634535,                                             336803, 2.442906141281128, 87.90760803222656
2232, -8.125819265842438, 1, 10.597539725000388, 304, 1634839,                                             337107, 2.407414197921753, 87.62662506103516
2233, -186.2406477034092, 1, 28.57395945100143, 822, 1635661,                                             337929, 2.4351301193237305, 87.70686340332031
2234, -903.3258662819862, 2, 14.38683717299864, 409, 1636070,                                             338338, 2.4211628437042236, 87.76214599609375
2235, -512.5062420368195, 1, 32.63038424300066, 936, 1637006,                                             339274, 2.484802007675171, 87.65992736816406
2236, -101.57190155982971, 5, 1.304124871001477, 30, 1637036,                                             339304, 2.542262077331543, 87.78748321533203
2237, -31.96042239665985, 1, 11.942150832999687, 349, 1637385,                                             339653, 2.3864500522613525, 87.45525360107422
2238, -230.64272725582123, 1, 22.796472373000142, 656, 1638041,                                             340309, 2.516441822052002, 87.68704986572266
2239, -912.3492894917727, 4, 52.096634290999646, 1502, 1639543,                                             341811, 2.4240849018096924, 87.70632934570312
2240, -17.99780210852623, 1, 10.930241750998903, 305, 1639848,                                             342116, 2.4678077697753906, 87.4330062866211
2241, -198.94281297922134, 1, 18.490876920999654, 537, 1640385,                                             342653, 2.5017309188842773, 87.5262451171875
2242, -247.36712509393692, 1, 26.926795019000565, 775, 1641160,                                             343428, 2.459024429321289, 87.52112579345703
2243, -910.6874334216118, 4, 51.44808904199999, 1496, 1642656,                                             344924, 2.4666244983673096, 87.42825317382812
2244, -186.79761500656605, 1, 18.504637089001335, 535, 1643191,                                             345459, 2.443417549133301, 87.22021484375
2245, -66.24219520390034, 1, 15.554115288001412, 440, 1643631,                                             345899, 2.4943385124206543, 87.2658920288086
2246, -564.1857247054577, 2, 21.37628929099992, 603, 1644234,                                             346502, 2.473282814025879, 87.47990417480469
2247, -1080.2333035245538, 4, 52.26437912700021, 1477, 1645711,                                             347979, 2.4628207683563232, 87.38386535644531
2248, 56.781199023127556, 1, 4.710959807998734, 126, 1645837,                                             348105, 2.4126875400543213, 87.31419372558594
2249, -210.14542271196842, 1, 28.149753315999988, 801, 1646638,                                             348906, 2.4942100048065186, 87.32344055175781
2250, -73.88455583155155, 1, 18.943283038001027, 539, 1647177,                                             349445, 2.471911907196045, 87.35332489013672
2251, -610.5329978764057, 2, 27.55185959099981, 786, 1647963,                                             350231, 2.48860239982605, 87.18160247802734
2252, -408.04603184759617, 2, 13.538992591000351, 388, 1648351,                                             350619, 2.437312602996826, 87.33788299560547
2253, -574.8843077272177, 1, 49.05591747800099, 1398, 1649749,                                             352017, 2.4786272048950195, 87.07708740234375
2254, -970.5197558552027, 4, 53.22512936500061, 1512, 1651261,                                             353529, 2.45478892326355, 87.05708312988281
2255, 88.78391954302788, 1, 1.1225011669994274, 30, 1651291,                                             353559, 2.446455478668213, 88.15414428710938
2256, -681.9908024668694, 2, 33.57869902299899, 957, 1652248,                                             354516, 2.4745256900787354, 86.92716979980469
2257, -1170.4197406098247, 4, 52.24735253400104, 1504, 1653752,                                             356020, 2.442810297012329, 86.8510971069336
2258, -824.9309769198298, 2, 37.801445253000566, 1079, 1654831,                                             357099, 2.4132227897644043, 86.60321807861328
2259, -531.1963870674372, 2, 23.58293588699962, 649, 1655480,                                             357748, 2.522658348083496, 86.81317138671875
2260, -39.450660422444344, 1, 11.334801990000415, 313, 1655793,                                             358061, 2.42134952545166, 86.62899017333984
2261, -196.4261423200369, 1, 20.839434706000247, 586, 1656379,                                             358647, 2.450544834136963, 86.63455963134766
2262, -111.71378153562546, 1, 17.736889670999517, 458, 1656837,                                             359105, 2.3928699493408203, 86.64056396484375
2263, -419.9159179478884, 2, 18.397552250000444, 511, 1657348,                                             359616, 2.3956992626190186, 86.60706329345703
2264, -825.218902669847, 4, 51.23040684999978, 1434, 1658782,                                             361050, 2.4430477619171143, 86.5885009765625
2265, -10.586758181452751, 1, 8.730204657000286, 247, 1659029,                                             361297, 2.503687858581543, 86.45862579345703
2266, -48.15155480802059, 1, 15.93485261800015, 443, 1659472,                                             361740, 2.4836671352386475, 86.4685287475586
2267, -342.4752337038517, 1, 28.2310727339991, 801, 1660273,                                             362541, 2.472869873046875, 86.31254577636719
2268, -184.50309778749943, 1, 22.14918252700045, 628, 1660901,                                             363169, 2.449709177017212, 86.3185806274414
2269, -842.7337734997272, 4, 51.65439249599876, 1442, 1662343,                                             364611, 2.4823217391967773, 86.27622985839844
2270, -200.7966727092862, 1, 19.33614866700009, 536, 1662879,                                             365147, 2.464935541152954, 86.1273193359375
2271, -360.28311659395695, 1, 29.09505706699929, 824, 1663703,                                             365971, 2.4598565101623535, 86.12696838378906
2272, -260.8177185356617, 2, 3.307307619999847, 86, 1663789,                                             366057, 2.451172113418579, 85.80441284179688
2273, -21.303403988480568, 1, 8.740276190999793, 247, 1664036,                                             366304, 2.450197219848633, 85.9428939819336
2274, -133.31731858849525, 1, 17.321229682000194, 484, 1664520,                                             366788, 2.4260916709899902, 85.97518920898438
2275, -728.9363272935152, 4, 51.031702635998954, 1418, 1665938,                                             368206, 2.4792537689208984, 85.9501724243164
2276, -907.5750628709793, 4, 51.62460840700078, 1442, 1667380,                                             369648, 2.418924331665039, 85.80998229980469
2277, 47.83714985847473, 1, 4.707293786001173, 127, 1667507,                                             369775, 2.4121077060699463, 85.93383026123047
2278, -152.21924477815628, 1, 18.54939884400119, 527, 1668034,                                             370302, 2.4056472778320312, 85.64866638183594
2279, -350.3035987317562, 1, 25.972018498998295, 723, 1668757,                                             371025, 2.477804183959961, 85.66407775878906
2280, -77.91150717437267, 1, 16.140732231000584, 447, 1669204,                                             371472, 2.3819823265075684, 85.73942565917969
2281, -197.08340637385845, 1, 30.690744347999498, 859, 1670063,                                             372331, 2.4753148555755615, 85.68479919433594
2282, -240.67772978544235, 2, 2.1044305470004474, 50, 1670113,                                             372381, 2.442307472229004, 85.6639633178711
2283, -41.34089154005051, 1, 12.363714586999777, 347, 1670460,                                             372728, 2.4946048259735107, 85.53673553466797
2284, -328.92039239406586, 1, 37.374244309999995, 1045, 1671505,                                             373773, 2.47383451461792, 85.51345825195312
2285, -238.49485871195793, 2, 2.7188052069996047, 69, 1671574,                                             373842, 2.423110246658325, 85.38113403320312
2286, 41.33530542254448, 1, 4.698796596001557, 123, 1671697,                                             373965, 2.5307490825653076, 85.65856170654297
2287, -944.7405862510204, 2, 34.00582176499847, 953, 1672650,                                             374918, 2.4397122859954834, 85.31147766113281
2288, -1.3184234648942947, 1, 10.125679999000567, 275, 1672925,                                             375193, 2.4541540145874023, 85.32713317871094
2289, -112.9823190420866, 1, 19.965848080000796, 556, 1673481,                                             375749, 2.3878369331359863, 85.27948760986328
2290, -283.0932131111622, 1, 27.348590413001148, 767, 1674248,                                             376516, 2.407881736755371, 85.20097351074219
2291, -912.7144460976124, 4, 51.893074471001455, 1428, 1675676,                                             377944, 2.3774003982543945, 85.1238021850586
2292, -766.0186901092529, 4, 51.04243229200074, 1403, 1677079,                                             379347, 2.3768370151519775, 85.0890884399414
2293, -36.94305853545666, 1, 10.919856040000013, 291, 1677370,                                             379638, 2.4571692943573, 84.86566925048828
2294, -54.26422683894634, 1, 14.755032679999204, 417, 1677787,                                             380055, 2.455935478210449, 85.07735443115234
2295, -237.24022138118744, 1, 26.893625015998623, 742, 1678529,                                             380797, 2.391199827194214, 84.771728515625
2296, -389.98995657265186, 1, 36.43637315500018, 1016, 1679545,                                             381813, 2.4536125659942627, 84.76647186279297
2297, -440.9213413000107, 1, 41.563204123000105, 1161, 1680706,                                             382974, 2.413520574569702, 84.7883529663086
2298, -962.0944099724293, 4, 51.5733509970014, 1442, 1682148,                                             384416, 2.413665294647217, 84.5420150756836
2299, -489.3136583119631, 1, 37.58659661299862, 1059, 1683207,                                             385475, 2.3720412254333496, 84.48584747314453
2300, -106.04425153136253, 1, 19.75751677399967, 564, 1683771,                                             386039, 2.4040369987487793, 84.35981750488281
2301, -76.81240619719028, 1, 19.24000410500048, 528, 1684299,                                             386567, 2.3645071983337402, 84.4308090209961
2302, -271.12456157803535, 1, 29.372989447998407, 811, 1685110,                                             387378, 2.3725831508636475, 84.23632049560547
2303, -87.79381036758423, 1, 19.56915451900022, 546, 1685656,                                             387924, 2.3922054767608643, 84.18574523925781
2304, -264.56874257326126, 1, 23.759215814001436, 654, 1686310,                                             388578, 2.3848750591278076, 84.2361068725586
2305, -494.64212031662464, 1, 35.403298148999966, 986, 1687296,                                             389564, 2.392639636993408, 84.0499038696289
2306, -486.35239012539387, 1, 36.389191062000464, 1032, 1688328,                                             390596, 2.3771986961364746, 83.98152923583984
2307, -344.2686181515455, 1, 29.783994014998825, 829, 1689157,                                             391425, 2.4315946102142334, 83.89501953125
2308, -264.8242340683937, 1, 33.39572912600124, 953, 1690110,                                             392378, 2.4020986557006836, 83.73503875732422
2309, -540.9263823032379, 1, 39.39303783200012, 1108, 1691218,                                             393486, 2.352715253829956, 83.63796997070312
2310, -887.0945171862841, 4, 50.2454290149999, 1423, 1692641,                                             394909, 2.388049840927124, 83.56141662597656
2311, -801.0620708763599, 4, 49.94724153400057, 1398, 1694039,                                             396307, 2.3539297580718994, 83.52136993408203
2312, -606.2283635437489, 1, 40.206341561000954, 1114, 1695153,                                             397421, 2.394207715988159, 83.45793914794922
2313, -246.4999008923769, 1, 22.971317184001236, 632, 1695785,                                             398053, 2.3477187156677246, 83.41119384765625
2314, -47.957170993089676, 1, 12.729000641998937, 352, 1696137,                                             398405, 2.4042794704437256, 83.42153930664062
2315, -44.58775278925896, 1, 13.150896256998749, 362, 1696499,                                             398767, 2.372741460800171, 83.44965362548828
2316, -917.6415776908398, 2, 43.21241740199912, 1214, 1697713,                                             399981, 2.3470399379730225, 83.27938842773438
2317, -473.7905435115099, 1, 44.22140029500042, 1243, 1698956,                                             401224, 2.4145023822784424, 83.1297607421875
2318, -401.1453800946474, 1, 35.58702185400034, 992, 1699948,                                             402216, 2.3929264545440674, 83.10026550292969
2319, -276.12143790721893, 2, 2.524986226000692, 59, 1700007,                                             402275, 2.3224823474884033, 82.91771697998047
2320, -53.65839919447899, 1, 15.550641383000766, 440, 1700447,                                             402715, 2.331134557723999, 83.21673583984375
2321, -196.21222139894962, 1, 19.072690582999712, 517, 1700964,                                             403232, 2.3516759872436523, 83.1695556640625
2322, -53.26983439922333, 1, 11.548207662001005, 322, 1701286,                                             403554, 2.34171724319458, 83.0859146118164
2323, -149.56233763694763, 1, 25.358939034000286, 697, 1701983,                                             404251, 2.3662166595458984, 83.0537109375
2324, -295.6538177728653, 1, 24.363677158999053, 672, 1702655,                                             404923, 2.3381989002227783, 83.07295989990234
2325, -89.69934782385826, 1, 18.5599547490001, 519, 1703174,                                             405442, 2.366224765777588, 82.97111511230469
2326, -204.72204419970512, 1, 23.759911524999552, 659, 1703833,                                             406101, 2.3681230545043945, 82.92406463623047
2327, -42.405444011092186, 1, 14.53976780800076, 396, 1704229,                                             406497, 2.38059401512146, 82.89944458007812
2328, -92.12396039068699, 1, 22.372724558999835, 607, 1704836,                                             407104, 2.4120264053344727, 82.91261291503906
2329, -253.2680714726448, 1, 31.079362054999365, 856, 1705692,                                             407960, 2.3865609169006348, 82.83976745605469
2330, -346.80268563330173, 2, 14.133511254000041, 375, 1706067,                                             408335, 2.4114787578582764, 82.91817474365234
2331, -795.2249568775296, 4, 49.73071803499988, 1374, 1707441,                                             409709, 2.408769130706787, 82.80264282226562
2332, -103.85336065292358, 1, 22.554226893000305, 629, 1708070,                                             410338, 2.3921821117401123, 82.79829406738281
2333, -212.0549961924553, 2, 1.3156860109993431, 33, 1708103,                                             410371, 2.3577497005462646, 82.61015319824219
2334, -285.67412981390953, 2, 8.32287424900096, 221, 1708324,                                             410592, 2.353806495666504, 82.6279067993164
2335, -813.1839104294777, 4, 50.44061759400029, 1398, 1709722,                                             411990, 2.3578262329101562, 82.73477172851562
2336, -25.48812845349312, 1, 12.936411398999553, 359, 1710081,                                             412349, 2.415437698364258, 82.67387390136719
2337, -141.14228257536888, 1, 21.558495651001067, 602, 1710683,                                             412951, 2.378473997116089, 82.75914001464844
2338, -315.6205617040396, 1, 36.00682633799988, 988, 1711671,                                             413939, 2.3622801303863525, 82.6396713256836
2339, -215.55447620153427, 2, 1.5012362699999358, 33, 1711704,                                             413972, 2.4190282821655273, 82.66898345947266
2340, -769.9804101884365, 4, 49.84411503800038, 1383, 1713087,                                             415355, 2.3446202278137207, 82.61243438720703
2341, -43.81313793361187, 1, 13.031141879999268, 351, 1713438,                                             415706, 2.3893139362335205, 82.37493133544922
2342, -63.83899614214897, 1, 13.754372833998787, 380, 1713818,                                             416086, 2.4073588848114014, 82.42899322509766
2343, -207.28607614338398, 1, 28.56799992699962, 782, 1714600,                                             416868, 2.3658065795898438, 82.40574645996094
2344, -189.64125894010067, 1, 19.953336657001273, 535, 1715135,                                             417403, 2.3489162921905518, 82.27360534667969
2345, -178.79560641944408, 1, 27.37792601699948, 747, 1715882,                                             418150, 2.3231863975524902, 82.11873626708984
2346, -376.3454584479332, 1, 29.578721775000304, 801, 1716683,                                             418951, 2.3091673851013184, 82.22271728515625
2347, -233.08432926237583, 1, 27.98872832000052, 770, 1717453,                                             419721, 2.3508548736572266, 82.20507049560547
2348, -149.12015736103058, 1, 22.957411125000363, 626, 1718079,                                             420347, 2.392481565475464, 82.09722137451172
2349, -202.4366248846054, 1, 27.97338288500032, 764, 1718843,                                             421111, 2.374622344970703, 82.06182861328125
2350, -303.65836185216904, 1, 32.798520644000746, 915, 1719758,                                             422026, 2.3539679050445557, 81.93901062011719
2351, -268.77764816582203, 1, 28.44396052999946, 775, 1720533,                                             422801, 2.3366141319274902, 81.87877655029297
2352, -66.14243014156818, 1, 13.761578440000449, 377, 1720910,                                             423178, 2.279853105545044, 81.87345886230469
2353, -111.56495822966099, 1, 23.36328070200034, 633, 1721543,                                             423811, 2.3600645065307617, 81.82200622558594
2354, -179.50774635374546, 1, 20.345130116998916, 555, 1722098,                                             424366, 2.3163809776306152, 81.61988830566406
2355, -97.9879358112812, 1, 16.542332132999945, 444, 1722542,                                             424810, 2.3489534854888916, 81.91807556152344
2356, -325.20882749557495, 1, 38.00703329299904, 1039, 1723581,                                             425849, 2.3269364833831787, 81.66079711914062
2357, -304.7558663636446, 1, 27.56691839300038, 736, 1724317,                                             426585, 2.3787529468536377, 81.6530990600586
2358, -94.29866740107536, 1, 18.54445378299897, 500, 1724817,                                             427085, 2.3229410648345947, 81.60995483398438
2359, -50.22713443636894, 1, 14.33452248300091, 377, 1725194,                                             427462, 2.297624111175537, 81.51072692871094
2360, -23.078235745429993, 1, 12.750094099999842, 344, 1725538,                                             427806, 2.3259990215301514, 81.58118438720703
2361, -54.577910348773, 1, 15.55015171299965, 417, 1725955,                                             428223, 2.3673901557922363, 81.68830871582031
2362, -56.086544424295425, 1, 12.749290855999789, 346, 1726301,                                             428569, 2.387176036834717, 81.49286651611328
2363, -43.228892132639885, 1, 13.53453655499834, 359, 1726660,                                             428928, 2.296515941619873, 81.4145736694336
2364, -796.7636173143983, 4, 49.84497079799985, 1350, 1728010,                                             430278, 2.326050281524658, 81.33586120605469
2365, -142.39786513149738, 1, 25.57562987500023, 689, 1728699,                                             430967, 2.3253259658813477, 81.3569107055664
2366, -960.4860008433461, 4, 49.831788507000965, 1367, 1730066,                                             432334, 2.3515946865081787, 81.3060531616211
2367, -737.5520541518927, 4, 49.633027146999666, 1360, 1731426,                                             433694, 2.337918519973755, 81.30797576904297
2368, 41.95289371907711, 1, 6.115211264999743, 155, 1731581,                                             433849, 2.3091564178466797, 81.21690368652344
2369, -111.38133463263512, 1, 19.164022949000355, 527, 1732108,                                             434376, 2.337155342102051, 81.13497161865234
2370, -249.53739714622498, 2, 2.1047663090012065, 50, 1732158,                                             434426, 2.3483197689056396, 81.14337158203125
2371, 83.67791940271854, 1, 1.2415016840004682, 30, 1732188,                                             434456, 2.1104795932769775, 81.1205825805664
2372, -67.53849545121193, 1, 15.338096616998882, 408, 1732596,                                             434864, 2.317119598388672, 81.18435668945312
2373, -52.96944257616997, 1, 12.345707819999006, 339, 1732935,                                             435203, 2.2618727684020996, 81.29290008544922
2374, -231.1792000234127, 1, 16.544192429999384, 420, 1733355,                                             435623, 2.336073398590088, 81.0225830078125
2375, -196.2079916894436, 1, 27.265568291999443, 689, 1734044,                                             436312, 2.4016613960266113, 81.1418685913086
2376, -114.55345353484154, 1, 19.550032818000545, 503, 1734547,                                             436815, 2.4091360569000244, 81.090087890625
2377, -919.753378584981, 4, 50.43765150800027, 1364, 1735911,                                             438179, 2.320571184158325, 81.02664947509766
2378, 44.867688566446304, 1, 4.710863689999314, 121, 1736032,                                             438300, 2.1997249126434326, 81.164794921875
2379, -217.37664546072483, 1, 22.772599013998843, 620, 1736652,                                             438920, 2.3344154357910156, 81.00511169433594
2380, -782.1158105880022, 4, 51.21945683099875, 1383, 1738035,                                             440303, 2.3449113368988037, 80.99164581298828
2381, -329.65556176006794, 2, 12.857619782998881, 337, 1738372,                                             440640, 2.29366397857666, 80.98585510253906
2382, -53.13525950908661, 1, 18.550893988000098, 496, 1738868,                                             441136, 2.2877731323242188, 80.909423828125
2383, -185.56193320453167, 1, 23.374378516000434, 633, 1739501,                                             441769, 2.338702440261841, 80.73432922363281
2384, -234.8156026750803, 1, 25.56095100299899, 684, 1740185,                                             442453, 2.347672939300537, 80.62030029296875
2385, -223.67000050842762, 1, 23.374091776999194, 635, 1740820,                                             443088, 2.3562614917755127, 80.78583526611328
2386, -772.4414363652468, 4, 50.22645520900005, 1364, 1742184,                                             444452, 2.316913366317749, 80.72689056396484
2387, -6.1713674664497375, 1, 7.931717041999946, 210, 1742394,                                             444662, 2.3506720066070557, 80.85780334472656
2388, -161.03282952308655, 1, 28.97692880899922, 731, 1743125,                                             445393, 2.3606741428375244, 80.7281265258789
2389, -795.1250648647547, 4, 49.83114708700123, 1291, 1744416,                                             446684, 2.325411558151245, 80.55435180664062
2390, -24.043788850307465, 1, 12.35770601600052, 333, 1744749,                                             447017, 2.3120458126068115, 80.76939392089844
2391, -58.697363525629044, 1, 12.982071673000974, 338, 1745087,                                             447355, 2.350604295730591, 80.59071350097656
2392, -597.9232811480761, 2, 35.20162195699959, 950, 1746037,                                             448305, 2.361140727996826, 80.50660705566406
2393, -20.10504201054573, 1, 11.931134004998967, 315, 1746352,                                             448620, 2.296898365020752, 80.58748626708984
2394, -379.5732912123203, 1, 40.21327532599935, 1081, 1747433,                                             449701, 2.3284912109375, 80.34049224853516
2395, -98.39025881886482, 1, 21.74622685900067, 584, 1748017,                                             450285, 2.3033008575439453, 80.21440124511719
2396, -130.10583528876305, 1, 21.169970408000154, 567, 1748584,                                             450852, 2.2635104656219482, 80.25616455078125
2397, -89.56516356766224, 1, 20.948784544001683, 560, 1749144,                                             451412, 2.3107998371124268, 80.39069366455078
2398, -207.1737196445465, 1, 31.99555978600074, 865, 1750009,                                             452277, 2.2846078872680664, 80.19503021240234
2399, -844.7664918005466, 4, 50.22239612799967, 1346, 1751355,                                             453623, 2.3338606357574463, 80.14857482910156
2400, -669.0359089449048, 4, 50.44346562700048, 1292, 1752647,                                             454915, 2.2865028381347656, 79.98696899414062
2401, -751.5182117894292, 4, 49.78331097299997, 1308, 1753955,                                             456223, 2.3041532039642334, 79.93803405761719
2402, -53.528181314468384, 1, 14.751316088000749, 390, 1754345,                                             456613, 2.3019466400146484, 79.78532409667969
2403, -629.9785253107548, 4, 50.81801568099945, 1352, 1755697,                                             457965, 2.25251841545105, 79.8528060913086
2404, 85.1319537460804, 1, 1.908356936999553, 44, 1755741,                                             458009, 2.132009983062744, 79.9768295288086
2405, -805.1302147358656, 4, 50.43919359599931, 1355, 1757096,                                             459364, 2.266820192337036, 79.7391128540039
2406, -58.30674120783806, 1, 10.928993699000785, 282, 1757378,                                             459646, 2.268622875213623, 79.70279693603516
2407, -76.52440302073956, 1, 17.142019532999257, 448, 1757826,                                             460094, 2.245558500289917, 79.53028869628906
2408, -806.42594358325, 4, 49.63527157399949, 1333, 1759159,                                             461427, 2.2983765602111816, 79.62185668945312
2409, 77.25977262854576, 1, 2.89795252300064, 67, 1759226,                                             461494, 2.3256635665893555, 79.42539978027344
2410, -86.09963329136372, 1, 21.77226678599982, 575, 1759801,                                             462069, 2.2395150661468506, 79.63074493408203
2411, -541.1209964677691, 1, 37.44554449899988, 988, 1760789,                                             463057, 2.290613889694214, 79.49124145507812
2412, -694.9483744949102, 4, 50.24350024300111, 1273, 1762062,                                             464330, 2.296941041946411, 79.37483978271484
2413, -0.6130182445049286, 1, 11.326209235998249, 283, 1762345,                                             464613, 2.226667642593384, 79.39774322509766
2414, -690.7725842818618, 4, 49.83875392099981, 1335, 1763680,                                             465948, 2.2495086193084717, 79.36553955078125
2415, 33.307946503162384, 1, 7.1188611810011935, 180, 1763860,                                             466128, 2.288900136947632, 79.50279235839844
2416, -238.15276861190796, 1, 26.98120727299829, 718, 1764578,                                             466846, 2.2622532844543457, 79.26911926269531
2417, -77.31471619009972, 1, 18.153491745999418, 469, 1765047,                                             467315, 2.261406898498535, 79.19661712646484
2418, -155.64346808195114, 1, 27.577585975999682, 734, 1765781,                                             468049, 2.2330312728881836, 79.0522689819336
2419, -76.47073976695538, 1, 18.760072753000713, 495, 1766276,                                             468544, 2.2951815128326416, 79.05206298828125
2420, -82.47337543964386, 1, 16.553057546001583, 422, 1766698,                                             468966, 2.294806480407715, 79.13909149169922
2421, -848.152610912919, 4, 49.86863990100028, 1335, 1768033,                                             470301, 2.262895345687866, 78.82181549072266
2422, 64.1578846424818, 1, 2.7354449939994083, 70, 1768103,                                             470371, 2.3210580348968506, 78.8739242553711
2423, -39.4023250490427, 1, 15.925677653000093, 419, 1768522,                                             470790, 2.21639084815979, 78.87080383300781
2424, -261.037424325943, 2, 3.3235294340011023, 87, 1768609,                                             470877, 2.172734498977661, 78.77690887451172
2425, -704.4691753834486, 4, 49.63430983999933, 1320, 1769929,                                             472197, 2.2537457942962646, 78.81548309326172
2426, -392.76183184981346, 2, 10.72479190500053, 270, 1770199,                                             472467, 2.253847122192383, 78.73072052001953
2427, -89.2108095139265, 1, 16.960568615999364, 419, 1770618,                                             472886, 2.3060243129730225, 78.75390625
2428, -751.6777423024178, 4, 50.618420717000845, 1283, 1771901,                                             474169, 2.209237575531006, 78.67048645019531
2429, -172.47734567523003, 1, 19.34820594499979, 496, 1772397,                                             474665, 2.2033987045288086, 78.73008728027344
2430, -297.404519662261, 1, 38.01302669600045, 973, 1773370,                                             475638, 2.2175683975219727, 78.65908813476562
2431, -183.30051366984844, 1, 29.007183132000137, 754, 1774124,                                             476392, 2.268463373184204, 78.47032928466797
2432, -119.75856713950634, 1, 17.3651827220001, 457, 1774581,                                             476849, 2.228377342224121, 78.40139770507812
2433, -16.346642717719078, 1, 11.719025181999314, 306, 1774887,                                             477155, 2.2443206310272217, 78.50125885009766
2434, -129.37848329544067, 1, 20.570520254999792, 543, 1775430,                                             477698, 2.249798536300659, 78.51190948486328
2435, -71.87922193109989, 1, 14.936093442000129, 390, 1775820,                                             478088, 2.253619432449341, 78.30010986328125
2436, -909.7691581398249, 4, 49.6356784949985, 1314, 1777134,                                             479402, 2.208512544631958, 78.3173828125
2437, -797.7278465181589, 4, 49.83142069599853, 1317, 1778451,                                             480719, 2.2218878269195557, 78.2643814086914
2438, 9.941301837563515, 1, 8.323757699003181, 214, 1778665,                                             480933, 2.2598626613616943, 78.24012756347656
2439, -241.51004466414452, 1, 30.975507396000467, 787, 1779452,                                             481720, 2.276850461959839, 78.23164367675781
2440, -141.61781927198172, 1, 26.76265482799863, 656, 1780108,                                             482376, 2.1928558349609375, 78.16007232666016
2441, -119.44118268787861, 1, 19.604854487999546, 492, 1780600,                                             482868, 2.2567009925842285, 78.13710021972656
2442, -514.3554825484753, 1, 37.995540628002345, 990, 1781590,                                             483858, 2.260333299636841, 78.05516815185547
2443, -111.4109754562378, 1, 14.558014564998302, 379, 1781969,                                             484237, 2.313124895095825, 78.00406646728516
2444, -583.6352391988039, 4, 50.63354010599869, 1333, 1783302,                                             485570, 2.242831230163574, 77.96202087402344
2445, -370.51670771092176, 1, 33.77786797799854, 880, 1784182,                                             486450, 2.235826015472412, 77.9909896850586
2446, -158.58306095004082, 1, 19.76656692599863, 510, 1784692,                                             486960, 2.3053393363952637, 77.84056091308594
2447, -702.7594735622406, 4, 50.43213442400156, 1319, 1786011,                                             488279, 2.2447385787963867, 77.8696060180664
2448, -8.605395495891571, 1, 10.54362088400012, 270, 1786281,                                             488549, 2.3164076805114746, 77.88986206054688
2449, -105.48697412014008, 1, 17.741135895998013, 458, 1786739,                                             489007, 2.2257676124572754, 77.67284393310547
2450, -173.29958622157574, 1, 24.360462430999178, 633, 1787372,                                             489640, 2.252777338027954, 77.81918334960938
2451, -82.42084258794785, 1, 18.192495773997507, 474, 1787846,                                             490114, 2.2573959827423096, 77.66439819335938
2452, -133.06117060780525, 1, 23.95610285099974, 597, 1788443,                                             490711, 2.247091770172119, 77.70189666748047
2453, -113.46329553425312, 1, 24.39752368000336, 608, 1789051,                                             491319, 2.1899044513702393, 77.59636688232422
2454, -178.18864005804062, 1, 30.752130687000317, 760, 1789811,                                             492079, 2.235664129257202, 77.42507934570312
2455, -575.3277658224106, 4, 49.83384328000102, 1290, 1791101,                                             493369, 2.2204511165618896, 77.49004364013672
2456, 81.15844421088696, 1, 2.3208350599998084, 56, 1791157,                                             493425, 2.41483998298645, 77.878662109375
2457, -639.3222459405661, 4, 50.024573106999014, 1294, 1792451,                                             494719, 2.2139623165130615, 77.4291000366211
2458, -935.6810857951641, 4, 50.432132500998705, 1312, 1793763,                                             496031, 2.2646870613098145, 77.4411849975586
2459, 4.407731145620346, 1, 10.730736933001026, 273, 1794036,                                             496304, 2.2213332653045654, 77.34119415283203
2460, -27.32910604774952, 1, 14.770226062999427, 382, 1794418,                                             496686, 2.18608021736145, 77.26526641845703
2461, -769.1177658438683, 4, 50.4737589840006, 1305, 1795723,                                             497991, 2.215538263320923, 77.25727844238281
2462, 13.804662480950356, 1, 10.942621163001604, 268, 1795991,                                             498259, 2.187055826187134, 77.23487091064453
2463, -97.63055305182934, 1, 21.553806932999578, 554, 1796545,                                             498813, 2.236619710922241, 77.21405792236328
2464, -23.974435344338417, 1, 13.949177480997605, 353, 1796898,                                             499166, 2.2404606342315674, 77.29926300048828
2465, -186.0120487511158, 1, 28.170912251000118, 696, 1797594,                                             499862, 2.1854217052459717, 77.06523895263672
2466, -48.61557602882385, 1, 15.356463240001176, 370, 1797964,                                             500232, 2.2395784854888916, 77.10723876953125
2467, -151.95419415831566, 1, 28.967564382997807, 691, 1798655,                                             500923, 2.1911211013793945, 76.93083190917969
2468, -118.60662099719048, 1, 15.55283709500145, 391, 1799046,                                             501314, 2.1549363136291504, 77.1275405883789
2469, -685.9107738137245, 4, 50.43221758800064, 1265, 1800311,                                             502579, 2.227288246154785, 77.00440216064453
2470, -715.1213620081544, 4, 50.4474219679978, 1290, 1801601,                                             503869, 2.180449962615967, 76.8697280883789
2471, 45.32728710770607, 1, 6.330283670002245, 156, 1801757,                                             504025, 2.3501062393188477, 76.84182739257812
2472, -155.01680313050747, 1, 25.180228379002074, 648, 1802405,                                             504673, 2.2465009689331055, 76.79327392578125
2473, -119.94402475655079, 1, 23.560636871003226, 597, 1803002,                                             505270, 2.2024950981140137, 76.7895278930664
2474, -257.13295888900757, 1, 38.61604554199948, 1004, 1804006,                                             506274, 2.205151319503784, 76.69392395019531
2475, -219.05349719524384, 2, 2.3070336950004275, 53, 1804059,                                             506327, 2.240684986114502, 76.37235260009766
2476, -794.1423279568553, 4, 50.43950233199939, 1295, 1805354,                                             507622, 2.2075870037078857, 76.68392181396484
2477, -639.7592035382986, 4, 49.65121409100175, 1239, 1806593,                                             508861, 2.221282720565796, 76.51139068603516
2478, -27.90112893283367, 1, 12.52979238899934, 291, 1806884,                                             509152, 2.180377244949341, 76.41893005371094
2479, -73.88730520009995, 1, 16.958177036998677, 412, 1807296,                                             509564, 2.129488229751587, 76.43618774414062
2480, -67.66516780108213, 1, 20.95456264099994, 515, 1807811,                                             510079, 2.2338600158691406, 76.41112518310547
2481, -300.7484366297722, 1, 35.447037687001284, 897, 1808708,                                             510976, 2.2221839427948, 76.28881072998047
2482, -234.7852185368538, 2, 2.3191377479997755, 45, 1808753,                                             511021, 2.1889233589172363, 75.9405517578125
2483, -60.77157486975193, 1, 21.568899718997272, 544, 1809297,                                             511565, 2.1446280479431152, 76.23004913330078
2484, -781.6810919120908, 4, 50.816504028000054, 1293, 1810590,                                             512858, 2.1967923641204834, 76.06027221679688
2485, -14.615139245986938, 1, 13.949723877998622, 349, 1810939,                                             513207, 2.177028179168701, 76.2693862915039
2486, -146.4470106512308, 1, 23.153635023001698, 588, 1811527,                                             513795, 2.151247262954712, 76.1631088256836
2487, -119.47863771021366, 1, 18.758277460998215, 473, 1812000,                                             514268, 2.1291115283966064, 75.95458984375
2488, -224.5873515754938, 1, 28.566910137000377, 720, 1812720,                                             514988, 2.20371675491333, 75.95317077636719
2489, -70.85151804983616, 1, 17.352303796000342, 441, 1813161,                                             515429, 2.222574234008789, 75.86067962646484
2490, -748.0597281754017, 4, 50.836585695000394, 1295, 1814456,                                             516724, 2.144066095352173, 75.81407165527344
2491, -0.5681194216012955, 1, 12.189136510001845, 310, 1814766,                                             517034, 2.129502058029175, 75.63412475585938
2492, -193.73032024502754, 1, 30.565823737000756, 729, 1815495,                                             517763, 2.183331251144409, 75.73686981201172
2493, -307.11909709870815, 1, 38.22222472199792, 920, 1816415,                                             518683, 2.1437392234802246, 75.6655502319336
2494, -87.91461972892284, 1, 17.73243211299996, 445, 1816860,                                             519128, 2.109781265258789, 75.47852325439453
2495, -107.96532210707664, 1, 18.164813714000047, 457, 1817317,                                             519585, 2.099997043609619, 75.42842102050781
2496, -209.0030091702938, 1, 28.573194319000322, 715, 1818032,                                             520300, 2.1391279697418213, 75.36582946777344
2497, -302.99813774228096, 1, 32.597542854000494, 815, 1818847,                                             521115, 2.1523027420043945, 75.40415954589844
2498, -219.81593108177185, 2, 1.503229944002669, 30, 1818877,                                             521145, 2.083754777908325, 75.83757019042969
2499, -79.0388198941946, 1, 17.551171302999137, 442, 1819319,                                             521587, 2.201660394668579, 75.22767639160156
2500, -110.23414124548435, 1, 23.775037687002623, 591, 1819910,                                             522178, 2.145066976547241, 75.2595443725586
2501, -129.94688361883163, 1, 24.968278282001847, 622, 1820532,                                             522800, 2.127359628677368, 75.1842269897461
2502, -143.53235706686974, 1, 23.95829926100123, 599, 1821131,                                             523399, 2.1522762775421143, 74.99503326416016
2503, -543.84515632689, 1, 48.63275508699735, 1230, 1822361,                                             524629, 2.111304521560669, 75.1397705078125
2504, -653.1306384801865, 4, 50.64263404200028, 1250, 1823611,                                             525879, 2.148120164871216, 75.076171875
2505, -645.8877309858799, 4, 49.44616801200027, 1181, 1824792,                                             527060, 2.1354331970214844, 75.00171661376953
2506, -57.2772256731987, 1, 13.946683328998915, 342, 1825134,                                             527402, 2.1417927742004395, 74.81623840332031
2507, -277.92344629764557, 1, 19.95004526699995, 495, 1825629,                                             527897, 2.1244008541107178, 74.92352294921875
2508, -173.1477192044258, 1, 24.57967289500084, 621, 1826250,                                             528518, 2.1689727306365967, 75.07481384277344
2509, -396.14387506246567, 1, 42.207959920000576, 1069, 1827319,                                             529587, 2.1664175987243652, 74.83197784423828
2510, -117.34355136752129, 1, 17.34261499599961, 436, 1827755,                                             530023, 2.139249324798584, 74.78351593017578
2511, -735.11674053967, 4, 50.44506513899978, 1280, 1829035,                                             531303, 2.124807596206665, 74.56575012207031
2512, 29.24690818786621, 1, 8.736895343001379, 218, 1829253,                                             531521, 2.019538640975952, 74.65687561035156
2513, -27.04477944970131, 1, 12.936086279001756, 317, 1829570,                                             531838, 2.047719955444336, 74.5528793334961
2514, -750.658324599266, 4, 50.03921143200205, 1275, 1830845,                                             533113, 2.143009901046753, 74.63273620605469
2515, 32.09073266386986, 1, 7.534410078998917, 187, 1831032,                                             533300, 2.1436219215393066, 74.47608947753906
2516, -107.34056021273136, 1, 22.15949210600229, 561, 1831593,                                             533861, 2.0962278842926025, 74.57727813720703
2517, -273.02707658708096, 1, 41.41947698900185, 1028, 1832621,                                             534889, 2.1048028469085693, 74.53878784179688
2518, -146.0738022327423, 1, 23.959020152997255, 571, 1833192,                                             535460, 2.156832695007324, 74.48564147949219
2519, -148.9244408905506, 1, 25.988876270999754, 629, 1833821,                                             536089, 2.097106695175171, 74.50276947021484
2520, -403.84238727390766, 1, 41.0034374579991, 1030, 1834851,                                             537119, 2.109722375869751, 74.41325378417969
2521, -174.9877281486988, 1, 25.943545504000213, 649, 1835500,                                             537768, 2.1024770736694336, 74.22925567626953
2522, -132.28011870384216, 1, 21.553037319001305, 532, 1836032,                                             538300, 2.1778945922851562, 74.27197265625
2523, -683.4166364148259, 4, 49.64378155999657, 1257, 1837289,                                             539557, 2.110175371170044, 74.13854217529297
2524, -64.44693237543106, 1, 19.16908959400098, 481, 1837770,                                             540038, 2.1589016914367676, 74.1680679321289
2525, -162.0873837172985, 1, 25.964047708999715, 646, 1838416,                                             540684, 2.081210136413574, 74.2000503540039
2526, -164.21753273904324, 1, 24.980004422999627, 630, 1839046,                                             541314, 2.1175167560577393, 74.09326934814453
2527, -176.12922859191895, 1, 19.747731540999666, 494, 1839540,                                             541808, 2.0938494205474854, 74.01673889160156
2528, -90.55971038341522, 1, 20.97573602099874, 514, 1840054,                                             542322, 2.0846970081329346, 74.03266906738281
2529, -549.9705533981323, 4, 49.43074147200241, 1221, 1841275,                                             543543, 2.111238479614258, 73.91641998291016
2530, -626.6584286317229, 4, 49.82136270900082, 1189, 1842464,                                             544732, 2.116542100906372, 73.80352783203125
2531, -9.948311060667038, 1, 13.256999563000136, 319, 1842783,                                             545051, 2.124868869781494, 73.82915496826172
2532, -83.4474271684885, 1, 21.972998115998053, 545, 1843328,                                             545596, 2.093064546585083, 73.76575469970703
2533, -260.71986474096775, 1, 30.99588737399972, 771, 1844099,                                             546367, 2.1183483600616455, 73.77018737792969
2534, -198.79152511060238, 1, 36.79514356499931, 914, 1845013,                                             547281, 2.1011359691619873, 73.71000671386719
2535, -371.5239789932966, 1, 34.39887696399819, 862, 1845875,                                             548143, 2.101714849472046, 73.62837219238281
2536, -228.35442209243774, 2, 1.314096445999894, 30, 1845905,                                             548173, 2.2186567783355713, 73.64539337158203
2537, 4.2415644228458405, 1, 11.928360629000963, 290, 1846195,                                             548463, 2.0794637203216553, 73.52811431884766
2538, -686.7064145356417, 4, 50.24812037299853, 1251, 1847446,                                             549714, 2.0616328716278076, 73.4314956665039
2539, 47.630026146769524, 1, 6.312890617002267, 149, 1847595,                                             549863, 2.1213502883911133, 73.17817687988281
2540, -606.8312873095274, 4, 50.0329724430012, 1253, 1848848,                                             551116, 2.071037769317627, 73.35713958740234
2541, -11.869661584496498, 1, 12.26162608300001, 299, 1849147,                                             551415, 2.0575625896453857, 73.1526870727539
2542, -129.10172167420387, 1, 19.364050770000176, 481, 1849628,                                             551896, 2.0933830738067627, 73.3335189819336
2543, -103.6465420126915, 1, 21.54921314999956, 496, 1850124,                                             552392, 2.0477917194366455, 73.21758270263672
2544, -148.68580901622772, 1, 24.981054649000725, 583, 1850707,                                             552975, 2.0715672969818115, 73.17748260498047
2545, -50.78523933887482, 1, 15.746881653001765, 367, 1851074,                                             553342, 2.0741941928863525, 73.191162109375
2546, -133.9166903346777, 1, 23.37730200200167, 578, 1851652,                                             553920, 2.0747761726379395, 73.02388000488281
2547, -259.52868551015854, 1, 37.79606968400185, 933, 1852585,                                             554853, 2.103147029876709, 73.00165557861328
2548, -208.69318795204163, 2, 1.3217104590003146, 32, 1852617,                                             554885, 2.023564577102661, 73.19194793701172
2549, 83.99710623919964, 1, 1.3176792680023937, 30, 1852647,                                             554915, 1.9838398694992065, 72.85895538330078
2550, -60.688777044415474, 1, 19.14533360399946, 469, 1853116,                                             555384, 2.076369524002075, 72.8552017211914
2551, -240.19484707713127, 1, 28.908476857002825, 714, 1853830,                                             556098, 2.0824599266052246, 72.91253662109375
2552, -31.12254522740841, 1, 13.350507746999938, 320, 1854150,                                             556418, 2.0518507957458496, 73.02369689941406
2553, -910.954684227705, 4, 50.42357914400054, 1242, 1855392,                                             557660, 2.065323829650879, 72.9252700805664
2554, -78.76669485121965, 1, 22.57632957000169, 556, 1855948,                                             558216, 2.0614969730377197, 72.88938903808594
2555, -286.3964112997055, 1, 29.171928342002502, 720, 1856668,                                             558936, 2.0549724102020264, 72.66168975830078
2556, -249.07952889800072, 1, 34.5993653000005, 850, 1857518,                                             559786, 2.038072347640991, 72.72064971923828
2557, -127.99352869391441, 1, 26.366475603001163, 643, 1858161,                                             560429, 2.0115058422088623, 72.59174346923828
2558, -107.82702358067036, 1, 21.563916696999513, 501, 1858662,                                             560930, 2.035935878753662, 72.33454132080078
2559, -44.19404876232147, 1, 17.138896730997658, 391, 1859053,                                             561321, 2.045224189758301, 72.49664306640625
2560, -553.1629612371325, 4, 50.438441969999985, 1221, 1860274,                                             562542, 2.065584182739258, 72.34019470214844
2561, -28.929083615541458, 1, 12.656110571999307, 306, 1860580,                                             562848, 1.9642844200134277, 72.27165985107422
2562, -141.88546459376812, 1, 25.784031176997814, 634, 1861214,                                             563482, 2.0763046741485596, 72.2882308959961
2563, -637.6949460804462, 4, 50.42924754300111, 1236, 1862450,                                             564718, 2.0383119583129883, 72.1771240234375
2564, -6.905668959021568, 1, 14.150001310001244, 344, 1862794,                                             565062, 2.0461509227752686, 71.97418975830078
2565, -75.70250967144966, 1, 19.143637788001797, 463, 1863257,                                             565525, 2.0521883964538574, 72.10724639892578
2566, -301.14527636021376, 1, 41.61231639799735, 976, 1864233,                                             566501, 2.0686683654785156, 72.0886459350586
2567, -277.6651114374399, 1, 33.383035545000894, 815, 1865048,                                             567316, 2.0475077629089355, 72.12769317626953
2568, -762.4340933412313, 4, 49.642924045001564, 1214, 1866262,                                             568530, 2.0772297382354736, 72.03985595703125
2569, -0.2354249358177185, 1, 8.940225856000325, 210, 1866472,                                             568740, 2.1074938774108887, 71.95915222167969
2570, -32.824687868356705, 1, 14.734205467997526, 340, 1866812,                                             569080, 2.135219097137451, 72.03519439697266
2571, -716.892764724791, 4, 50.14086911999766, 1156, 1867968,                                             570236, 2.0998480319976807, 72.14544677734375
2572, -60.19327737390995, 1, 12.950179732000834, 312, 1868280,                                             570548, 2.028292179107666, 72.06483459472656
2573, -347.5571054071188, 1, 38.58744295100041, 936, 1869216,                                             571484, 2.0485644340515137, 71.97885131835938
2574, -253.60219275951385, 1, 34.39836646799813, 837, 1870053,                                             572321, 2.038604497909546, 71.8449935913086
2575, -420.2035534977913, 2, 24.380841245001648, 584, 1870637,                                             572905, 2.0208561420440674, 71.89130401611328
2576, 83.11368779838085, 1, 1.3179569849999098, 31, 1870668,                                             572936, 2.1281702518463135, 72.37997436523438
2577, -626.402043171227, 4, 50.6233375610027, 1233, 1871901,                                             574169, 2.0645337104797363, 71.89009094238281
2578, -39.68796479701996, 1, 12.542292774000089, 303, 1872204,                                             574472, 2.1324806213378906, 71.96690368652344
2579, -56.26780514419079, 1, 16.95938281599956, 398, 1872602,                                             574870, 2.0510053634643555, 71.94364929199219
2580, -270.8476717919111, 1, 30.18408712299788, 739, 1873341,                                             575609, 2.0734848976135254, 71.91026306152344
2581, -733.6584880948067, 4, 50.73243686099886, 1223, 1874564,                                             576832, 2.07466197013855, 71.8790283203125
2582, -81.5147304981947, 1, 17.557930833998398, 422, 1874986,                                             577254, 2.091383218765259, 71.80389404296875
2583, -255.60965241491795, 1, 40.79750680500001, 923, 1875909,                                             578177, 2.077709913253784, 71.636474609375
2584, -150.66190794110298, 1, 27.182636757999717, 632, 1876541,                                             578809, 2.0385897159576416, 71.55049133300781
2585, -85.30066075921059, 1, 22.346112322997215, 529, 1877070,                                             579338, 2.107762098312378, 71.7049789428711
2586, -205.8513226956129, 1, 32.799096155998996, 791, 1877861,                                             580129, 2.1077218055725098, 71.69932556152344
2587, -602.5239201486111, 4, 50.02305257199987, 1201, 1879062,                                             581330, 2.0691518783569336, 71.53468322753906
2588, -118.02652092278004, 1, 24.1900899200009, 589, 1879651,                                             581919, 2.0980231761932373, 71.41875457763672
2589, -214.65229851007462, 2, 1.4873176309993141, 31, 1879682,                                             581950, 2.0362837314605713, 71.50662231445312
2590, -45.33695389330387, 1, 17.166002369001944, 415, 1880097,                                             582365, 2.0490264892578125, 71.4504165649414
2591, -693.2765450924635, 4, 50.030413873002544, 1204, 1881301,                                             583569, 2.0704431533813477, 71.34837341308594
2592, -767.3744771257043, 4, 50.644658329001686, 1225, 1882526,                                             584794, 2.037680149078369, 71.35834503173828
2593, 23.61686435341835, 1, 8.537497568999243, 204, 1882730,                                             584998, 2.01867938041687, 71.30608367919922
2594, -75.87615752220154, 1, 21.966648164001526, 527, 1883257,                                             585525, 2.0950918197631836, 71.21234130859375
2595, -52.33882839977741, 1, 17.145249394998245, 391, 1883648,                                             585916, 1.9969347715377808, 71.29507446289062
2596, -65.20659893751144, 1, 20.155175659001543, 457, 1884105,                                             586373, 2.0671534538269043, 71.13766479492188
2597, -100.39554619789124, 1, 20.37057967600049, 466, 1884571,                                             586839, 2.037560224533081, 71.04231262207031
2598, -627.944453060627, 4, 50.212095987000794, 1204, 1885775,                                             588043, 2.035208225250244, 71.00432586669922
2599, -78.68631795048714, 1, 21.78829156500069, 522, 1886297,                                             588565, 2.10383677482605, 70.97144317626953
2600, -674.5474583208561, 4, 50.612650019000284, 1213, 1887510,                                             589778, 1.9620450735092163, 70.9057846069336
2601, -812.5122200995684, 4, 50.44403959999909, 1207, 1888717,                                             590985, 2.035269021987915, 70.85657501220703
2602, -71.92784766852856, 1, 20.741661240997928, 489, 1889206,                                             591474, 2.0684609413146973, 70.75587463378906
2603, -217.97236096858978, 2, 1.3202425349991245, 30, 1889236,                                             591504, 2.1435699462890625, 70.71279907226562
2604, 27.368264243006706, 1, 9.325146130999201, 219, 1889455,                                             591723, 2.0595130920410156, 70.90800476074219
2605, -115.44820049405098, 1, 23.954493787998217, 570, 1890025,                                             592293, 2.0571188926696777, 70.87855529785156
2606, -239.8639672845602, 1, 34.19764894000036, 824, 1890849,                                             593117, 2.0508041381835938, 70.73257446289062
2607, -58.56414797902107, 1, 16.334950502998254, 385, 1891234,                                             593502, 2.0472159385681152, 70.63982391357422
2608, -549.4338092058897, 4, 50.041384624000784, 1153, 1892387,                                             594655, 2.031245231628418, 70.6298599243164
2609, 52.20426467061043, 1, 4.911533947000862, 104, 1892491,                                             594759, 2.016754388809204, 70.58940887451172
2610, -90.25395971536636, 1, 20.35929459000181, 455, 1892946,                                             595214, 1.998820185661316, 70.62509155273438
2611, -77.38936473429203, 1, 23.619225525999354, 563, 1893509,                                             595777, 2.0437533855438232, 70.6208724975586
2612, -213.81284356117249, 2, 1.5043171399993298, 31, 1893540,                                             595808, 2.02304744720459, 70.85116577148438
2613, -52.36391818523407, 1, 16.96324169500076, 403, 1893943,                                             596211, 1.9331061840057373, 70.55615234375
2614, -214.46768555045128, 1, 30.780042456997762, 729, 1894672,                                             596940, 2.0277934074401855, 70.67636108398438
2615, -289.8901097625494, 1, 31.59656296400135, 752, 1895424,                                             597692, 2.0550920963287354, 70.53150939941406
2616, -90.93032868206501, 1, 17.143027602000075, 405, 1895829,                                             598097, 1.9760520458221436, 70.37060546875
2617, -44.880418196320534, 1, 15.355771863996779, 366, 1896195,                                             598463, 2.103170871734619, 70.3663101196289
2618, -713.7791809886694, 4, 50.82625298499988, 1209, 1897404,                                             599672, 2.041576385498047, 70.44825744628906
2619, 42.927987948060036, 1, 5.729937421001523, 131, 1897535,                                             599803, 1.914002776145935, 70.3471908569336
2620, -80.4408267736435, 1, 19.740331455999694, 458, 1897993,                                             600261, 2.0313405990600586, 70.31114959716797
2621, -54.9061915576458, 1, 18.425604523999937, 435, 1898428,                                             600696, 2.0151658058166504, 70.2155990600586
2622, -69.1925161331892, 1, 16.73910271299974, 395, 1898823,                                             601091, 2.0106630325317383, 70.17382049560547
2623, -18.519049495458603, 1, 12.732111165001697, 296, 1899119,                                             601387, 2.016094207763672, 70.24061584472656
2624, -116.66216754168272, 1, 20.170370701998763, 481, 1899600,                                             601868, 2.001291036605835, 70.21610260009766
2625, -136.90141554176807, 1, 31.582326348001516, 707, 1900307,                                             602575, 2.0058939456939697, 70.24212646484375
2626, -618.7913249358535, 4, 50.0431347699996, 1132, 1901439,                                             603707, 2.0223567485809326, 70.1988754272461
2627, -25.136633038520813, 1, 13.74932178400195, 325, 1901764,                                             604032, 1.9381719827651978, 70.13929748535156
2628, -250.58362552523613, 1, 21.545123890002287, 504, 1902268,                                             604536, 2.0061333179473877, 70.03266143798828
2629, -163.5262884348631, 1, 27.38618769599998, 650, 1902918,                                             605186, 2.004537343978882, 70.12747192382812
2630, -258.36247476935387, 1, 38.197165732999565, 902, 1903820,                                             606088, 1.9978327751159668, 70.04531860351562
2631, -165.49931073188782, 1, 29.273449222000636, 686, 1904506,                                             606774, 2.0351221561431885, 70.03502655029297
2632, -113.93850800395012, 1, 22.9611420479996, 537, 1905043,                                             607311, 1.992671012878418, 69.96099090576172
2633, -102.57057045400143, 1, 18.56424619899917, 440, 1905483,                                             607751, 1.9529027938842773, 69.78821563720703
2634, -60.827684849500656, 1, 19.54700681900067, 448, 1905931,                                             608199, 2.0119192600250244, 69.86795806884766
2635, -209.2734122723341, 1, 40.21624710700053, 934, 1906865,                                             609133, 2.0197765827178955, 69.8721923828125
2636, -83.31145763397217, 1, 19.359254372997384, 451, 1907316,                                             609584, 2.0328845977783203, 69.7622299194336
2637, -548.1913646161556, 4, 50.832289554000454, 1160, 1908476,                                             610744, 1.9909563064575195, 69.63673400878906
2638, -18.747330002486706, 1, 14.336862584998016, 314, 1908790,                                             611058, 1.9712058305740356, 69.76032257080078
2639, -102.73576556146145, 1, 22.973996134998742, 511, 1909301,                                             611569, 1.9881535768508911, 69.52759552001953
2640, -165.7979750484228, 1, 30.775009647000843, 719, 1910020,                                             612288, 1.9947854280471802, 69.59251403808594
2641, -193.75876143574715, 1, 28.42547763300172, 652, 1910672,                                             612940, 1.9884203672409058, 69.59648132324219
2642, -157.77385412156582, 1, 27.58344671499799, 646, 1911318,                                             613586, 1.9373747110366821, 69.50288391113281
2643, -115.85492999851704, 1, 20.94879381500141, 485, 1911803,                                             614071, 1.9217989444732666, 69.46041870117188
2644, -140.8474754691124, 1, 23.56120761099737, 549, 1912352,                                             614620, 1.9525814056396484, 69.3598403930664
2645, -34.33096331357956, 1, 17.161412215999007, 399, 1912751,                                             615019, 2.0002195835113525, 69.59413146972656
2646, -204.63757951557636, 1, 34.58355995099919, 804, 1913555,                                             615823, 1.9614524841308594, 69.36331939697266
2647, -105.78181660175323, 1, 19.16604910499882, 449, 1914004,                                             616272, 1.97846257686615, 69.30699157714844
2648, -127.2861513197422, 1, 26.770496687997365, 623, 1914627,                                             616895, 1.9414409399032593, 69.1930923461914
2649, -171.84899336844683, 1, 15.761396332000004, 371, 1914998,                                             617266, 2.0107264518737793, 69.23433685302734
2650, -148.32552789151669, 1, 29.57748931400056, 686, 1915684,                                             617952, 1.9775021076202393, 69.2614974975586
2651, -591.1692398563027, 4, 50.67033054700005, 1121, 1916805,                                             619073, 1.989498496055603, 69.14566040039062
2652, -311.96896063536406, 1, 41.22533848199964, 930, 1917735,                                             620003, 1.953096866607666, 69.0527114868164
2653, -210.73649656772614, 2, 1.7046280340000521, 31, 1917766,                                             620034, 1.7665616273880005, 69.37533569335938
2654, -56.21519288420677, 1, 18.579899308999302, 432, 1918198,                                             620466, 1.955682396888733, 69.12612915039062
2655, -716.3376441374421, 4, 50.61093192300177, 1171, 1919369,                                             621637, 1.980179786682129, 69.10253143310547
2656, 35.99039226770401, 1, 7.928910064001684, 180, 1919549,                                             621817, 2.0037293434143066, 68.9015884399414
2657, -278.4126973301172, 1, 33.384419866000826, 768, 1920317,                                             622585, 1.9508997201919556, 69.01924896240234
2658, -256.5430167466402, 1, 35.578435816998535, 823, 1921140,                                             623408, 1.946429967880249, 68.9742431640625
2659, -265.85310201346874, 1, 38.8114510100022, 895, 1922035,                                             624303, 1.9379099607467651, 68.8961181640625
2660, -204.48903532326221, 1, 33.18411675199968, 767, 1922802,                                             625070, 1.9350672960281372, 68.92192840576172
2661, -72.78484201431274, 1, 19.529465902000084, 451, 1923253,                                             625521, 1.925635814666748, 68.88744354248047
2662, -124.27345752716064, 1, 24.37468382699808, 558, 1923811,                                             626079, 1.9736666679382324, 68.91783905029297
2663, -174.30567713081837, 1, 35.387186495001515, 780, 1924591,                                             626859, 1.985597014427185, 68.97451782226562
2664, -105.7488044500351, 1, 22.955614159996912, 502, 1925093,                                             627361, 1.9409054517745972, 68.76988983154297
2665, -725.5955621674657, 4, 50.258875874002115, 1149, 1926242,                                             628510, 1.9861198663711548, 68.73995971679688
2666, -3.075259566307068, 1, 13.51976895000189, 307, 1926549,                                             628817, 1.8652352094650269, 68.74451446533203
2667, -662.705872118473, 4, 49.83986656399793, 1148, 1927697,                                             629965, 1.9188601970672607, 68.70674133300781
2668, 21.393160343170166, 1, 9.53893824500119, 216, 1927913,                                             630181, 1.9845777750015259, 68.63529968261719
2669, -124.83820162713528, 1, 24.157551140000578, 549, 1928462,                                             630730, 2.000401020050049, 68.66864776611328
2670, -64.54480086266994, 1, 17.98486230799972, 414, 1928876,                                             631144, 1.8944286108016968, 68.54005432128906
2671, -146.21002526581287, 1, 29.113876652001636, 664, 1929540,                                             631808, 1.9862562417984009, 68.53624725341797
2672, -97.69709333777428, 1, 22.98069443499844, 526, 1930066,                                             632334, 1.9727954864501953, 68.48355865478516
2673, -71.76377265155315, 1, 19.548561113999313, 441, 1930507,                                             632775, 1.9656438827514648, 68.54439544677734
2674, -175.29536248743534, 1, 32.99587497900211, 757, 1931264,                                             633532, 1.944869041442871, 68.45782470703125
2675, -76.40136769413948, 1, 18.9472451670008, 427, 1931691,                                             633959, 1.9814178943634033, 68.40088653564453
2676, -347.3591872602701, 1, 46.02937040199686, 1006, 1932697,                                             634965, 1.9563629627227783, 68.41304779052734
2677, -229.96793687343597, 1, 34.990703695002594, 767, 1933464,                                             635732, 1.9394758939743042, 68.21720123291016
2678, -17.956399872899055, 1, 13.950414793001983, 313, 1933777,                                             636045, 1.9791102409362793, 68.18585968017578
2679, -32.14495551586151, 1, 14.93395162500019, 336, 1934113,                                             636381, 1.9814453125, 68.23506927490234
2680, -152.21023869514465, 1, 28.993210179000016, 653, 1934766,                                             637034, 1.9937975406646729, 68.39490509033203
2681, -561.7576137855649, 4, 49.79932953599928, 1139, 1935905,                                             638173, 1.9663701057434082, 68.30369567871094
2682, 49.42112233489752, 1, 5.930475536002632, 130, 1936035,                                             638303, 1.8980664014816284, 68.05143737792969
2683, -481.9228795170784, 1, 44.814674670000386, 1020, 1937055,                                             639323, 1.938509225845337, 67.97483825683594
2684, -99.76426976919174, 1, 14.1342151989993, 313, 1937368,                                             639636, 1.9655672311782837, 68.04654693603516
2685, -90.72814817726612, 1, 26.785398014999373, 603, 1937971,                                             640239, 1.9483834505081177, 67.98353576660156
2686, -362.0882132202387, 1, 34.79253264399813, 788, 1938759,                                             641027, 1.927904725074768, 67.87604522705078
2687, -569.927105858922, 2, 35.40635651800039, 806, 1939565,                                             641833, 1.9316210746765137, 67.85708618164062
2688, 53.48492190241814, 1, 6.112690425998153, 134, 1939699,                                             641967, 1.895480751991272, 67.83055114746094
2689, -83.96322855353355, 1, 22.571902619998582, 492, 1940191,                                             642459, 1.9451074600219727, 67.79608917236328
2690, -73.85982567071915, 1, 23.36111667899968, 499, 1940690,                                             642958, 1.9933534860610962, 67.72053527832031
2691, -544.7748953253031, 4, 50.400797893002164, 1096, 1941786,                                             644054, 1.9062976837158203, 67.7706527709961
2692, 34.72811406850815, 1, 7.921310239999002, 175, 1941961,                                             644229, 1.9293137788772583, 67.68978881835938
2693, -194.27136851847172, 1, 32.1970349430012, 727, 1942688,                                             644956, 1.9321128129959106, 67.76092529296875
2694, -41.702604338526726, 1, 16.138727081997786, 358, 1943046,                                             645314, 1.9552605152130127, 67.70732879638672
2695, -84.93333907425404, 1, 21.75363816299796, 487, 1943533,                                             645801, 1.9636784791946411, 67.67169189453125
2696, -60.73146967589855, 1, 18.5611381680028, 413, 1943946,                                             646214, 1.9447768926620483, 67.5979995727539
2697, -557.9468654841185, 4, 49.81944452500102, 1112, 1945058,                                             647326, 1.9412927627563477, 67.63621520996094
2698, -2.867942124605179, 1, 13.338118249001127, 294, 1945352,                                             647620, 1.9269028902053833, 67.61556243896484
2699, -206.51699817180634, 1, 38.61470232300053, 872, 1946224,                                             648492, 1.9264633655548096, 67.59619140625
2700, -215.90502615273, 1, 36.99404470900117, 823, 1947047,                                             649315, 1.9208600521087646, 67.4867935180664
2701, -88.44667972624302, 1, 21.50828737499978, 477, 1947524,                                             649792, 1.944068431854248, 67.43639373779297
2702, -51.01709894835949, 1, 19.945966731000226, 419, 1947943,                                             650211, 1.9499112367630005, 67.52669525146484
2703, -268.9484797269106, 1, 45.22109791499679, 962, 1948905,                                             651173, 1.9124655723571777, 67.41838073730469
2704, -132.4174101650715, 1, 28.3672249270021, 629, 1949534,                                             651802, 1.9464590549468994, 67.3468017578125
2705, -253.2056188583374, 1, 35.397806999997556, 795, 1950329,                                             652597, 1.9408432245254517, 67.35983276367188
2706, -242.30920393764973, 1, 25.16425195699776, 564, 1950893,                                             653161, 1.889212727546692, 67.28553009033203
2707, -107.6781550347805, 1, 24.178814200000488, 535, 1951428,                                             653696, 1.9211996793746948, 67.29808044433594
2708, -132.8201982676983, 1, 31.383816394998576, 709, 1952137,                                             654405, 1.8698623180389404, 67.3062515258789
2709, -316.81126917898655, 1, 27.764623759998358, 625, 1952762,                                             655030, 1.949293613433838, 67.21873474121094
2710, -381.12951923906803, 1, 39.79975174699939, 902, 1953664,                                             655932, 1.920796275138855, 67.25372314453125
2711, -256.20629516243935, 1, 41.222019754997746, 936, 1954600,                                             656868, 1.8956996202468872, 67.15702056884766
2712, -678.2088725343347, 4, 50.02252668700021, 1111, 1955711,                                             657979, 1.9104305505752563, 67.08114624023438
2713, 66.7691690325737, 1, 4.928884417997324, 103, 1955814,                                             658082, 1.975856900215149, 66.8191909790039
2714, -35.40657638013363, 1, 16.357477723002376, 349, 1956163,                                             658431, 1.9263511896133423, 67.14817810058594
2715, -58.087008744478226, 1, 17.354195157000504, 371, 1956534,                                             658802, 1.9500616788864136, 67.16560363769531
2716, -117.10654203593731, 1, 23.958556096000393, 532, 1957066,                                             659334, 1.8918037414550781, 66.97219848632812
2717, -40.83407965302467, 1, 17.167158942000242, 375, 1957441,                                             659709, 1.9762680530548096, 67.07396697998047
2718, -651.5034565031528, 4, 49.43452662300115, 1117, 1958558,                                             660826, 1.9847151041030884, 67.08348083496094
2719, -55.90912587940693, 1, 14.148807713998394, 316, 1958874,                                             661142, 1.8649401664733887, 66.96346282958984
2720, -736.1294904649258, 4, 50.230221821999294, 1131, 1960005,                                             662273, 1.9555225372314453, 67.03156280517578
2721, 55.17252257466316, 1, 5.223908579999261, 115, 1960120,                                             662388, 2.0049948692321777, 66.91092681884766
2722, -672.0710320696235, 4, 50.233886830999836, 1134, 1961254,                                             663522, 1.9219955205917358, 66.88618469238281
2723, -74.30605775117874, 1, 24.37931789600043, 548, 1961802,                                             664070, 1.9583245515823364, 66.88027954101562
2724, -75.96367979049683, 1, 19.14886181499969, 431, 1962233,                                             664501, 1.9671704769134521, 66.89876556396484
2725, -130.1936846524477, 1, 26.17966515399894, 587, 1962820,                                             665088, 1.8908345699310303, 66.80018615722656
2726, -304.5683956593275, 1, 44.205915534999804, 957, 1963777,                                             666045, 1.9563086032867432, 66.92232513427734
2727, -239.5537944883108, 1, 37.01297572399926, 771, 1964548,                                             666816, 1.9103941917419434, 66.82572937011719
2728, -79.67591175436974, 1, 24.379558229000395, 533, 1965081,                                             667349, 1.892792820930481, 66.78137969970703
2729, -264.36877316236496, 1, 36.20652473299924, 810, 1965891,                                             668159, 1.9026479721069336, 66.83847045898438
2730, -163.18922871351242, 1, 30.17211870400206, 679, 1966570,                                             668838, 1.8841135501861572, 66.54552459716797
2731, -19.397596165537834, 1, 13.092414506998466, 291, 1966861,                                             669129, 1.9435200691223145, 66.77608489990234
2732, 4.2720368802547455, 1, 13.1347526799982, 291, 1967152,                                             669420, 1.9149587154388428, 66.69481658935547
2733, -85.98008285462856, 1, 20.15415615299935, 449, 1967601,                                             669869, 1.9444106817245483, 66.55343627929688
2734, -143.2842236980796, 1, 26.185846292999486, 588, 1968189,                                             670457, 1.9374717473983765, 66.58350372314453
2735, -69.3646609634161, 1, 19.748356318999868, 437, 1968626,                                             670894, 1.9174975156784058, 66.62380981445312
2736, -544.9673719778657, 4, 50.233755090997875, 1126, 1969752,                                             672020, 1.9278995990753174, 66.57332611083984
2737, 23.808564066886902, 1, 10.140302895997593, 228, 1969980,                                             672248, 1.9531044960021973, 66.5117416381836
2738, -508.7155809700489, 4, 50.01938961899941, 1110, 1971090,                                             673358, 1.9322402477264404, 66.52616119384766
2739, -227.5334319472313, 1, 33.581504200999916, 700, 1971790,                                             674058, 1.9014976024627686, 66.47582244873047
2740, -82.39632281661034, 1, 16.358438024999487, 350, 1972140,                                             674408, 1.924523949623108, 66.50421905517578
2741, -50.08903354406357, 1, 22.42450972699953, 496, 1972636,                                             674904, 1.8842860460281372, 66.37998962402344
2742, -665.828560680151, 4, 49.84833820499989, 1111, 1973747,                                             676015, 1.9347258806228638, 66.48587799072266
2743, -325.15263272076845, 1, 46.80969557199933, 1038, 1974785,                                             677053, 1.9193265438079834, 66.43651580810547
2744, -232.66617657989264, 1, 31.210995780002122, 591, 1975376,                                             677644, 1.9020884037017822, 66.31310272216797
2745, -700.5413185656071, 4, 51.02325799499886, 1110, 1976486,                                             678754, 1.9180155992507935, 66.31889343261719
2746, -230.45455808192492, 1, 35.002370113001234, 771, 1977257,                                             679525, 1.9234135150909424, 66.30952453613281
2747, -635.4875042587519, 4, 50.61572615099794, 1106, 1978363,                                             680631, 1.9509248733520508, 66.26691436767578
2748, 65.92494071274996, 1, 2.9315337230000296, 64, 1978427,                                             680695, 1.7391927242279053, 66.411865234375
2749, -89.02432045340538, 1, 20.74333289200149, 439, 1978866,                                             681134, 1.8599269390106201, 66.20423889160156
2750, -147.89212229847908, 1, 30.206324025999493, 639, 1979505,                                             681773, 1.915210247039795, 66.15340423583984
2751, -133.63627053797245, 1, 28.565197230000194, 609, 1980114,                                             682382, 1.9003599882125854, 66.21150207519531
2752, -558.5056418478489, 4, 49.63543558099991, 1090, 1981204,                                             683472, 1.8863554000854492, 65.98157501220703
2753, -142.27668902277946, 1, 24.157311523002136, 522, 1981726,                                             683994, 1.9215689897537231, 65.92801666259766
2754, -82.40106643736362, 1, 22.755881563000003, 499, 1982225,                                             684493, 1.877559781074524, 65.98802185058594
2755, -25.810585543513298, 1, 13.952813668998715, 307, 1982532,                                             684800, 1.9241199493408203, 65.95651245117188
2756, -55.77540735900402, 1, 16.934686873999453, 367, 1982899,                                             685167, 1.9273242950439453, 65.91327667236328
2757, -23.779799789190292, 1, 20.358166505000554, 440, 1983339,                                             685607, 1.9272412061691284, 65.9450912475586
2758, -691.8834770023823, 4, 50.22863879000215, 1107, 1984446,                                             686714, 1.8791239261627197, 65.82644653320312
2759, -96.52548295259476, 1, 21.971135206000326, 481, 1984927,                                             687195, 1.9394474029541016, 65.69371795654297
2760, -79.34057727456093, 1, 21.35356859500098, 467, 1985394,                                             687662, 1.896634817123413, 65.74301147460938
2761, -160.41327172517776, 1, 31.2896432009984, 684, 1986078,                                             688346, 1.845646858215332, 65.71504974365234
2762, -147.16622288525105, 1, 28.573909891998483, 601, 1986679,                                             688947, 1.861423373222351, 65.57837677001953
2763, -577.3629055842757, 4, 49.642333732001134, 1056, 1987735,                                             690003, 1.8439205884933472, 65.56623077392578
2764, -30.50267804414034, 1, 14.154198208001617, 309, 1988044,                                             690312, 1.935991883277893, 65.53691864013672
2765, -102.0720841884613, 1, 23.56298105099995, 513, 1988557,                                             690825, 1.826441764831543, 65.60112762451172
2766, -20.031256556510925, 1, 14.75204707300145, 320, 1988877,                                             691145, 1.8497101068496704, 65.41072082519531
2767, -50.96749787032604, 1, 17.940444542000478, 387, 1989264,                                             691532, 1.7812682390213013, 65.44413757324219
2768, -292.73570443689823, 1, 41.62275159800265, 912, 1990176,                                             692444, 1.862684965133667, 65.47655487060547
2769, -40.27497382462025, 1, 17.96233628900154, 383, 1990559,                                             692827, 1.8538079261779785, 65.4845962524414
2770, -99.62964445352554, 1, 20.753116978001344, 448, 1991007,                                             693275, 1.853415846824646, 65.46818542480469
2771, -35.439396008849144, 1, 12.066450620997784, 264, 1991271,                                             693539, 1.9092649221420288, 65.30643463134766
2772, -114.32754717767239, 1, 26.77822616100093, 574, 1991845,                                             694113, 1.8685009479522705, 65.3758773803711
2773, -89.11529776453972, 1, 20.77305439599877, 454, 1992299,                                             694567, 1.8361530303955078, 65.38011932373047
2774, -304.2350578010082, 1, 30.791685837997647, 666, 1992965,                                             695233, 1.864431381225586, 65.37909698486328
2775, -123.4804727435112, 1, 22.1683520780025, 486, 1993451,                                             695719, 1.889924168586731, 65.33779907226562
2776, -103.45662926137447, 1, 25.584071318000497, 534, 1993985,                                             696253, 1.8749973773956299, 65.31716918945312
2777, -29.22498682141304, 1, 16.54470353099896, 340, 1994325,                                             696593, 1.895634412765503, 65.20060729980469
2778, -522.1051985025406, 4, 49.83545261399922, 1056, 1995381,                                             697649, 1.8838832378387451, 65.29014587402344
2779, -731.5801071673632, 4, 50.64537694699902, 1105, 1996486,                                             698754, 1.860285758972168, 65.21202087402344
2780, 9.544734597206116, 1, 11.52872325700082, 247, 1996733,                                             699001, 1.9423326253890991, 65.13072204589844
2781, -239.54520127177238, 1, 41.329504965000524, 895, 1997628,                                             699896, 1.8476650714874268, 65.22494506835938
2782, -105.6901906132698, 1, 23.563080184998398, 505, 1998133,                                             700401, 1.8402326107025146, 65.03497314453125
2783, -71.29155269265175, 1, 19.976357373998326, 433, 1998566,                                             700834, 1.879178762435913, 65.1202621459961
2784, -572.3341443538666, 4, 51.04060934899826, 1098, 1999664,                                             701932, 1.846624493598938, 65.03170013427734
2785, 73.54513636231422, 1, 3.7257414020023134, 77, 1999741,                                             702009, 1.7756502628326416, 65.4547119140625
2786, -38.19696472585201, 1, 17.539244674000656, 360, 2000101,                                             702369, 1.9228384494781494, 65.10848236083984
2787, -96.41459888219833, 1, 22.775820331000432, 488, 2000589,                                             702857, 1.830662488937378, 65.07207489013672
2788, -17.225289687514305, 1, 13.136666182999761, 277, 2000866,                                             703134, 1.775991678237915, 64.8419189453125
2789, -58.244897440075874, 1, 18.967165219997696, 401, 2001267,                                             703535, 1.8712459802627563, 64.97853088378906
2790, -24.11362026631832, 1, 16.562682061001397, 339, 2001606,                                             703874, 1.8779617547988892, 64.92528533935547
2791, -66.19171385467052, 1, 20.938707366000017, 429, 2002035,                                             704303, 1.8115893602371216, 64.88985443115234
2792, -325.5404018908739, 1, 48.03287095599808, 1031, 2003066,                                             705334, 1.8003921508789062, 64.96817016601562
2793, -103.6300478875637, 1, 18.562291332000314, 397, 2003463,                                             705731, 1.856397032737732, 64.85688781738281
2794, -298.74368865787983, 1, 44.80657260299995, 961, 2004424,                                             706692, 1.8471542596817017, 64.8136215209961
2795, -319.6497859284282, 1, 36.203901274999225, 776, 2005200,                                             707468, 1.877995252609253, 64.71308898925781
2796, -136.8317641466856, 1, 27.380840652000188, 578, 2005778,                                             708046, 1.8819785118103027, 64.7551040649414
2797, -309.9652371928096, 1, 37.592410895002104, 800, 2006578,                                             708846, 1.815858006477356, 64.88357543945312
2798, -169.68126533925533, 1, 20.16559893000158, 429, 2007007,                                             709275, 1.8832145929336548, 64.6826400756836
2799, -301.6087766289711, 1, 41.40718866200041, 884, 2007891,                                             710159, 1.833245873451233, 64.60380554199219
2800, -912.7370641380548, 4, 49.833654461999686, 1062, 2008953,                                             711221, 1.8597919940948486, 64.71715545654297
2801, 60.467824801802635, 1, 5.989354060999176, 114, 2009067,                                             711335, 1.864254117012024, 64.62239074707031
2802, -74.57922069728374, 1, 22.37860628099952, 459, 2009526,                                             711794, 1.8882627487182617, 64.68199920654297
2803, -177.9284882247448, 1, 32.59322401200188, 690, 2010216,                                             712484, 1.8448083400726318, 64.50578308105469
2804, -523.473943978548, 1, 47.416745405000256, 1012, 2011228,                                             713496, 1.7808529138565063, 64.45907592773438
2805, -526.5023713111877, 4, 50.45210044000123, 1074, 2012302,                                             714570, 1.8535330295562744, 64.48838806152344
2806, -51.26291850209236, 1, 16.94559428899811, 356, 2012658,                                             714926, 1.8271324634552002, 64.57930755615234
2807, -72.09179303050041, 1, 23.58176758099944, 499, 2013157,                                             715425, 1.8478363752365112, 64.4461898803711
2808, -108.17334133386612, 1, 25.362641497998993, 535, 2013692,                                             715960, 1.8282456398010254, 64.42013549804688
2809, -79.43010139465332, 1, 21.169263240000873, 450, 2014142,                                             716410, 1.790168046951294, 64.43994903564453
2810, -557.6238369941711, 4, 50.02722762399935, 1075, 2015217,                                             717485, 1.8355653285980225, 64.32693481445312
2811, -25.87411829829216, 1, 18.594203033000667, 398, 2015615,                                             717883, 1.790549397468567, 64.33726501464844
2812, -668.8568261265755, 4, 49.82208553400051, 1024, 2016639,                                             718907, 1.8246991634368896, 64.42210388183594
2813, -20.690142065286636, 1, 15.55924023100306, 319, 2016958,                                             719226, 1.8761935234069824, 64.41304016113281
2814, -60.95267480611801, 1, 19.94575246000022, 413, 2017371,                                             719639, 1.884040117263794, 64.46990203857422
2815, -3.5728006809949875, 1, 12.134446027001104, 252, 2017623,                                             719891, 1.7861337661743164, 64.30928802490234
2816, -287.8779916316271, 1, 40.62531822999881, 858, 2018481,                                             720749, 1.8465070724487305, 64.31663513183594
2817, -130.32130840420723, 1, 20.34757730400088, 425, 2018906,                                             721174, 1.9122438430786133, 64.28494262695312
2818, -64.45593039691448, 1, 23.38070680400051, 490, 2019396,                                             721664, 1.8266801834106445, 64.16451263427734
2819, -314.4469069316983, 1, 49.02123559000029, 1028, 2020424,                                             722692, 1.8556634187698364, 64.31884765625
2820, -258.96453212201595, 1, 37.20573616900219, 788, 2021212,                                             723480, 1.8575615882873535, 64.1869125366211
2821, -38.10874083638191, 1, 16.516087372001493, 340, 2021552,                                             723820, 1.8804512023925781, 64.18596649169922
2822, -543.0700119361281, 4, 49.83639803500046, 1050, 2022602,                                             724870, 1.8159140348434448, 64.12860870361328
2823, -35.29845631122589, 1, 16.140962830002536, 338, 2022940,                                             725208, 1.848710298538208, 64.17964935302734
2824, -202.98553378880024, 1, 32.78411173999848, 674, 2023614,                                             725882, 1.847163200378418, 64.19303894042969
2825, -34.40482880175114, 1, 16.954735441002413, 342, 2023956,                                             726224, 1.8760591745376587, 64.20525360107422
2826, -59.755624160170555, 1, 19.947624332999112, 401, 2024357,                                             726625, 1.8688724040985107, 64.151611328125
2827, -56.32241231203079, 1, 18.56123717099763, 386, 2024743,                                             727011, 1.8787585496902466, 64.1104965209961
2828, -167.20867112278938, 1, 34.78395877100047, 734, 2025477,                                             727745, 1.8271610736846924, 64.11266326904297
2829, -93.32347452640533, 1, 20.77049898599944, 443, 2025920,                                             728188, 1.866815447807312, 64.07490539550781
2830, -329.05399849265814, 1, 47.21910119200038, 990, 2026910,                                             729178, 1.8210457563400269, 64.04532623291016
2831, -367.42587984353304, 1, 45.2673231009976, 953, 2027863,                                             730131, 1.8092862367630005, 63.93478012084961
2832, -589.4559799954295, 4, 50.41916061200027, 1057, 2028920,                                             731188, 1.8218553066253662, 63.97697830200195
2833, -20.090854719281197, 1, 17.340371886999492, 356, 2029276,                                             731544, 1.8255047798156738, 63.88697814941406
2834, -126.45353709161282, 1, 26.569317991998105, 558, 2029834,                                             732102, 1.8062536716461182, 63.89200973510742
2835, -521.7438649088144, 4, 50.03118240800177, 1044, 2030878,                                             733146, 1.8302422761917114, 63.889404296875
2836, -31.025152176618576, 1, 16.55575245200089, 333, 2031211,                                             733479, 1.8064806461334229, 63.713741302490234
2837, -202.71624007821083, 1, 38.79785737199927, 793, 2032004,                                             734272, 1.7794270515441895, 63.789180755615234
2838, -234.24967373907566, 1, 35.40536519200032, 742, 2032746,                                             735014, 1.8061327934265137, 63.69715881347656
2839, -111.19096814095974, 1, 26.38271913800054, 548, 2033294,                                             735562, 1.8113839626312256, 63.698856353759766
2840, -133.3049523383379, 1, 25.179075579999335, 528, 2033822,                                             736090, 1.7938371896743774, 63.69248580932617
2841, -33.23806059360504, 1, 16.572254142996826, 343, 2034165,                                             736433, 1.8041960000991821, 63.66487121582031
2842, -7.067989110946655, 1, 13.149158045998774, 273, 2034438,                                             736706, 1.8542314767837524, 63.66872787475586
2843, -654.8950030505657, 4, 50.62926093100032, 1054, 2035492,                                             737760, 1.832740306854248, 63.679656982421875
2844, -724.0457159206271, 2, 37.99703714399948, 793, 2036285,                                             738553, 1.8172013759613037, 63.616615295410156
2845, 15.311941608786583, 1, 9.54514294999899, 201, 2036486,                                             738754, 1.7113674879074097, 63.47068405151367
2846, -84.08558577299118, 1, 23.563753597998584, 490, 2036976,                                             739244, 1.7832791805267334, 63.455379486083984
2847, -213.5390775874257, 1, 39.01440721999825, 815, 2037791,                                             740059, 1.8426494598388672, 63.585670471191406
2848, -161.17127794027328, 1, 36.80897979099973, 746, 2038537,                                             740805, 1.7824609279632568, 63.49152374267578
2849, -84.49595306813717, 1, 24.775263845000154, 494, 2039031,                                             741299, 1.827998399734497, 63.4589729309082
2850, -703.7929352372885, 1, 39.99716196299778, 829, 2039860,                                             742128, 1.7921490669250488, 63.342994689941406
2851, -128.05021750926971, 1, 24.357987621002394, 504, 2040364,                                             742632, 1.7903307676315308, 63.3706169128418
2852, -167.2499167472124, 1, 31.178448939997907, 638, 2041002,                                             743270, 1.7538856267929077, 63.409263610839844
2853, -639.1578265428543, 4, 50.04501835300107, 1042, 2042044,                                             744312, 1.8171038627624512, 63.4169807434082
2854, -389.7922829091549, 2, 25.158894494998094, 519, 2042563,                                             744831, 1.7544772624969482, 63.38578414916992
2855, -212.85227163136005, 1, 36.21736470099859, 754, 2043317,                                             745585, 1.7916803359985352, 63.38432693481445
2856, -477.70086774230003, 1, 34.183174746001896, 708, 2044025,                                             746293, 1.803227186203003, 63.35587692260742
2857, -244.13810388743877, 1, 28.99185603600199, 602, 2044627,                                             746895, 1.7561949491500854, 63.357337951660156
2858, -89.06630328297615, 1, 24.370583780000743, 500, 2045127,                                             747395, 1.7949624061584473, 63.311771392822266
2859, -130.0356028676033, 1, 28.785660290999658, 575, 2045702,                                             747970, 1.813102126121521, 63.28232955932617
2860, -102.28511019051075, 1, 24.96126006800114, 498, 2046200,                                             748468, 1.8076812028884888, 63.21473693847656
2861, -210.259326800704, 1, 38.02511652300018, 779, 2046979,                                             749247, 1.8310028314590454, 63.22957992553711
2862, -157.6368605941534, 1, 32.17626901300173, 662, 2047641,                                             749909, 1.8327745199203491, 63.30436325073242
2863, -585.3560144752264, 4, 50.24501203999898, 1046, 2048687,                                             750955, 1.8113081455230713, 63.25420379638672
2864, -250.85678311437368, 1, 31.5997737209982, 654, 2049341,                                             751609, 1.7439911365509033, 63.24216842651367
2865, -71.49894140660763, 1, 19.14379715099858, 391, 2049732,                                             752000, 1.8232824802398682, 63.36570358276367
2866, -41.7298151999712, 1, 16.560266831998888, 344, 2050076,                                             752344, 1.6846767663955688, 63.32000732421875
2867, -55.63264186680317, 1, 18.743453711002076, 384, 2050460,                                             752728, 1.7501896619796753, 63.26945495605469
2868, -4.474274903535843, 1, 12.334480470002745, 248, 2050708,                                             752976, 1.7983590364456177, 63.324066162109375
2869, -217.03685580193996, 1, 37.204746698000235, 770, 2051478,                                             753746, 1.7823854684829712, 63.18061065673828
2870, -121.85113269090652, 1, 28.96676169499915, 595, 2052073,                                             754341, 1.8006705045700073, 63.21556091308594
2871, -260.5242414176464, 1, 38.55624526199972, 776, 2052849,                                             755117, 1.7975188493728638, 63.1919059753418
2872, -80.70904065668583, 1, 21.56796413799748, 409, 2053258,                                             755526, 1.7359919548034668, 63.185115814208984
2873, -107.21697978675365, 1, 24.360092479997547, 488, 2053746,                                             756014, 1.756658911705017, 62.91058349609375
2874, -91.64466804265976, 1, 20.364556076001463, 420, 2054166,                                             756434, 1.7734042406082153, 63.18198013305664
2875, -216.51542996615171, 1, 42.60562312500042, 877, 2055043,                                             757311, 1.8462834358215332, 63.084163665771484
2876, -536.4932643696666, 4, 50.24492302699946, 1036, 2056079,                                             758347, 1.7760460376739502, 63.044219970703125
2877, -72.91450959444046, 1, 19.766024145999836, 407, 2056486,                                             758754, 1.873398780822754, 63.02373123168945
2878, -196.79171730577946, 1, 28.77059531499981, 590, 2057076,                                             759344, 1.7832130193710327, 62.90940856933594
2879, -64.90528033673763, 1, 23.780162000999553, 490, 2057566,                                             759834, 1.752652883529663, 62.94576644897461
2880, -674.2301598936319, 4, 50.21533154399731, 1031, 2058597,                                             760865, 1.7744052410125732, 62.874664306640625
2881, -262.4936634078622, 1, 39.72550631099875, 817, 2059414,                                             761682, 1.7290853261947632, 62.8962287902832
2882, -334.7775781750679, 1, 31.580455158000404, 631, 2060045,                                             762313, 1.7340970039367676, 62.86640167236328
2883, -90.33644545078278, 1, 27.163067201003287, 532, 2060577,                                             762845, 1.7452408075332642, 62.89030075073242
2884, -22.592954516410828, 1, 18.16244894999909, 372, 2060949,                                             763217, 1.7323834896087646, 62.796260833740234
2885, -50.22614827752113, 1, 20.55582062599933, 415, 2061364,                                             763632, 1.757487416267395, 62.933937072753906
2886, -24.502976790070534, 1, 17.964645972002472, 368, 2061732,                                             764000, 1.8076683282852173, 62.732269287109375
2887, -195.00626838207245, 1, 24.574195213001076, 504, 2062236,                                             764504, 1.7926652431488037, 62.80498504638672
2888, -644.220476321876, 4, 50.826255962001596, 1037, 2063273,                                             765541, 1.7800047397613525, 62.81653594970703
2889, 15.869317919015884, 1, 8.943980074000137, 181, 2063454,                                             765722, 1.788901686668396, 62.893917083740234
2890, -29.95490725338459, 1, 16.73980797100012, 337, 2063791,                                             766059, 1.7795201539993286, 62.74748611450195
2891, -138.22223410010338, 1, 31.48669601200163, 639, 2064430,                                             766698, 1.7291332483291626, 62.6915283203125
2892, -64.66083918511868, 1, 20.953534281998145, 424, 2064854,                                             767122, 1.7221763134002686, 62.72092819213867
2893, -93.55500684678555, 1, 24.36296423800013, 494, 2065348,                                             767616, 1.7370425462722778, 62.76033020019531
2894, -78.37689478695393, 1, 25.806023936998827, 530, 2065878,                                             768146, 1.7442426681518555, 62.72435760498047
2895, -37.20983552932739, 1, 19.321485870001197, 392, 2066270,                                             768538, 1.7662487030029297, 62.689605712890625
2896, -39.25373753905296, 1, 19.972624720001477, 404, 2066674,                                             768942, 1.7144299745559692, 62.678855895996094
2897, -505.12454657256603, 4, 50.624030317998404, 998, 2067672,                                             769940, 1.766228437423706, 62.69818115234375
2898, -616.6010477915406, 4, 50.632661506999284, 1035, 2068707,                                             770975, 1.746408224105835, 62.61048126220703
2899, -310.52569226920605, 1, 42.00268135599981, 855, 2069562,                                             771830, 1.7548083066940308, 62.68025588989258
2900, -180.21337009966373, 1, 31.378536932003044, 639, 2070201,                                             772469, 1.7385368347167969, 62.74734115600586
2901, -114.4017399251461, 1, 24.933928664999257, 504, 2070705,                                             772973, 1.6912013292312622, 62.51737594604492
2902, -72.36359688639641, 1, 22.955566354998155, 463, 2071168,                                             773436, 1.7814241647720337, 62.58409118652344
2903, -5.332412168383598, 1, 15.957154947001982, 324, 2071492,                                             773760, 1.6903940439224243, 62.522682189941406
2904, -98.18959845602512, 1, 27.581634221998684, 557, 2072049,                                             774317, 1.7394421100616455, 62.48247528076172
2905, -140.0596652776003, 1, 26.566398642000422, 537, 2072586,                                             774854, 1.693662405014038, 62.546119689941406
2906, -99.28075033426285, 1, 23.560027149000234, 478, 2073064,                                             775332, 1.7546807527542114, 62.59202575683594
2907, -272.74685275554657, 1, 41.03718970800037, 826, 2073890,                                             776158, 1.7450186014175415, 62.52793502807617
2908, -43.50635592639446, 1, 18.926203013001214, 369, 2074259,                                             776527, 1.7265639305114746, 62.42068862915039
2909, -74.06250429153442, 1, 21.971031528999447, 427, 2074686,                                             776954, 1.7019054889678955, 62.37716293334961
2910, -179.37999321520329, 1, 37.79794104199755, 768, 2075454,                                             777722, 1.7550593614578247, 62.40048599243164
2911, -216.91185343265533, 1, 41.86725849799768, 846, 2076300,                                             778568, 1.7517049312591553, 62.44417953491211
2912, -73.1758913397789, 1, 23.58083459699992, 480, 2076780,                                             779048, 1.7450039386749268, 62.3536491394043
2913, -103.26207336783409, 1, 22.76210417599941, 460, 2077240,                                             779508, 1.751613736152649, 62.41611862182617
2914, -58.137339413166046, 1, 14.784820985001716, 303, 2077543,                                             779811, 1.6833336353302002, 62.271446228027344
2915, -384.30718464404345, 1, 48.18912922399977, 980, 2078523,                                             780791, 1.731628179550171, 62.318328857421875
2916, -142.04630571603775, 1, 22.375264008998784, 455, 2078978,                                             781246, 1.7797541618347168, 62.357398986816406
2917, -111.11372503638268, 1, 27.362933612002962, 553, 2079531,                                             781799, 1.7117137908935547, 62.435237884521484
2918, -127.3296993970871, 1, 30.391928068998823, 619, 2080150,                                             782418, 1.754314661026001, 62.198631286621094
2919, -183.7997946292162, 1, 28.369847426001797, 575, 2080725,                                             782993, 1.72873055934906, 62.24070739746094
2920, -44.38803672790527, 1, 17.358155810001335, 336, 2081061,                                             783329, 1.7254538536071777, 62.38047409057617
2921, -16.34064881503582, 1, 16.642416137998225, 321, 2081382,                                             783650, 1.7285047769546509, 62.36064147949219
2922, -166.7283594161272, 1, 38.21785248499873, 756, 2082138,                                             784406, 1.731278896331787, 62.201385498046875
2923, -385.67657389491796, 1, 47.61486939099996, 968, 2083106,                                             785374, 1.7871721982955933, 62.23893356323242
2924, -64.06228013336658, 1, 22.17099785499886, 452, 2083558,                                             785826, 1.7755292654037476, 62.24513626098633
2925, -208.17262883484364, 1, 30.79960598099933, 628, 2084186,                                             786454, 1.7363947629928589, 62.096351623535156
2926, -532.7390142083168, 4, 50.627773782001896, 1027, 2085213,                                             787481, 1.7521748542785645, 62.13031768798828
2927, -2.6121587604284286, 1, 14.551870816998417, 295, 2085508,                                             787776, 1.7806084156036377, 62.205753326416016
2928, -524.1769170537591, 4, 50.82202604100166, 1030, 2086538,                                             788806, 1.7611138820648193, 62.22016143798828
2929, -99.38812506198883, 1, 21.977685944999394, 449, 2086987,                                             789255, 1.7077916860580444, 62.031646728515625
2930, -126.55416937172413, 1, 24.3611712919992, 490, 2087477,                                             789745, 1.7945797443389893, 62.062103271484375
2931, -106.9332562237978, 1, 23.70108167500075, 474, 2087951,                                             790219, 1.6998980045318604, 62.168270111083984
2932, -287.12553860992193, 1, 50.027449903998786, 971, 2088922,                                             791190, 1.7269294261932373, 61.992454528808594
2933, -49.421826630830765, 1, 16.359012820001226, 327, 2089249,                                             791517, 1.8058801889419556, 62.05787658691406
2934, -76.24804355204105, 1, 24.56460440900264, 492, 2089741,                                             792009, 1.7980459928512573, 61.95650100708008
2935, -197.44937393069267, 1, 40.43299773800027, 820, 2090561,                                             792829, 1.7585444450378418, 61.94075012207031
2936, -106.04323348402977, 1, 24.944596997996996, 501, 2091062,                                             793330, 1.7121062278747559, 61.95392990112305
2937, -50.97255717217922, 1, 20.774693379000382, 418, 2091480,                                             793748, 1.737129807472229, 61.97004318237305
2938, -210.4165963679552, 1, 34.78682151099929, 704, 2092184,                                             794452, 1.7362574338912964, 61.900245666503906
2939, -586.0144669264555, 4, 50.04142722799952, 1017, 2093201,                                             795469, 1.7375435829162598, 62.00651550292969
2940, -27.61862315237522, 1, 16.140208110999083, 325, 2093526,                                             795794, 1.7616472244262695, 62.0313835144043
2941, -132.9360438734293, 1, 25.617357033999724, 515, 2094041,                                             796309, 1.6995553970336914, 61.86866760253906
2942, -50.10157334804535, 1, 18.739514706998307, 375, 2094416,                                             796684, 1.7012096643447876, 61.87900924682617
2943, -505.94137655198574, 4, 50.03444847100036, 974, 2095390,                                             797658, 1.723476767539978, 61.77822494506836
2944, 61.8882262557745, 1, 3.931969659002789, 74, 2095464,                                             797732, 1.7277302742004395, 61.85783004760742
2945, -78.20657254755497, 1, 25.169740789999196, 483, 2095947,                                             798215, 1.7760417461395264, 61.82674789428711
2946, -26.876667842268944, 1, 19.15962883099928, 388, 2096335,                                             798603, 1.7906436920166016, 61.882328033447266
2947, -576.9907021895051, 4, 50.23414371900071, 1018, 2097353,                                             799621, 1.7248165607452393, 61.81734085083008
2948, -53.1304981559515, 1, 23.576754921999964, 476, 2097829,                                             800097, 1.7057081460952759, 61.87332534790039
2949, -160.08364610373974, 1, 32.987518265999825, 664, 2098493,                                             800761, 1.720358967781067, 61.745933532714844
2950, -136.72100871801376, 1, 31.996520139000495, 643, 2099136,                                             801404, 1.708434820175171, 61.7634391784668
2951, -48.22845734655857, 1, 19.623498094999377, 386, 2099522,                                             801790, 1.813411831855774, 61.8905143737793
2952, -83.8741116374731, 1, 26.57637782800157, 540, 2100062,                                             802330, 1.7673168182373047, 61.875022888183594
2953, -479.9167648553848, 4, 50.017286660000536, 1007, 2101069,                                             803337, 1.7652443647384644, 61.72702407836914
2954, -330.81542398780584, 1, 42.825051944000734, 855, 2101924,                                             804192, 1.7816113233566284, 61.755645751953125
2955, -523.4262533560395, 4, 50.43227821400069, 977, 2102901,                                             805169, 1.7251348495483398, 61.77524185180664
2956, 42.75925435125828, 1, 8.339065244999802, 161, 2103062,                                             805330, 1.6533427238464355, 61.637046813964844
2957, -316.28769724071026, 1, 46.412326404999476, 925, 2103987,                                             806255, 1.7578213214874268, 61.71375274658203
2958, -555.1668863892555, 4, 50.02891326200188, 1002, 2104989,                                             807257, 1.729893445968628, 61.66547393798828
2959, -13.108813792467117, 1, 17.563168181997753, 355, 2105344,                                             807612, 1.7738600969314575, 61.61189651489258
2960, -159.99374333024025, 1, 34.20444927599965, 684, 2106028,                                             808296, 1.7019867897033691, 61.54389572143555
2961, -50.86329224705696, 1, 19.367964943001425, 386, 2106414,                                             808682, 1.6769070625305176, 61.57035446166992
2962, -521.0300516486168, 4, 50.0283081330017, 1003, 2107417,                                             809685, 1.7162355184555054, 61.59361267089844
2963, -242.85511606931686, 1, 38.214915878998, 771, 2108188,                                             810456, 1.6838407516479492, 61.523765563964844
2964, -291.1074315458536, 1, 34.387090097996406, 686, 2108874,                                             811142, 1.763755202293396, 61.536285400390625
2965, -51.864271968603134, 1, 20.75186520400166, 389, 2109263,                                             811531, 1.7172622680664062, 61.49998092651367
2966, -481.42828917503357, 4, 49.83756550999897, 957, 2110220,                                             812488, 1.7505561113357544, 61.474525451660156
2967, -288.0161867439747, 1, 39.795084833000146, 786, 2111006,                                             813274, 1.7136967182159424, 61.554107666015625
2968, -270.56092597544193, 1, 37.60515508699973, 740, 2111746,                                             814014, 1.7011215686798096, 61.31385040283203
2969, -78.11695741117, 1, 23.178698781001003, 464, 2112210,                                             814478, 1.7052948474884033, 61.53523635864258
2970, -213.03124161809683, 1, 43.01184211600048, 854, 2113064,                                             815332, 1.7068006992340088, 61.37849426269531
2971, -514.656097099185, 4, 50.50347946000329, 1012, 2114076,                                             816344, 1.6392111778259277, 61.33114242553711
2972, 24.610093876719475, 1, 10.724851392998971, 206, 2114282,                                             816550, 1.6960082054138184, 61.54800796508789
2973, -804.3000280559063, 4, 50.62369096099792, 1012, 2115294,                                             817562, 1.6995928287506104, 61.294654846191406
2974, -753.7559124454856, 4, 50.442827868002496, 976, 2116270,                                             818538, 1.7047206163406372, 61.29359436035156
2975, -263.93954100459814, 1, 41.42184605500006, 794, 2117064,                                             819332, 1.7048016786575317, 61.35292053222656
2976, -134.7137125134468, 1, 31.18293697899935, 612, 2117676,                                             819944, 1.7349239587783813, 61.278907775878906
2977, -20.83188845962286, 1, 17.961236429000564, 354, 2118030,                                             820298, 1.7037557363510132, 61.274658203125
2978, -463.4892151504755, 4, 50.02514574199813, 990, 2119020,                                             821288, 1.708840250968933, 61.2571907043457
2979, -300.122577868402, 1, 43.61131563199888, 861, 2119881,                                             822149, 1.7760851383209229, 61.2979850769043
2980, -332.0397485345602, 1, 41.42044739099947, 820, 2120701,                                             822969, 1.7338390350341797, 61.27363586425781
2981, -89.51947024464607, 1, 16.782556889997068, 329, 2121030,                                             823298, 1.7387195825576782, 61.37298583984375
2982, -43.77521365880966, 1, 20.771041202999186, 413, 2121443,                                             823711, 1.699525237083435, 61.228538513183594
2983, -471.29014921188354, 4, 50.42515004700181, 999, 2122442,                                             824710, 1.72135591506958, 61.24515151977539
2984, 87.60347916185856, 1, 1.5500347220004187, 30, 2122472,                                             824740, 1.57688307762146, 60.81657409667969
2985, -69.83411420881748, 1, 28.54529177999939, 547, 2123019,                                             825287, 1.6841689348220825, 61.257354736328125
2986, -108.922054708004, 1, 28.012104262998037, 529, 2123548,                                             825816, 1.7676715850830078, 61.24649429321289
2987, -34.133269011974335, 1, 21.729853777000244, 413, 2123961,                                             826229, 1.755104899406433, 61.138614654541016
2988, -75.52090165019035, 1, 25.16627036200225, 492, 2124453,                                             826721, 1.7404990196228027, 61.15363693237305
2989, -276.78088749945164, 1, 47.44492913900103, 937, 2125390,                                             827658, 1.727703332901001, 61.106201171875
2990, -165.4511272162199, 1, 35.59574995000003, 699, 2126089,                                             828357, 1.6938380002975464, 60.95789337158203
2991, -43.31763581931591, 1, 20.02725339600147, 390, 2126479,                                             828747, 1.6740087270736694, 61.064231872558594
2992, -47.11240740120411, 1, 20.955162703001406, 408, 2126887,                                             829155, 1.6740881204605103, 60.96233367919922
2993, -184.99711330980062, 1, 37.79656625599819, 736, 2127623,                                             829891, 1.6462516784667969, 60.964454650878906
2994, -477.74475740641356, 4, 49.64869253800134, 975, 2128598,                                             830866, 1.6860935688018799, 60.99229431152344
2995, -520.6021804586053, 4, 49.82199062399741, 974, 2129572,                                             831840, 1.7131158113479614, 61.03282165527344
2996, 33.1028922945261, 1, 9.942786284998874, 187, 2129759,                                             832027, 1.6577953100204468, 60.71416473388672
2997, -35.05606632679701, 1, 23.358921115002886, 431, 2130190,                                             832458, 1.700154423713684, 60.90690994262695
2998, -486.17901043593884, 4, 50.24714237800072, 966, 2131156,                                             833424, 1.7071046829223633, 60.93463134765625
2999, 20.90602181851864, 1, 12.533235839000554, 241, 2131397,                                             833665, 1.6740726232528687, 61.03914260864258
3000, -115.70901800692081, 1, 28.992798485000094, 564, 2131961,                                             834229, 1.753007411956787, 60.94493865966797
3001, -98.44924484193325, 1, 28.34734003199992, 552, 2132513,                                             834781, 1.7005515098571777, 60.97513198852539
3002, -239.4085724055767, 1, 44.409231867000926, 871, 2133384,                                             835652, 1.7257022857666016, 61.02529525756836
3003, -106.65634725987911, 1, 24.561013978003757, 476, 2133860,                                             836128, 1.6992120742797852, 60.93067932128906
3004, -469.2010603621602, 1, 47.855213239003206, 946, 2134806,                                             837074, 1.6988948583602905, 60.876220703125
3005, -119.10815280675888, 1, 25.34930998499476, 501, 2135307,                                             837575, 1.6801915168762207, 60.834163665771484
3006, -15.769374415278435, 1, 19.170558413003164, 381, 2135688,                                             837956, 1.6575286388397217, 60.8441276550293
3007, -15.379989951848984, 1, 15.540400352001598, 300, 2135988,                                             838256, 1.6539942026138306, 60.73324966430664
3008, -432.4346484169364, 4, 49.84898079599952, 944, 2136932,                                             839200, 1.7222363948822021, 60.84263610839844
3009, 0.9436030387878418, 1, 15.759170969002298, 294, 2137226,                                             839494, 1.6486139297485352, 60.80471420288086
3010, -96.44964337348938, 1, 25.76492711699393, 495, 2137721,                                             839989, 1.7555123567581177, 60.849334716796875
3011, -75.10097704082727, 1, 23.604114429996116, 463, 2138184,                                             840452, 1.7292674779891968, 60.85993576049805
3012, -191.77655339241028, 1, 34.98724248899816, 681, 2138865,                                             841133, 1.659787654876709, 60.80318069458008
3013, -152.13962116092443, 1, 33.80809207299899, 657, 2139522,                                             841790, 1.6580548286437988, 60.72835159301758
3014, -461.9178103506565, 4, 51.04589154000132, 999, 2140521,                                             842789, 1.703853726387024, 60.672760009765625
3015, 10.968842796981335, 1, 11.342665641001076, 220, 2140741,                                             843009, 1.6876676082611084, 60.63644027709961
3016, -779.8935842439532, 4, 50.019770839004195, 981, 2141722,                                             843990, 1.7001069784164429, 60.659175872802734
3017, -12.248129948973656, 1, 16.760263820993714, 324, 2142046,                                             844314, 1.741093635559082, 60.65766143798828
3018, -68.7776775881648, 1, 24.75804345299548, 481, 2142527,                                             844795, 1.690676212310791, 60.732177734375
3019, -40.355589509010315, 1, 20.76611293500173, 408, 2142935,                                             845203, 1.728014349937439, 60.62845993041992
3020, -16.737542927265167, 1, 15.935572520997084, 300, 2143235,                                             845503, 1.7115216255187988, 60.43996047973633
3021, -498.02279407531023, 4, 50.73947503400268, 923, 2144158,                                             846426, 1.7324950695037842, 60.560665130615234
3022, -3.802452892065048, 1, 15.35548167199886, 293, 2144451,                                             846719, 1.6926466226577759, 60.55630111694336
3023, -85.84082348644733, 1, 26.177896152999892, 509, 2144960,                                             847228, 1.7168800830841064, 60.57610321044922
3024, -21.37431238591671, 1, 21.950916194000456, 422, 2145382,                                             847650, 1.653672218322754, 60.49407196044922
3025, -54.51618554443121, 1, 23.98734148299991, 468, 2145850,                                             848118, 1.6861416101455688, 60.402584075927734
3026, -138.4627561122179, 1, 24.95244802600064, 481, 2146331,                                             848599, 1.607051134109497, 60.474082946777344
3027, -538.3110810592771, 4, 50.047155069005385, 978, 2147309,                                             849577, 1.6674541234970093, 60.42440414428711
3028, -229.65601024776697, 1, 41.807243349998316, 813, 2148122,                                             850390, 1.696160078048706, 60.48973083496094
3029, -172.810364484787, 1, 29.5906645379946, 580, 2148702,                                             850970, 1.6235276460647583, 60.49679946899414
3030, -255.97416995465755, 1, 36.9937203629961, 717, 2149419,                                             851687, 1.6693006753921509, 60.4110221862793
3031, -57.343465358018875, 1, 21.084673691999342, 402, 2149821,                                             852089, 1.7048029899597168, 60.405818939208984
3032, -26.991687014698982, 1, 18.56210359599936, 334, 2150155,                                             852423, 1.7451566457748413, 60.26069641113281
3033, -118.20841557532549, 1, 35.61438283700409, 661, 2150816,                                             853084, 1.6698814630508423, 60.32236862182617
3034, -111.06706920266151, 1, 29.973624316997302, 578, 2151394,                                             853662, 1.63714599609375, 60.37126922607422
3035, -110.56803242862225, 1, 28.985025731999485, 562, 2151956,                                             854224, 1.685952067375183, 60.35346603393555
3036, -89.95713478326797, 1, 28.98796492099791, 552, 2152508,                                             854776, 1.6561261415481567, 60.29293441772461
3037, -138.03111796081066, 1, 37.61773495400121, 729, 2153237,                                             855505, 1.6763197183609009, 60.260223388671875
3038, -102.36479766666889, 1, 26.761753592996683, 514, 2153751,                                             856019, 1.6026681661605835, 60.345550537109375
3039, -13.71508351713419, 1, 17.147212265001144, 320, 2154071,                                             856339, 1.716418981552124, 60.2174186706543
3040, -233.90200014412403, 1, 39.4102424599987, 763, 2154834,                                             857102, 1.6510125398635864, 60.305030822753906
3041, -256.94297152757645, 1, 43.350589560002845, 833, 2155667,                                             857935, 1.6374791860580444, 60.23368453979492
3042, -130.77982476353645, 1, 27.78480635300366, 537, 2156204,                                             858472, 1.7120281457901, 60.20408248901367
3043, -50.676140651106834, 1, 20.5510150600021, 386, 2156590,                                             858858, 1.680882453918457, 60.254886627197266
3044, -44.16043322533369, 1, 22.57836627800134, 411, 2157001,                                             859269, 1.6582565307617188, 60.22358703613281
3045, -541.8898794054985, 4, 50.62505140400026, 954, 2157955,                                             860223, 1.6712086200714111, 60.17740249633789
3046, -267.96974608302116, 1, 42.82528567699774, 826, 2158781,                                             861049, 1.7157654762268066, 60.16893005371094
3047, -723.3960426673293, 4, 50.42684366600588, 969, 2159750,                                             862018, 1.7168666124343872, 60.216243743896484
3048, 23.589739680290222, 1, 11.930975581999519, 224, 2159974,                                             862242, 1.6778945922851562, 60.12407684326172
3049, -90.59137768298388, 1, 28.99136970899417, 551, 2160525,                                             862793, 1.668726921081543, 60.132896423339844
3050, -424.4614342227578, 4, 49.82181367500016, 949, 2161474,                                             863742, 1.6796667575836182, 60.16122055053711
3051, -236.11047783493996, 1, 38.31729695000104, 730, 2162204,                                             864472, 1.6657618284225464, 60.05449676513672
3052, -412.08777985721827, 1, 48.217465959001856, 923, 2163127,                                             865395, 1.6647601127624512, 60.00278854370117
3053, -181.15995167195797, 1, 21.18616769000073, 389, 2163516,                                             865784, 1.6170967817306519, 60.03244400024414
3054, -180.7243303656578, 1, 38.00076288100536, 695, 2164211,                                             866479, 1.6598668098449707, 60.070980072021484
3055, -434.1664549559355, 4, 50.425489713998104, 965, 2165176,                                             867444, 1.6665887832641602, 59.884307861328125
3056, -43.44725205749273, 1, 23.975617262003652, 457, 2165633,                                             867901, 1.6305150985717773, 59.8776969909668
3057, -97.82549853622913, 1, 23.371025173997623, 446, 2166079,                                             868347, 1.648335576057434, 59.72739791870117
3058, -56.99525761604309, 1, 24.356438866001554, 464, 2166543,                                             868811, 1.7084007263183594, 59.74136734008789
3059, -186.3282331675291, 1, 34.404214807000244, 653, 2167196,                                             869464, 1.610114574432373, 59.96562576293945
3060, -114.62425377964973, 1, 36.593914651995874, 696, 2167892,                                             870160, 1.6060229539871216, 59.888671875
3061, -479.3554115667939, 4, 49.94769908099988, 953, 2168845,                                             871113, 1.6516631841659546, 59.84740447998047
3062, 35.240698754787445, 1, 10.51955133100273, 196, 2169041,                                             871309, 1.7555160522460938, 59.859413146972656
3063, -295.67918191850185, 1, 29.377428045998386, 558, 2169599,                                             871867, 1.7184070348739624, 59.73273849487305
3064, -111.0048964843154, 1, 26.18082015500113, 487, 2170086,                                             872354, 1.601524829864502, 59.764671325683594
3065, -537.463960327208, 4, 50.64822682499653, 922, 2171008,                                             873276, 1.6800059080123901, 59.81472396850586
3066, -17.588254250586033, 1, 15.954466626004432, 302, 2171310,                                             873578, 1.6028828620910645, 59.82101058959961
3067, 0.7407473176717758, 1, 16.339054094998573, 305, 2171615,                                             873883, 1.6420811414718628, 59.75798416137695
3068, -52.96410223841667, 1, 19.36185140300222, 364, 2171979,                                             874247, 1.616478681564331, 59.677799224853516
3069, -135.99247017502785, 1, 35.39179464400513, 670, 2172649,                                             874917, 1.6363272666931152, 59.68627166748047
3070, -174.5808506309986, 1, 39.81932275899453, 758, 2173407,                                             875675, 1.652780294418335, 59.49140548706055
3071, -21.636320412158966, 1, 19.844054601999233, 356, 2173763,                                             876031, 1.6534806489944458, 59.70323944091797
3072, -36.17626157402992, 1, 23.158863447999465, 418, 2174181,                                             876449, 1.64499032497406, 59.64113998413086
