episode, reward, success, duration, steps, total_steps, memory length, avg_critic_loss, avg_actor_loss
3001, -1046.3945466279984, 1, 27.372365522999985, 1483, 2182448,                                             50487, 0.7665829658508301, 22.200977325439453
3002, -943.5637579709291, 2, 25.761141195999926, 921, 2183369,                                             51408, 1.6252883672714233, 67.97894287109375
3003, -1594.4698670506477, 2, 32.396586318000004, 1147, 2184516,                                             52555, 1.4156430959701538, 69.63484954833984
3004, -646.2878044396639, 1, 30.778729974000044, 1096, 2185612,                                             53651, 1.2979694604873657, 71.36589813232422
3005, -467.61752086877823, 2, 10.741015253, 385, 2185997,                                             54036, 1.2777142524719238, 72.50444030761719
3006, -167.55317094177008, 1, 18.36203074399998, 665, 2186662,                                             54701, 1.2514971494674683, 73.0567855834961
3007, -861.2303442358971, 3, 16.142280473000028, 571, 2187233,                                             55272, 1.2247774600982666, 73.91067504882812
3008, -551.9039946943521, 2, 14.146665895999945, 508, 2187741,                                             55780, 1.2563925981521606, 74.42183685302734
3009, -529.9089113473892, 2, 12.143922866000025, 433, 2188174,                                             56213, 1.2119611501693726, 74.93456268310547
3010, -526.8863674104214, 3, 13.531710091999912, 478, 2188652,                                             56691, 1.2597339153289795, 75.0790786743164
3011, -436.87575383484364, 2, 11.635065468999983, 407, 2189059,                                             57098, 1.2304527759552002, 75.53882598876953
3012, -375.019896119833, 2, 9.935039681000035, 347, 2189406,                                             57445, 1.1889525651931763, 75.84938049316406
3013, -585.5108047276735, 3, 12.332778254999994, 446, 2189852,                                             57891, 1.193804383277893, 76.1310806274414
3014, -437.83959648013115, 1, 23.355535891000045, 828, 2190680,                                             58719, 1.2134783267974854, 76.38878631591797
3015, -1123.6972719728947, 2, 29.171331432999978, 1047, 2191727,                                             59766, 1.2220604419708252, 77.20369720458984
3016, -693.5031232684851, 1, 17.961226976000034, 653, 2192380,                                             60419, 1.252837896347046, 77.9996566772461
3017, -397.8306367993355, 2, 5.313263050999922, 185, 2192565,                                             60604, 1.317122459411621, 78.46441650390625
3018, -607.685526818037, 2, 18.15564940199988, 653, 2193218,                                             61257, 1.2663311958312988, 78.80794525146484
3019, -372.65208776295185, 1, 17.34526851999999, 614, 2193832,                                             61871, 1.293678641319275, 79.5640869140625
3020, -636.8366458117962, 1, 20.97104706799996, 759, 2194591,                                             62630, 1.298909068107605, 79.93071746826172
3021, -432.59289583563805, 2, 6.327046800999824, 212, 2194803,                                             62842, 1.2690728902816772, 80.35395812988281
3022, -451.84187120199203, 1, 18.763261802999978, 661, 2195464,                                             63503, 1.3408565521240234, 80.76321411132812
3023, -395.92633149027824, 2, 8.52318431499998, 294, 2195758,                                             63797, 1.3803598880767822, 81.1641616821289
3024, -341.7294489145279, 2, 9.337227587000143, 321, 2196079,                                             64118, 1.3423948287963867, 81.32735443115234
3025, -429.8365480899811, 2, 11.530079507999972, 403, 2196482,                                             64521, 1.349622368812561, 81.54655456542969
3026, -393.4162981659174, 2, 11.332542658999955, 390, 2196872,                                             64911, 1.3733384609222412, 81.83025360107422
3027, -397.25452902913094, 2, 10.337062629999991, 361, 2197233,                                             65272, 1.3978008031845093, 82.05707550048828
3028, -430.6254913806915, 2, 8.33270989000016, 295, 2197528,                                             65567, 1.3412609100341797, 82.13568878173828
3029, -969.8619398772717, 2, 25.579904193999937, 912, 2198440,                                             66479, 1.4531781673431396, 82.72460174560547
3030, -490.97349298000336, 2, 12.337422715999992, 423, 2198863,                                             66902, 1.391292929649353, 83.02862548828125
3031, -2197.112320587039, 2, 43.616828440999825, 1566, 2200429,                                             68468, 1.4703075885772705, 84.10649871826172
3032, -707.188553839922, 2, 18.958245842999986, 681, 2201110,                                             69149, 1.4830244779586792, 84.87127685546875
3033, -487.61042569577694, 2, 12.321816640999941, 425, 2201535,                                             69574, 1.5096514225006104, 85.43865966796875
3034, -313.8320346772671, 2, 9.53285710199998, 337, 2201872,                                             69911, 1.4419512748718262, 85.69782257080078
3035, -1227.9071322828531, 2, 22.776445215999956, 808, 2202680,                                             70719, 1.500844955444336, 85.83720397949219
3036, -498.99240282177925, 2, 14.35451341099997, 507, 2203187,                                             71226, 1.549820899963379, 86.71556091308594
3037, -380.4469513297081, 2, 11.343599136000194, 395, 2203582,                                             71621, 1.5900003910064697, 87.1075439453125
3038, -173.48208197951317, 1, 14.1343126270001, 499, 2204081,                                             72120, 1.5313023328781128, 87.35572052001953
3039, -680.3881941139698, 3, 12.946116657999937, 457, 2204538,                                             72577, 1.6282896995544434, 87.49372863769531
3040, -292.2742281407118, 1, 10.740059628999916, 381, 2204919,                                             72958, 1.6129816770553589, 87.91266632080078
3041, -618.5392256379128, 2, 14.945164663000014, 524, 2205443,                                             73482, 1.6427502632141113, 87.85623168945312
3042, -462.75579376518726, 3, 10.734028957999953, 374, 2205817,                                             73856, 1.6159725189208984, 88.16944122314453
3043, -79.90172515064478, 1, 7.930587456000012, 281, 2206098,                                             74137, 1.628991723060608, 88.31336212158203
3044, -524.6900536864996, 1, 16.94365526599995, 596, 2206694,                                             74733, 1.660463809967041, 88.7179183959961
3045, -327.8625037968159, 2, 4.123796525999978, 146, 2206840,                                             74879, 1.6321604251861572, 88.77989959716797
3046, -233.8200290054083, 1, 15.146021856000061, 537, 2207377,                                             75416, 1.6808468103408813, 89.05290222167969
3047, -1123.6016618013382, 2, 29.97674301699999, 1030, 2208407,                                             76446, 1.7177621126174927, 89.47966003417969
3048, -684.6477959007025, 2, 16.351863933999994, 567, 2208974,                                             77013, 1.7769927978515625, 90.1060562133789
3049, -1552.0823976695538, 4, 49.84387828700005, 1768, 2210742,                                             78781, 1.7641716003417969, 90.84566497802734
3050, -868.7566577941179, 2, 23.15571627700001, 804, 2211546,                                             79585, 1.783771276473999, 91.38452911376953
3051, -758.272219851613, 2, 19.5351119259999, 691, 2212237,                                             80276, 1.810559630393982, 91.90458679199219
3052, -645.3541274666786, 2, 17.358223079000027, 615, 2212852,                                             80891, 1.800597906112671, 92.22284698486328
3053, -443.49981021881104, 1, 18.96287458300003, 661, 2213513,                                             81552, 1.8212772607803345, 92.8682861328125
3054, -296.69807401299477, 2, 3.5099259009998605, 115, 2213628,                                             81667, 1.843130350112915, 93.2386703491211
3055, -1373.591185554862, 2, 38.20052897100004, 1359, 2214987,                                             83026, 1.8699978590011597, 93.45537567138672
3056, -472.5097225308418, 1, 20.162040112999875, 711, 2215698,                                             83737, 1.9179692268371582, 93.9159927368164
3057, -1644.2278506532311, 1, 33.99796386000003, 1190, 2216888,                                             84927, 1.897634506225586, 94.44659423828125
3058, -1575.2497912496328, 2, 34.19268531500006, 1206, 2218094,                                             86133, 1.9825001955032349, 95.46049499511719
3059, -2010.5680976957083, 2, 32.58457769400002, 1139, 2219233,                                             87272, 1.9682176113128662, 96.28530883789062
3060, -818.5195197612047, 1, 24.179188286999988, 835, 2220068,                                             88107, 1.9742369651794434, 96.71185302734375
3061, -722.0076174736023, 2, 16.31099178599993, 547, 2220615,                                             88654, 1.9821516275405884, 97.27420806884766
3062, -591.8448488861322, 2, 17.159129897999946, 583, 2221198,                                             89237, 1.969174861907959, 97.68032836914062
3063, -2125.172484971583, 4, 50.02103415600004, 1744, 2222942,                                             90981, 2.0514049530029297, 98.4534683227539
3064, -174.88290677964687, 1, 14.94906730699995, 519, 2223461,                                             91500, 2.0514261722564697, 99.33049774169922
3065, -501.53901290893555, 2, 3.9105160190001698, 132, 2223593,                                             91632, 2.1546239852905273, 99.52694702148438
3066, -167.4195029437542, 1, 12.146313768000255, 420, 2224013,                                             92052, 2.0376980304718018, 99.53592681884766
3067, -736.7113712280989, 2, 18.141990304000046, 629, 2224642,                                             92681, 2.142216682434082, 99.93364715576172
3068, -1774.9867132380605, 4, 50.63867946299979, 1784, 2226426,                                             94465, 2.1345443725585938, 100.5261459350586
3069, -541.254331573844, 2, 12.548787781999636, 441, 2226867,                                             94906, 2.1876144409179688, 101.32431030273438
3070, -473.01088555157185, 3, 9.524551344999963, 324, 2227191,                                             95230, 2.153054714202881, 101.48385620117188
3071, -454.7578177154064, 2, 15.30724528599967, 531, 2227722,                                             95761, 2.1338090896606445, 101.43470001220703
3072, -204.6080915927887, 1, 15.52670776900004, 542, 2228264,                                             96303, 2.223766565322876, 101.72305297851562
3073, -1712.083854585886, 2, 33.58360724100021, 1181, 2229445,                                             97484, 2.2280313968658447, 102.28942108154297
3074, -847.2068103253841, 2, 26.973265549999724, 958, 2230403,                                             98442, 2.2412421703338623, 102.81322479248047
3075, 18.177141264081, 1, 5.914687817000413, 201, 2230604,                                             98643, 2.237672805786133, 102.9930648803711
3076, -501.434119194746, 2, 9.340340178000133, 319, 2230923,                                             98962, 2.2892279624938965, 103.3783950805664
3077, -1580.243774265051, 4, 49.63820285800011, 1709, 2232632,                                             100671, 2.2925875186920166, 103.89310455322266
3078, -197.96521881222725, 1, 14.736268210000162, 489, 2233121,                                             101160, 2.286863327026367, 104.31485748291016
3079, -538.5348564833403, 2, 9.137731911000174, 312, 2233433,                                             101472, 2.2902729511260986, 104.57609558105469
3080, -1183.425280712545, 2, 37.613420055999995, 1307, 2234740,                                             102779, 2.3369171619415283, 105.05773162841797
3081, -463.80872632563114, 1, 21.684034921000148, 739, 2235479,                                             103518, 2.349618673324585, 105.44132995605469
3082, -892.3498948216438, 2, 23.360388048999994, 811, 2236290,                                             104329, 2.3400356769561768, 105.91588592529297
3083, -650.5686608105898, 1, 31.195520494000448, 1078, 2237368,                                             105407, 2.3776538372039795, 106.11399841308594
3084, -341.45193177461624, 2, 4.3109869199997775, 145, 2237513,                                             105552, 2.261570930480957, 106.08334350585938
3085, -527.8651190698147, 3, 9.731898252000065, 339, 2237852,                                             105891, 2.3633368015289307, 106.41101837158203
3086, -634.9778446853161, 1, 24.560701637999955, 852, 2238704,                                             106743, 2.4262189865112305, 106.48350524902344
3087, -422.25469551980495, 3, 7.925593040999956, 264, 2238968,                                             107007, 2.449594259262085, 106.89215087890625
3088, -602.6715716868639, 2, 17.358222724999905, 592, 2239560,                                             107599, 2.4106390476226807, 107.01081085205078
3089, -98.1704114228487, 1, 11.742711273000168, 406, 2239966,                                             108005, 2.4557883739471436, 106.85991668701172
3090, -335.298543125391, 1, 21.76220972100009, 739, 2240705,                                             108744, 2.4615206718444824, 107.16252899169922
3091, -1297.0528255999088, 3, 26.49513217899994, 914, 2241619,                                             109658, 2.4687659740448, 107.58714294433594
3092, -1966.074362307787, 4, 50.01641310099967, 1744, 2243363,                                             111402, 2.4918572902679443, 108.17890930175781
3093, -1484.7151795625687, 1, 41.2155914179998, 1393, 2244756,                                             112795, 2.5086669921875, 108.90338134765625
3094, -629.0052651762962, 3, 11.126538899000025, 349, 2245105,                                             113144, 2.5272467136383057, 109.12645721435547
3095, -1328.8340039998293, 1, 40.408556796000084, 1167, 2246272,                                             114311, 2.5537235736846924, 109.64634704589844
3096, -740.2308864593506, 1, 16.358206235000125, 466, 2246738,                                             114777, 2.5585238933563232, 110.16099548339844
3097, -533.7867376208305, 3, 16.5404519409999, 463, 2247201,                                             115240, 2.640652894973755, 110.10556030273438
3098, -325.51130209863186, 2, 9.147334817999763, 262, 2247463,                                             115502, 2.577683448791504, 110.26314544677734
3099, -1276.6453005298972, 2, 36.582923664999726, 1058, 2248521,                                             116560, 2.6253316402435303, 110.51653289794922
3100, -626.4217735081911, 2, 22.97411060400009, 663, 2249184,                                             117223, 2.6176819801330566, 111.09312438964844
3101, 28.77344599366188, 1, 5.8657736340001065, 146, 2249330,                                             117369, 2.6767635345458984, 111.16613006591797
3102, -300.5601513981819, 2, 4.9344330670001, 140, 2249470,                                             117509, 2.581244707107544, 110.75643157958984
3103, -582.9195603728294, 2, 15.136532382999576, 434, 2249904,                                             117943, 2.6562716960906982, 111.36785125732422
3104, 24.53762213885784, 1, 5.529096598999786, 150, 2250054,                                             118093, 2.6580209732055664, 111.2827377319336
3105, -367.4651132375002, 1, 26.56903493400023, 760, 2250814,                                             118853, 2.7140588760375977, 111.6219253540039
3106, -398.7920891046524, 2, 8.33726918900038, 230, 2251044,                                             119083, 2.685103178024292, 111.7323989868164
3107, -86.40683947503567, 1, 12.350541252999847, 354, 2251398,                                             119437, 2.729367256164551, 111.7467041015625
3108, -432.41689844429493, 1, 25.767091338000228, 731, 2252129,                                             120168, 2.6838793754577637, 111.77808380126953
3109, -1062.1252799630165, 3, 37.215224346000014, 1060, 2253189,                                             121228, 2.6859629154205322, 112.03252410888672
3110, -127.08149169385433, 1, 18.760518909999973, 540, 2253729,                                             121768, 2.685453176498413, 112.36634826660156
3111, -446.19756257534027, 2, 4.329526449000241, 116, 2253845,                                             121884, 2.762535810470581, 112.72867584228516
3112, -480.61155366897583, 1, 30.19329189200016, 860, 2254705,                                             122744, 2.7667932510375977, 112.72872161865234
3113, -182.84238195419312, 1, 15.13212152799997, 436, 2255141,                                             123180, 2.7424750328063965, 112.57582092285156
3114, -387.33111640810966, 3, 5.73406045999991, 162, 2255303,                                             123342, 2.776872158050537, 112.69978332519531
3115, -503.14895167946815, 2, 16.763909065000007, 488, 2255791,                                             123830, 2.7576005458831787, 113.10716247558594
3116, -1413.1612314283848, 4, 49.84903995700006, 1436, 2257227,                                             125266, 2.7673709392547607, 113.40982818603516
3117, -405.31832352280617, 2, 13.33415370900002, 375, 2257602,                                             125641, 2.6974542140960693, 113.45598602294922
3118, -343.4256638288498, 2, 7.332958991999931, 209, 2257811,                                             125850, 2.802522659301758, 113.64152526855469
3119, -388.34378130733967, 2, 12.750072652000199, 364, 2258175,                                             126214, 2.779355764389038, 113.74556732177734
3120, -442.5431217253208, 2, 18.148837426000227, 502, 2258677,                                             126716, 2.821366310119629, 114.1148910522461
3121, -133.50614807009697, 1, 16.182097901999896, 453, 2259130,                                             127169, 2.8010573387145996, 113.8167953491211
3122, -332.63205793499947, 2, 4.933549932000005, 141, 2259271,                                             127310, 2.7343997955322266, 113.64321899414062
3123, -48.14075011014938, 1, 11.330162171000211, 323, 2259594,                                             127633, 2.779386520385742, 114.2042007446289
3124, -1305.1833567023277, 2, 17.161238071999833, 480, 2260074,                                             128113, 2.8665108680725098, 114.26021575927734
3125, -330.02448657155037, 2, 8.321400591000383, 233, 2260307,                                             128346, 2.8066554069519043, 114.2596435546875
3126, -450.3169737160206, 2, 14.338767426000231, 401, 2260708,                                             128747, 2.847179889678955, 114.5188980102539
3127, -1390.1387491822243, 2, 25.381075479000174, 726, 2261434,                                             129473, 2.8518776893615723, 114.62853240966797
3128, -522.5838924944401, 2, 18.739068707000115, 529, 2261963,                                             130002, 2.818028211593628, 115.13500213623047
3129, -324.8188500404358, 2, 8.13756920700007, 239, 2262202,                                             130241, 2.8727657794952393, 115.22473907470703
3130, -887.8738239854574, 1, 43.2252175929998, 1226, 2263428,                                             131467, 2.824744939804077, 115.53833770751953
3131, -756.2042562961578, 2, 30.990759259000242, 876, 2264304,                                             132343, 2.8576533794403076, 115.88912963867188
3132, -289.5118035376072, 1, 22.3741406260001, 619, 2264923,                                             132962, 2.940213203430176, 116.16390991210938
3133, -1180.2069732174277, 4, 50.02527385800022, 1415, 2266338,                                             134377, 2.9131972789764404, 116.25841522216797
3134, -670.4347546994686, 3, 23.574320843999885, 658, 2266996,                                             135035, 2.8799514770507812, 116.2815933227539
3135, -438.33507442474365, 1, 23.96353273800014, 679, 2267675,                                             135714, 2.9138829708099365, 116.5995864868164
3136, -358.698076993227, 2, 7.9333417360003295, 225, 2267900,                                             135939, 2.9172496795654297, 117.13516998291016
3137, -364.90611512959003, 1, 23.781303143999594, 682, 2268582,                                             136621, 2.9169721603393555, 116.9635009765625
3138, -1142.7328808233142, 4, 50.62734338700011, 1440, 2270022,                                             138061, 2.93463134765625, 116.99388885498047
3139, -355.58126097917557, 1, 22.9747444730001, 640, 2270662,                                             138701, 2.88362455368042, 117.31690979003906
3140, -316.8557759821415, 2, 8.119134031999693, 222, 2270884,                                             138923, 2.932276487350464, 117.61360168457031
3141, -345.289891064167, 1, 18.94969202099992, 533, 2271417,                                             139456, 2.9660661220550537, 117.59831237792969
3142, -369.2207632958889, 1, 21.37587178600006, 597, 2272014,                                             140053, 2.9633443355560303, 117.6311264038086
3143, -711.7447310239077, 1, 36.20570279899994, 1018, 2273032,                                             141071, 2.944450616836548, 117.92969512939453
3144, -223.97518801689148, 3, 3.307509848999871, 82, 2273114,                                             141153, 2.9248743057250977, 117.75708770751953
3145, -187.48620808124542, 1, 21.75749979400007, 613, 2273727,                                             141766, 2.953411340713501, 117.99630737304688
3146, -260.97160494327545, 2, 2.9096769480001967, 74, 2273801,                                             141840, 2.9199225902557373, 118.08931732177734
3147, -213.37190929055214, 1, 13.3329638780001, 362, 2274163,                                             142202, 3.0087392330169678, 118.10547637939453
3148, -711.1004857122898, 3, 17.74451729400016, 498, 2274661,                                             142700, 2.9662365913391113, 118.21561431884766
3149, -451.9784678220749, 2, 16.963938582000083, 477, 2275138,                                             143177, 2.933159828186035, 118.4708023071289
3150, -340.0038139671087, 1, 23.973783110999648, 675, 2275813,                                             143852, 2.942537546157837, 118.45390319824219
3151, -441.2544644474983, 2, 11.493483810999805, 318, 2276131,                                             144170, 2.9675869941711426, 118.70237731933594
3152, -2.3105101585388184, 1, 6.531545888000437, 182, 2276313,                                             144352, 2.9378042221069336, 118.5254898071289
3153, -255.69633275270462, 1, 19.744043102999967, 549, 2276862,                                             144901, 2.9687349796295166, 118.38996124267578
3154, -354.41608756780624, 2, 5.938313265000033, 164, 2277026,                                             145065, 2.9889018535614014, 118.53288269042969
3155, -458.7899936288595, 1, 25.580042666999816, 717, 2277743,                                             145782, 3.0253922939300537, 118.74705505371094
3156, -501.804361641407, 1, 29.378756075999718, 831, 2278574,                                             146613, 3.0124828815460205, 118.74105834960938
3157, -339.88592524826527, 2, 6.734757853999781, 194, 2278768,                                             146807, 3.0059432983398438, 118.94474792480469
3158, -67.09147630631924, 1, 11.730586923999908, 321, 2279089,                                             147128, 3.0749495029449463, 119.05957794189453
3159, -1224.9119196161628, 4, 50.65349739700014, 1424, 2280513,                                             148552, 2.970679521560669, 118.99085998535156
3160, -331.69967122375965, 1, 25.176953958000013, 703, 2281216,                                             149255, 3.000823736190796, 119.12748718261719
3161, -408.95794688910246, 1, 24.522756467000363, 683, 2281899,                                             149938, 3.008760452270508, 119.11441040039062
3162, -112.1542377769947, 1, 13.734393887999886, 383, 2282282,                                             150321, 3.063490629196167, 119.32572174072266
3163, -243.05740788578987, 2, 2.5243434009998964, 66, 2282348,                                             150387, 2.888345718383789, 118.66990661621094
3164, -360.3689425140619, 1, 26.16631121799992, 723, 2283071,                                             151110, 3.052833318710327, 119.2302474975586
3165, -491.732181429863, 2, 12.5496405519998, 346, 2283417,                                             151456, 3.0368452072143555, 119.53030395507812
3166, -114.42777080833912, 1, 15.363111446000403, 426, 2283843,                                             151882, 2.952626943588257, 119.67150115966797
3167, -466.05453772842884, 1, 28.367799088000538, 793, 2284636,                                             152675, 3.0231995582580566, 119.76071166992188
3168, -436.320613399148, 2, 16.544754546999684, 460, 2285096,                                             153135, 2.9531853199005127, 119.6993637084961
3169, -513.3649832606316, 2, 17.559518435000427, 491, 2285587,                                             153626, 2.957123041152954, 119.6681900024414
3170, -1.2694851458072662, 1, 7.521029112000178, 202, 2285789,                                             153828, 3.003774881362915, 119.3428955078125
3171, -572.3691803961992, 1, 27.175985357000172, 755, 2286544,                                             154583, 2.987156867980957, 119.7619857788086
3172, -607.8582535982132, 3, 26.97515002199998, 750, 2287294,                                             155333, 2.9601240158081055, 119.80388641357422
3173, -93.13035708665848, 1, 11.546593529999882, 323, 2287617,                                             155656, 3.024277925491333, 119.92730712890625
3174, -633.5486234724522, 2, 22.75827234099961, 634, 2288251,                                             156290, 3.0187809467315674, 119.87504577636719
3175, -396.88345631957054, 1, 26.993119139000555, 748, 2288999,                                             157038, 2.9581875801086426, 119.80783081054688
3176, -505.85072599351406, 2, 12.736335313000382, 343, 2289342,                                             157381, 2.9836843013763428, 119.760498046875
3177, -217.6100231409073, 1, 18.96944582299966, 526, 2289868,                                             157907, 2.984866142272949, 119.81159973144531
3178, -1600.7977022454143, 4, 50.62065785499999, 1396, 2291264,                                             159303, 2.98553729057312, 120.21253967285156
3179, -641.3425905257463, 1, 33.000614182999925, 862, 2292126,                                             160165, 2.9733197689056396, 120.51913452148438
3180, -749.0381634682417, 3, 28.775106907999543, 733, 2292859,                                             160898, 3.0405778884887695, 120.61412811279297
3181, -577.5593319088221, 3, 21.629266711999662, 559, 2293418,                                             161457, 3.0461409091949463, 120.5616226196289
3182, -478.7793118953705, 2, 18.747320228999342, 478, 2293896,                                             161935, 3.034034013748169, 120.90120697021484
3183, -475.7831337302923, 3, 21.756262089999836, 516, 2294412,                                             162451, 2.9896888732910156, 120.76641845703125
3184, 11.379238814115524, 1, 6.337399284999265, 165, 2294577,                                             162616, 3.0474133491516113, 120.71593475341797
3185, -380.52349230647087, 3, 13.732297770000514, 355, 2294932,                                             162971, 3.0058205127716064, 120.67341613769531
3186, -148.509593218565, 1, 20.97243423600048, 543, 2295475,                                             163514, 3.0198521614074707, 120.89494323730469
3187, -598.863046631217, 1, 32.18298688300001, 829, 2296304,                                             164343, 3.043729543685913, 120.86270904541016
3188, -660.18042370677, 1, 33.18641880499945, 862, 2297166,                                             165205, 3.0393733978271484, 121.02996063232422
3189, -498.32090450823307, 1, 36.014205769, 942, 2298108,                                             166147, 2.9930508136749268, 121.11370086669922
3190, -425.51786557585, 1, 27.777874741000232, 720, 2298828,                                             166867, 3.0446550846099854, 121.17414093017578
3191, -367.2620188295841, 2, 9.821693476999826, 250, 2299078,                                             167117, 2.957388162612915, 121.3524169921875
3192, -235.90046240389347, 1, 23.378446722999797, 605, 2299683,                                             167722, 2.9621379375457764, 121.147705078125
3193, -319.22112703323364, 1, 20.94981565800026, 542, 2300225,                                             168264, 3.1269936561584473, 121.30180358886719
3194, -504.5149005353451, 3, 21.382367735000116, 560, 2300785,                                             168824, 2.9995999336242676, 121.28243255615234
3195, -51.557675525546074, 1, 16.139507531000163, 413, 2301198,                                             169237, 3.0666024684906006, 121.38668823242188
3196, -310.8238722681999, 1, 19.571569901999283, 500, 2301698,                                             169737, 3.048452854156494, 121.33024597167969
3197, -675.3746020495892, 3, 28.770143024999925, 731, 2302429,                                             170468, 3.0247116088867188, 121.24560546875
3198, -593.2517883479595, 2, 24.182704529000148, 635, 2303064,                                             171103, 3.1157758235931396, 121.3544692993164
3199, 11.738901942968369, 1, 7.73709909199988, 198, 2303262,                                             171301, 3.1287670135498047, 121.42306518554688
3200, -519.2618213444948, 1, 28.372073245000138, 734, 2303996,                                             172035, 3.086786985397339, 121.40750885009766
3201, -1233.8965329229832, 2, 32.233103555000525, 839, 2304835,                                             172874, 3.0601143836975098, 121.47560119628906
3202, -675.6511161476374, 1, 37.79716314600046, 979, 2305814,                                             173853, 3.072727680206299, 121.98787689208984
3203, -290.39461213350296, 2, 4.331753536000178, 111, 2305925,                                             173964, 3.0981807708740234, 121.89602661132812
3204, -658.6777411699295, 2, 24.965939343000173, 642, 2306567,                                             174606, 3.107239246368408, 122.17625427246094
3205, -503.5376959517598, 1, 26.793992281999635, 702, 2307269,                                             175308, 3.1707189083099365, 122.15299224853516
3206, -638.8221372663975, 2, 22.951686096999765, 596, 2307865,                                             175904, 3.0784623622894287, 122.14521026611328
3207, -140.31673169136047, 1, 17.766735683999286, 458, 2308323,                                             176362, 3.0847132205963135, 122.22725677490234
3208, -295.4660161137581, 2, 3.7092362729999877, 91, 2308414,                                             176453, 3.2489101886749268, 122.23302459716797
3209, -681.7515270113945, 2, 29.602988532999916, 766, 2309180,                                             177219, 3.100125312805176, 122.3277587890625
3210, -4.982695132493973, 1, 7.943243001000155, 202, 2309382,                                             177421, 3.0459587574005127, 122.32249450683594
3211, -92.07596451044083, 1, 13.418997355999636, 342, 2309724,                                             177763, 3.106093406677246, 122.21307373046875
3212, -179.38304939866066, 1, 14.543779796999843, 369, 2310093,                                             178132, 3.194115400314331, 122.26292419433594
3213, -338.6591214388609, 1, 22.160293778000778, 566, 2310659,                                             178698, 3.1742970943450928, 122.58112335205078
3214, -431.26949337124825, 1, 22.98378784399938, 600, 2311259,                                             179298, 3.212724447250366, 122.56216430664062
3215, -580.3066546022892, 3, 23.75622384000053, 611, 2311870,                                             179909, 3.1135852336883545, 122.41277313232422
3216, -214.82928816974163, 1, 24.168441860999337, 603, 2312473,                                             180512, 3.109175443649292, 122.41836547851562
3217, -101.15852850675583, 1, 16.54405642599977, 409, 2312882,                                             180921, 3.1188695430755615, 122.2471694946289
3218, -345.4135645031929, 1, 14.56016207399989, 366, 2313248,                                             181287, 3.2142434120178223, 122.67198944091797
3219, -1094.6513532400131, 2, 28.766794414000287, 719, 2313967,                                             182006, 3.159623384475708, 122.75374603271484
3220, -205.638660505414, 1, 23.380085048000183, 591, 2314558,                                             182597, 3.122124195098877, 123.074462890625
3221, -331.8121715337038, 1, 22.59946977799973, 566, 2315124,                                             183163, 3.134169816970825, 122.87288665771484
3222, -871.4929203391075, 2, 11.75658225999996, 293, 2315417,                                             183456, 3.1562325954437256, 123.3567123413086
3223, -223.15730388462543, 1, 24.960001668000587, 628, 2316045,                                             184084, 3.163748025894165, 122.87922668457031
3224, -431.7198357731104, 1, 32.00948074200005, 805, 2316850,                                             184889, 3.140312671661377, 123.11408996582031
3225, -97.2719649374485, 1, 14.732290033999561, 363, 2317213,                                             185252, 3.088848352432251, 123.17407989501953
3226, -552.1243390440941, 2, 21.779411874999823, 546, 2317759,                                             185798, 3.130690574645996, 123.03196716308594
3227, -108.83879366517067, 1, 17.93936385699999, 451, 2318210,                                             186249, 3.15569806098938, 123.12462615966797
3228, -149.6815328001976, 1, 18.94710116999977, 461, 2318671,                                             186710, 3.1557106971740723, 123.18306732177734
3229, -816.2154523432255, 3, 21.779225757999484, 547, 2319218,                                             187257, 3.2129735946655273, 123.01856994628906
3230, -2.883942276239395, 1, 10.926467571000103, 269, 2319487,                                             187526, 3.229748010635376, 123.2657699584961
3231, -507.1109154224396, 2, 18.979800494999836, 473, 2319960,                                             187999, 3.1746456623077393, 123.31301879882812
3232, -50.486681163311005, 1, 15.766309124000145, 404, 2320364,                                             188403, 3.141045570373535, 123.23774719238281
3233, -397.7340778410435, 2, 11.725959927999611, 290, 2320654,                                             188693, 3.218320608139038, 123.30277252197266
3234, -524.0486608743668, 2, 21.576643684999908, 533, 2321187,                                             189226, 3.165245532989502, 123.26810455322266
3235, -407.30943889915943, 2, 15.573661538000124, 385, 2321572,                                             189611, 3.1917638778686523, 122.99468231201172
3236, -653.0378797501326, 2, 27.39227976500024, 690, 2322262,                                             190301, 3.1850316524505615, 123.37630462646484
3237, -213.44792933762074, 1, 20.578176416000133, 519, 2322781,                                             190820, 3.2122573852539062, 123.60283660888672
3238, -256.7219492793083, 2, 2.308405251000295, 54, 2322835,                                             190874, 3.150259017944336, 123.7024917602539
3239, -649.7861901819706, 1, 36.60224851000021, 909, 2323744,                                             191783, 3.188688278198242, 123.23859405517578
3240, -736.6707279682159, 2, 28.580973203999747, 714, 2324458,                                             192497, 3.1963014602661133, 123.61839294433594
3241, 35.84613358974457, 1, 5.882079968999278, 135, 2324593,                                             192632, 3.119922637939453, 123.61479949951172
3242, -320.11118088662624, 1, 27.99747682799989, 701, 2325294,                                             193333, 3.2516415119171143, 123.60697937011719
3243, -608.8925778269768, 1, 39.19859450099921, 981, 2326275,                                             194314, 3.2002410888671875, 123.68207550048828
3244, -124.9351090490818, 1, 12.154048864000288, 304, 2326579,                                             194618, 3.2390875816345215, 123.4106674194336
3245, -249.07392221689224, 3, 3.712196770999981, 85, 2326664,                                             194703, 3.244370698928833, 123.51287078857422
3246, -24.674054354429245, 1, 10.548909344999629, 256, 2326920,                                             194959, 3.221259117126465, 123.95416259765625
3247, -230.4513835310936, 1, 23.149470451000525, 582, 2327502,                                             195541, 3.2573208808898926, 123.68719482421875
3248, -1178.966188788414, 3, 43.246941059000164, 1085, 2328587,                                             196626, 3.268982172012329, 123.76786804199219
3249, -998.6223843693733, 2, 31.199546241999997, 786, 2329373,                                             197412, 3.236161231994629, 123.81229400634766
3250, -92.67571359872818, 1, 17.944176306999907, 444, 2329817,                                             197856, 3.220243453979492, 123.965087890625
3251, -442.5297696441412, 1, 27.000500219999594, 674, 2330491,                                             198530, 3.181086301803589, 123.93788146972656
3252, -336.51184925436974, 1, 29.577252442999452, 734, 2331225,                                             199264, 3.2663357257843018, 124.2593765258789
3253, -432.81394469738007, 2, 7.320356802999413, 180, 2331405,                                             199444, 3.286435604095459, 124.09223175048828
3254, -308.3759854361415, 1, 23.183228249999956, 576, 2331981,                                             200020, 3.260838747024536, 124.07463836669922
3255, -265.5728062093258, 1, 26.969368865999968, 665, 2332646,                                             200685, 3.2583649158477783, 124.2129135131836
3256, -837.4082480967045, 3, 29.785194848000174, 744, 2333390,                                             201429, 3.2190375328063965, 124.18286895751953
3257, -27.308558255434036, 1, 10.729633899999499, 261, 2333651,                                             201690, 3.2927870750427246, 124.28873443603516
3258, -64.667764082551, 1, 13.76061552200008, 333, 2333984,                                             202023, 3.2743887901306152, 124.35929107666016
3259, -453.2465273886919, 1, 21.353596156000094, 524, 2334508,                                             202547, 3.252918004989624, 124.3982162475586
3260, -432.547763094306, 1, 30.999481128000298, 774, 2335282,                                             203321, 3.3206424713134766, 124.56317901611328
3261, -715.8847196400166, 1, 42.40050320899991, 1042, 2336324,                                             204363, 3.2787318229675293, 124.40182495117188
3262, -781.2220514416695, 2, 22.95913380500042, 572, 2336896,                                             204935, 3.3385770320892334, 124.51715850830078
3263, -92.83364361524582, 1, 15.755770515000222, 396, 2337292,                                             205331, 3.2949273586273193, 124.44988250732422
3264, -481.02801048755646, 1, 34.00918553000065, 850, 2338142,                                             206181, 3.3196544647216797, 124.37168884277344
3265, -119.87262120842934, 1, 12.483439088000523, 307, 2338449,                                             206488, 3.284815549850464, 124.24971771240234
3266, -268.8429108262062, 1, 24.562799049000205, 617, 2339066,                                             207105, 3.3517088890075684, 124.30422973632812
3267, -152.48828956484795, 1, 18.074621874000513, 447, 2339513,                                             207552, 3.293574094772339, 124.3160400390625
3268, -1105.9943515658379, 3, 40.23105251800007, 1003, 2340516,                                             208555, 3.313875198364258, 124.1781005859375
3269, -108.63701829314232, 1, 17.946448440000495, 439, 2340955,                                             208994, 3.316829204559326, 124.10387420654297
3270, -272.36947998404503, 1, 26.98528487099975, 671, 2341626,                                             209665, 3.3270065784454346, 124.10955810546875
3271, -73.77857725322247, 1, 14.65466131500034, 351, 2341977,                                             210016, 3.352959632873535, 124.04534912109375
3272, -1324.675314500928, 1, 45.84299352900052, 1135, 2343112,                                             211151, 3.3562304973602295, 124.24575805664062
3273, -453.9990129470825, 3, 8.320650808999744, 196, 2343308,                                             211347, 3.3424692153930664, 124.27466583251953
3274, -141.09716250002384, 1, 21.774923870999373, 544, 2343852,                                             211891, 3.3691489696502686, 124.47463989257812
3275, -594.2721540927887, 1, 41.40740657100014, 888, 2344740,                                             212779, 3.363450527191162, 124.19148254394531
3276, -543.3838272094727, 2, 11.362260071000492, 249, 2344989,                                             213028, 3.3375489711761475, 124.19255828857422
3277, -185.7701440602541, 1, 17.944433093999578, 432, 2345421,                                             213460, 3.347412586212158, 124.38668060302734
3278, -780.4982932806015, 3, 36.99710993999997, 910, 2346331,                                             214370, 3.328136444091797, 124.27845001220703
3279, -319.10218143463135, 1, 20.97663891600041, 506, 2346837,                                             214876, 3.3533101081848145, 124.38152313232422
3280, -729.1909273564816, 3, 38.196113986000455, 856, 2347693,                                             215732, 3.367753744125366, 124.33370971679688
3281, -223.47533358633518, 1, 19.09499471500021, 433, 2348126,                                             216165, 3.3592302799224854, 124.36097717285156
3282, -578.5118838697672, 2, 33.38450087199999, 766, 2348892,                                             216931, 3.33440899848938, 124.3243637084961
3283, -385.3959486633539, 2, 17.57300153900087, 404, 2349296,                                             217335, 3.3624298572540283, 124.21105194091797
3284, -354.3637655377388, 1, 28.994903193000027, 666, 2349962,                                             218001, 3.399956703186035, 124.1634521484375
3285, -845.81259983778, 2, 15.538334465999469, 355, 2350317,                                             218356, 3.4205024242401123, 124.22278594970703
3286, -216.47272436320782, 1, 26.19271189200026, 592, 2350909,                                             218948, 3.3609375953674316, 124.38172912597656
3287, -667.6747704446316, 1, 45.22314974100027, 1019, 2351928,                                             219967, 3.358793258666992, 124.52084350585938
3288, -252.89141637086868, 2, 2.9338799430006475, 65, 2351993,                                             220032, 3.3008828163146973, 124.24950408935547
3289, -122.96697060763836, 1, 21.15479800599951, 487, 2352480,                                             220519, 3.363802671432495, 124.15497589111328
3290, -243.31770084798336, 1, 30.607659207000324, 704, 2353184,                                             221223, 3.3341455459594727, 124.38170623779297
3291, -755.3419536054134, 3, 25.83559349299958, 593, 2353777,                                             221816, 3.3805737495422363, 124.50346374511719
3292, -22.46588398516178, 1, 13.557344827000634, 305, 2354082,                                             222121, 3.3328511714935303, 124.28031158447266
3293, -439.315232783556, 3, 12.735254619000443, 285, 2354367,                                             222406, 3.416935682296753, 124.28804779052734
3294, -938.137867346406, 2, 33.219035253000584, 764, 2355131,                                             223170, 3.3124680519104004, 124.19640350341797
3295, -1238.0440675094724, 4, 49.857254898000065, 1141, 2356272,                                             224311, 3.3339669704437256, 124.1867904663086
3296, -0.12211968004703522, 1, 11.55649069500032, 264, 2356536,                                             224575, 3.345177173614502, 124.30574035644531
3297, -412.784971088171, 2, 14.740518310999505, 331, 2356867,                                             224906, 3.4658055305480957, 124.45458984375
3298, -508.33725902438164, 2, 21.95688206399973, 507, 2357374,                                             225413, 3.4091732501983643, 124.0512924194336
3299, -432.1604790687561, 1, 34.222419992999676, 783, 2358157,                                             226196, 3.3789680004119873, 124.30397033691406
3300, -199.198222219944, 1, 23.96340776300076, 542, 2358699,                                             226738, 3.4453604221343994, 124.35601806640625
3301, -561.0391280353069, 3, 25.430155000999548, 580, 2359279,                                             227318, 3.3888673782348633, 124.16087341308594
3302, -1053.9273619353771, 4, 49.85624020599971, 1135, 2360414,                                             228453, 3.355792760848999, 124.18302917480469
3303, -260.52597419917583, 1, 30.36743828500039, 679, 2361093,                                             229132, 3.368619680404663, 124.28487396240234
3304, -665.9682768434286, 1, 31.3859393799994, 707, 2361800,                                             229839, 3.3919005393981934, 124.25613403320312
3305, -308.3456763327122, 2, 4.339038504999735, 95, 2361895,                                             229934, 3.3652901649475098, 124.11576080322266
3306, -444.5878521502018, 1, 38.815367727000194, 882, 2362777,                                             230816, 3.4004969596862793, 124.2611083984375
3307, -262.24154302477837, 2, 4.7105363319997196, 103, 2362880,                                             230919, 3.3344404697418213, 123.8883285522461
3308, -1190.0555382072926, 1, 47.64974685699963, 1089, 2363969,                                             232008, 3.376037120819092, 124.3189697265625
3309, -308.36193542182446, 3, 6.118166686000222, 131, 2364100,                                             232139, 3.429513454437256, 124.42383575439453
3310, -310.2874716371298, 2, 10.547051754000677, 239, 2364339,                                             232378, 3.334240198135376, 124.40859985351562
3311, -542.44528901577, 1, 35.9180700349998, 819, 2365158,                                             233197, 3.418241024017334, 124.4896469116211
3312, -502.3772110193968, 1, 38.59804607299975, 863, 2366021,                                             234060, 3.3695995807647705, 124.4698486328125
3313, -359.7306137084961, 3, 9.547976943000322, 215, 2366236,                                             234275, 3.3756585121154785, 124.43653869628906
3314, 5.314128153026104, 1, 11.157903311000155, 255, 2366491,                                             234530, 3.467214584350586, 124.45171356201172
3315, -108.23373144865036, 1, 16.739934324999922, 370, 2366861,                                             234900, 3.4452755451202393, 124.49205017089844
3316, -266.8523583114147, 1, 14.962886465999873, 338, 2367199,                                             235238, 3.4054672718048096, 124.56842803955078
3317, -1034.7558667063713, 3, 31.585252555999432, 718, 2367917,                                             235956, 3.4331765174865723, 124.75228118896484
3318, -1039.2657527849078, 4, 49.64859106699987, 1122, 2369039,                                             237078, 3.4166200160980225, 124.61732482910156
3319, -244.8267076611519, 1, 19.543573238000135, 439, 2369478,                                             237517, 3.4330122470855713, 124.55265045166016
3320, -270.1278717815876, 1, 26.776246596999954, 601, 2370079,                                             238118, 3.449702501296997, 124.56157684326172
3321, -645.1821008771658, 1, 42.89296559200011, 963, 2371042,                                             239081, 3.466076612472534, 124.6195297241211
3322, -308.77806439995766, 1, 34.611865200000466, 779, 2371821,                                             239860, 3.421827793121338, 124.76505279541016
3323, -522.9221794605255, 1, 36.58632028200009, 816, 2372637,                                             240676, 3.4433515071868896, 124.65355682373047
3324, -579.0919272899628, 2, 22.987401017000593, 510, 2373147,                                             241186, 3.4984264373779297, 124.6520767211914
3325, -375.2593366354704, 1, 23.991534388999753, 545, 2373692,                                             241731, 3.4699172973632812, 124.71003723144531
3326, -84.73837059736252, 1, 16.74563543000022, 363, 2374055,                                             242094, 3.5299556255340576, 124.65516662597656
3327, -383.2888796925545, 3, 8.552810719999798, 177, 2374232,                                             242271, 3.480621814727783, 124.6882095336914
3328, -505.5034184753895, 1, 35.190192238000236, 771, 2375003,                                             243042, 3.480909585952759, 124.65662384033203
3329, -478.2103908061981, 2, 10.331412917999842, 225, 2375228,                                             243267, 3.4920973777770996, 124.50830078125
3330, -348.07139568030834, 1, 27.596262892000595, 621, 2375849,                                             243888, 3.4712603092193604, 124.74897766113281
3331, -313.4311089068651, 2, 8.9071293220004, 191, 2376040,                                             244079, 3.561713457107544, 124.70282745361328
3332, -905.8858725428581, 2, 34.83611017000021, 788, 2376828,                                             244867, 3.5326876640319824, 124.83306121826172
3333, -94.21898752450943, 1, 19.381527277000714, 440, 2377268,                                             245307, 3.4739110469818115, 125.09906768798828
3334, -258.53752288222313, 2, 5.1139309230002254, 109, 2377377,                                             245416, 3.572688579559326, 124.80368041992188
3335, -802.2904008477926, 2, 34.41677007199996, 778, 2378155,                                             246194, 3.4655113220214844, 124.82396697998047
3336, -422.82692544162273, 1, 35.01784257300005, 789, 2378944,                                             246983, 3.4931092262268066, 124.87751770019531
3337, -550.0381006896496, 3, 30.98095720799938, 691, 2379635,                                             247674, 3.4979701042175293, 124.72550964355469
3338, -712.9847757220268, 1, 38.21335243399972, 861, 2380496,                                             248535, 3.4706504344940186, 124.81001281738281
3339, -520.305361688137, 1, 33.184447502000694, 742, 2381238,                                             249277, 3.546600341796875, 124.97903442382812
3340, -408.9565897285938, 3, 18.26919411400013, 415, 2381653,                                             249692, 3.649500846862793, 124.89239501953125
3341, 24.00509238243103, 1, 8.98362966700006, 200, 2381853,                                             249892, 3.506706476211548, 124.91907501220703
3342, -142.07885280251503, 1, 13.13101145499968, 288, 2382141,                                             250180, 3.6136012077331543, 124.92247009277344
3343, -650.6253199130297, 1, 47.449569960999725, 1074, 2383215,                                             251254, 3.5441904067993164, 124.7405014038086
3344, -283.34894090890884, 3, 6.516395194999859, 143, 2383358,                                             251397, 3.480644702911377, 124.57714080810547
3345, -14.200380399823189, 1, 11.559882032001042, 255, 2383613,                                             251652, 3.541368007659912, 124.72453308105469
3346, -478.66745661199093, 1, 34.37977275900084, 765, 2384378,                                             252417, 3.5618231296539307, 124.71735382080078
3347, -544.7933385670185, 1, 23.57189365799968, 532, 2384910,                                             252949, 3.566138744354248, 124.77153015136719
3348, -318.1193301677704, 2, 3.9088148989994806, 80, 2384990,                                             253029, 3.5546417236328125, 124.88468933105469
3349, -195.01448673009872, 1, 18.164680633999524, 403, 2385393,                                             253432, 3.5187621116638184, 125.06156158447266
3350, -326.6950884014368, 3, 9.948568559000705, 221, 2385614,                                             253653, 3.6026053428649902, 124.54324340820312
3351, 22.048907786607742, 1, 9.17718223799966, 205, 2385819,                                             253858, 3.4816503524780273, 125.08039093017578
3352, -932.0267309844494, 2, 32.93611262400009, 739, 2386558,                                             254597, 3.5371623039245605, 124.79762268066406
3353, 9.936263889074326, 1, 10.352203847000055, 235, 2386793,                                             254832, 3.47532057762146, 124.75251007080078
3354, -437.4889900535345, 1, 30.297435831998882, 687, 2387480,                                             255519, 3.597400426864624, 125.107177734375
3355, -278.9533695578575, 2, 6.145184946000882, 137, 2387617,                                             255656, 3.562023639678955, 124.9517822265625
3356, -51.515020594000816, 1, 14.436836693999794, 320, 2387937,                                             255976, 3.529315233230591, 125.0010986328125
3357, -168.4712591022253, 1, 20.325625622999723, 466, 2388403,                                             256442, 3.488485813140869, 124.895751953125
3358, -627.6779115498066, 2, 41.74979859300038, 932, 2389335,                                             257374, 3.5772571563720703, 124.90640258789062
3359, 20.2444925904274, 1, 9.340767100000448, 208, 2389543,                                             257582, 3.5634660720825195, 124.79944610595703
3360, -524.1336615383625, 1, 31.922823921999225, 709, 2390252,                                             258291, 3.5631022453308105, 125.00257873535156
3361, -354.9715823829174, 3, 8.002323037999304, 179, 2390431,                                             258470, 3.6321418285369873, 125.0021743774414
3362, -308.2246365696192, 3, 12.883734564000406, 296, 2390727,                                             258766, 3.5371291637420654, 125.1401138305664
3363, -395.90659591555595, 1, 30.907197540998823, 701, 2391428,                                             259467, 3.506058692932129, 125.01725006103516
3364, -467.6520351469517, 3, 11.735840253999413, 264, 2391692,                                             259731, 3.573524236679077, 124.95829010009766
3365, -127.55651444196701, 1, 15.964653115001056, 353, 2392045,                                             260084, 3.691786289215088, 124.87622833251953
3366, -285.4946381151676, 1, 29.039923356000145, 654, 2392699,                                             260738, 3.539973735809326, 124.97535705566406
3367, -495.01829966902733, 3, 23.59994982600074, 531, 2393230,                                             261269, 3.5974698066711426, 125.06107330322266
3368, -769.0200526118279, 4, 49.10790420900048, 1074, 2394304,                                             262343, 3.563746452331543, 124.97967529296875
3369, 5.339574366807938, 1, 10.349356673999864, 231, 2394535,                                             262574, 3.559558629989624, 124.94873809814453
3370, -177.6630186289549, 1, 18.076643300000796, 404, 2394939,                                             262978, 3.588057518005371, 124.8761215209961
3371, -415.89864325523376, 1, 43.57738084700031, 988, 2395927,                                             263966, 3.5879125595092773, 125.01839447021484
3372, -819.5470834001899, 2, 30.7418100520008, 670, 2396597,                                             264636, 3.620903253555298, 124.69136810302734
3373, -220.3170289993286, 1, 18.512630699999136, 417, 2397014,                                             265053, 3.550365924835205, 124.71866607666016
3374, -547.7596275806427, 1, 37.74040683699968, 851, 2397865,                                             265904, 3.618256092071533, 124.92010498046875
3375, -647.9882649481297, 3, 25.95228834699992, 595, 2398460,                                             266499, 3.6493353843688965, 124.584228515625
3376, -1.7025841400027275, 1, 12.154083007000736, 273, 2398733,                                             266772, 3.553034543991089, 124.89002227783203
3377, -626.0003470927477, 1, 34.6927065839991, 777, 2399510,                                             267549, 3.555028200149536, 125.0129165649414
3378, -756.6526275575161, 3, 39.57483058700018, 897, 2400407,                                             268446, 3.5928103923797607, 124.95558166503906
3379, -104.62842810153961, 1, 20.750753414999053, 466, 2400873,                                             268912, 3.622711658477783, 124.59013366699219
3380, -292.3476762920618, 3, 6.240517136999188, 141, 2401014,                                             269053, 3.7077107429504395, 124.85315704345703
3381, -702.5234511196613, 2, 28.362464988000283, 639, 2401653,                                             269692, 3.633878469467163, 124.82303619384766
3382, -69.64862793684006, 1, 19.262267414000235, 424, 2402077,                                             270116, 3.549014091491699, 125.00086975097656
3383, -1291.6377931833267, 2, 43.177025356999366, 980, 2403057,                                             271096, 3.660086154937744, 124.8353500366211
3384, -211.2512776851654, 1, 17.347034247999545, 378, 2403435,                                             271474, 3.5343191623687744, 124.79483795166016
3385, -656.156362503767, 2, 23.053923903000396, 515, 2403950,                                             271989, 3.5613608360290527, 124.88104248046875
3386, -184.2451334297657, 1, 15.759168738999506, 355, 2404305,                                             272344, 3.557875394821167, 124.9635238647461
3387, -295.64330050349236, 2, 6.316091432001485, 137, 2404442,                                             272481, 3.5021955966949463, 124.7338638305664
3388, -313.018887385726, 1, 22.53162033300032, 501, 2404943,                                             272982, 3.5602753162384033, 124.80039978027344
3389, -354.6307567059994, 1, 36.525428483000724, 814, 2405757,                                             273796, 3.627906560897827, 124.75732421875
3390, -536.9635952711105, 3, 21.70660856500035, 481, 2406238,                                             274277, 3.5700953006744385, 124.48731231689453
3391, -329.04833905398846, 1, 27.741293618999407, 620, 2406858,                                             274897, 3.5813400745391846, 124.70176696777344
3392, -166.42928944528103, 1, 29.719277247999344, 661, 2407519,                                             275558, 3.536841869354248, 124.87989044189453
3393, -696.0169378072023, 3, 35.745605616999455, 802, 2408321,                                             276360, 3.6263222694396973, 124.77516174316406
3394, -431.61563853919506, 1, 32.732762296000146, 735, 2409056,                                             277095, 3.5738532543182373, 124.7255630493164
3395, -491.30666722357273, 2, 28.554612855001324, 634, 2409690,                                             277729, 3.667680025100708, 124.63177490234375
3396, -701.1129001826048, 1, 37.92795838500024, 859, 2410549,                                             278588, 3.5287771224975586, 124.65123748779297
3397, -520.8883528113365, 2, 10.152741448000597, 225, 2410774,                                             278813, 3.6590464115142822, 124.53511047363281
3398, -77.14782811701298, 1, 20.474341622999418, 457, 2411231,                                             279270, 3.570427179336548, 124.85482788085938
3399, -321.585222363472, 2, 6.544241786999919, 144, 2411375,                                             279414, 3.566751718521118, 124.68272399902344
3400, -775.241659745574, 2, 39.113055661000544, 878, 2412253,                                             280292, 3.592510461807251, 124.64082336425781
3401, -89.4091420173645, 1, 17.797750789999554, 393, 2412646,                                             280685, 3.5705814361572266, 124.5850830078125
3402, -894.6963237226009, 4, 50.33442460100014, 1127, 2413773,                                             281812, 3.5379319190979004, 124.57364654541016
3403, -199.73171462118626, 1, 23.89538216099936, 531, 2414304,                                             282343, 3.5441172122955322, 124.6063003540039
3404, -457.2846579775214, 1, 25.99805285200091, 587, 2414891,                                             282930, 3.600830078125, 124.61238098144531
3405, -395.7175574153662, 1, 30.88596986000084, 687, 2415578,                                             283617, 3.5740606784820557, 124.66443634033203
3406, -626.4445545226336, 2, 36.733360922999054, 806, 2416384,                                             284423, 3.5729117393493652, 124.50237274169922
3407, -172.3087835609913, 1, 17.18406727799993, 381, 2416765,                                             284804, 3.5181922912597656, 124.31011199951172
3408, -693.2439285814762, 1, 33.27924330499991, 734, 2417499,                                             285538, 3.560382604598999, 124.50961303710938
3409, -224.8811393082142, 1, 26.948229269000876, 597, 2418096,                                             286135, 3.6859958171844482, 124.47047424316406
3410, -90.74219350516796, 1, 13.538422380001066, 299, 2418395,                                             286434, 3.5821876525878906, 124.53250122070312
3411, -233.17868566513062, 3, 1.4330506149999565, 30, 2418425,                                             286464, 3.3883614540100098, 124.33505249023438
3412, -687.0060311257839, 1, 39.333483493999665, 869, 2419294,                                             287333, 3.601902723312378, 124.48080444335938
3413, -727.5784337371588, 3, 30.943192507000276, 689, 2419983,                                             288022, 3.6864936351776123, 124.63756561279297
3414, -594.7314724177122, 1, 39.15080284599935, 866, 2420849,                                             288888, 3.5733914375305176, 124.34306335449219
3415, -1171.6915104091167, 4, 49.777188205998755, 1109, 2421958,                                             289997, 3.5679996013641357, 124.48861694335938
3416, -155.81180626153946, 1, 20.95217982899885, 461, 2422419,                                             290458, 3.6116299629211426, 124.41841125488281
3417, -606.3344684839249, 1, 36.91236893200039, 816, 2423235,                                             291274, 3.573652744293213, 124.31158447265625
3418, -692.4950099736452, 1, 44.35072855999897, 978, 2424213,                                             292252, 3.615354061126709, 124.21578979492188
3419, -285.21537041664124, 1, 31.716479456999878, 696, 2424909,                                             292948, 3.5794565677642822, 124.36761474609375
3420, -155.28206822276115, 1, 20.380249898998954, 455, 2425364,                                             293403, 3.7013168334960938, 124.47728729248047
3421, -187.00836461782455, 1, 28.073839011000018, 614, 2425978,                                             294017, 3.5441977977752686, 124.04344940185547
3422, -576.0130828619003, 1, 40.63999253500151, 900, 2426878,                                             294917, 3.6076908111572266, 123.93566131591797
3423, -286.8443867266178, 1, 34.62253240800055, 760, 2427638,                                             295677, 3.6223366260528564, 123.93453216552734
3424, -380.1241290271282, 3, 7.946878051998283, 173, 2427811,                                             295850, 3.620802402496338, 124.10660552978516
3425, -76.77158087491989, 1, 16.288869816000442, 359, 2428170,                                             296209, 3.6150615215301514, 123.91214752197266
3426, -534.2926688790321, 2, 18.139826829999947, 402, 2428572,                                             296611, 3.593733549118042, 123.8790512084961
3427, -562.5403358340263, 1, 43.17312389499966, 946, 2429518,                                             297557, 3.619904041290283, 123.99696350097656
3428, -439.4197796881199, 1, 39.897149480000735, 881, 2430399,                                             298438, 3.6399800777435303, 123.70891571044922
3429, -243.454675167799, 3, 4.938959465998778, 106, 2430505,                                             298544, 3.650214910507202, 124.130859375
3430, -415.68188789486885, 2, 21.474625292001292, 470, 2430975,                                             299014, 3.6568031311035156, 123.89034271240234
3431, -72.86986888945103, 1, 17.687015629000598, 388, 2431363,                                             299402, 3.685581684112549, 123.72107696533203
3432, -145.92720285058022, 1, 22.468438874999265, 489, 2431852,                                             299891, 3.6084823608398438, 123.81647491455078
3433, -82.19660013914108, 1, 16.974228901999595, 370, 2432222,                                             300261, 3.5376389026641846, 123.88504791259766
3434, -211.67633256316185, 1, 23.872838900000716, 525, 2432747,                                             300786, 3.6317219734191895, 123.7060546875
3435, -475.2354277074337, 1, 38.97054080599992, 855, 2433602,                                             301641, 3.5809531211853027, 123.746826171875
3436, -446.3109950348735, 2, 16.496309274998566, 355, 2433957,                                             301996, 3.67513370513916, 123.64019775390625
3437, -209.0478602051735, 1, 19.528770568000255, 430, 2434387,                                             302426, 3.62591814994812, 123.4796142578125
3438, -330.0423552542925, 1, 41.54792042400004, 915, 2435302,                                             303341, 3.561472177505493, 123.65302276611328
3439, -953.8811568617821, 2, 38.16796879799949, 834, 2436136,                                             304175, 3.653444528579712, 123.44197845458984
3440, -182.74474979937077, 1, 23.300665963999563, 509, 2436645,                                             304684, 3.615741491317749, 123.20024871826172
3441, -948.883970439434, 1, 49.330488489000345, 1083, 2437728,                                             305767, 3.597087860107422, 123.29716491699219
3442, -574.4054208695889, 1, 45.759329627000625, 1000, 2438728,                                             306767, 3.6439664363861084, 123.4033432006836
3443, -544.7440849542618, 2, 27.506378957999914, 600, 2439328,                                             307367, 3.6067566871643066, 123.16887664794922
3444, -29.21763178706169, 1, 15.159317806999752, 338, 2439666,                                             307705, 3.542783737182617, 123.19172668457031
3445, -195.38996179401875, 3, 2.5006116699987615, 48, 2439714,                                             307753, 3.7265207767486572, 123.46207427978516
3446, -98.07150967419147, 1, 18.489889016000234, 399, 2440113,                                             308152, 3.6371235847473145, 123.16539764404297
3447, -533.4525943696499, 2, 21.291975738000474, 465, 2440578,                                             308617, 3.5597524642944336, 122.96493530273438
3448, -116.32764276117086, 1, 19.776549321000857, 432, 2441010,                                             309049, 3.5482137203216553, 123.26713562011719
3449, -550.0751479119062, 2, 25.685608519001107, 553, 2441563,                                             309602, 3.528374671936035, 122.99374389648438
3450, -402.74347710609436, 2, 21.13569167999958, 450, 2442013,                                             310052, 3.638963460922241, 122.84808349609375
3451, -158.96749211102724, 1, 19.668255906999548, 436, 2442449,                                             310488, 3.626371145248413, 123.10863494873047
3452, -725.6230176538229, 2, 23.304568207999182, 508, 2442957,                                             310996, 3.6747665405273438, 122.95279693603516
3453, -0.43660247325897217, 1, 10.524913686000218, 226, 2443183,                                             311222, 3.5310137271881104, 122.78353881835938
3454, -396.48660185933113, 1, 28.308464649000598, 623, 2443806,                                             311845, 3.596653938293457, 122.93087005615234
3455, -567.68236130476, 1, 43.32755796499987, 941, 2444747,                                             312786, 3.6540281772613525, 122.83722686767578
3456, -125.57590940594673, 1, 23.386020897998606, 513, 2445260,                                             313299, 3.653395175933838, 122.85336303710938
3457, -252.17741563916206, 1, 25.705205143000057, 565, 2445825,                                             313864, 3.633777379989624, 122.87801361083984
3458, -477.07178950309753, 2, 8.87328595299914, 186, 2446011,                                             314050, 3.6997504234313965, 122.79051208496094
3459, -104.82468248903751, 1, 18.1699524809992, 403, 2446414,                                             314453, 3.5789260864257812, 122.70610046386719
3460, -573.630130276084, 3, 26.27109276199917, 568, 2446982,                                             315021, 3.567075252532959, 122.89714813232422
3461, -139.6391023993492, 1, 19.2283407190007, 418, 2447400,                                             315439, 3.5982463359832764, 122.776123046875
3462, -53.28751437366009, 1, 14.762666404998527, 316, 2447716,                                             315755, 3.520207166671753, 122.62380981445312
3463, -629.682607114315, 3, 29.1015577069993, 635, 2448351,                                             316390, 3.6084887981414795, 122.5127944946289
3464, -427.3947070389986, 1, 37.34141416500097, 805, 2449156,                                             317195, 3.54433536529541, 122.53865814208984
3465, -510.05904495716095, 1, 41.15925752700059, 891, 2450047,                                             318086, 3.5402612686157227, 122.42123413085938
3466, -311.47891372442245, 2, 5.870044283001334, 121, 2450168,                                             318207, 3.790837287902832, 122.15359497070312
3467, 11.170485779643059, 1, 9.551394404001257, 205, 2450373,                                             318412, 3.629103899002075, 122.63663482666016
3468, -318.02187867462635, 1, 28.484282633000475, 592, 2450965,                                             319004, 3.629025936126709, 122.53253173828125
3469, -208.5330073237419, 1, 27.16036438499941, 564, 2451529,                                             319568, 3.569627523422241, 122.4763412475586
3470, -841.0350383371115, 4, 49.56937478299915, 1056, 2452585,                                             320624, 3.6152870655059814, 122.24674987792969
3471, 23.60232101380825, 1, 9.516487042001245, 202, 2452787,                                             320826, 3.5334858894348145, 122.32005310058594
3472, -361.8353717774153, 3, 7.35013317800076, 158, 2452945,                                             320984, 3.6214144229888916, 122.33975982666016
3473, -37.66683481633663, 1, 15.13475463100076, 323, 2453268,                                             321307, 3.5754504203796387, 122.21951293945312
3474, -268.35848277807236, 3, 3.597203127999819, 72, 2453340,                                             321379, 3.4627304077148438, 122.12934112548828
3475, -117.13483065366745, 1, 19.972209309999016, 434, 2453774,                                             321813, 3.5683321952819824, 122.30223083496094
3476, -353.6485644578934, 1, 41.758384687000216, 895, 2454669,                                             322708, 3.633035659790039, 122.22911071777344
3477, -317.8288118094206, 1, 29.749826237999514, 650, 2455319,                                             323358, 3.5920848846435547, 122.1529541015625
3478, -155.71664839982986, 1, 26.0940807650004, 559, 2455878,                                             323917, 3.5661730766296387, 122.0470962524414
3479, -175.93023218214512, 1, 27.555088819999582, 588, 2456466,                                             324505, 3.596564769744873, 121.87757873535156
3480, -364.0250533670187, 3, 13.464445492998493, 290, 2456756,                                             324795, 3.549510955810547, 121.8719253540039
3481, -99.66864908486605, 1, 20.03437115899942, 433, 2457189,                                             325228, 3.6972782611846924, 122.09497833251953
3482, -542.1180617809296, 3, 38.356565932001104, 829, 2458018,                                             326057, 3.6220948696136475, 121.944580078125
3483, -149.5103780478239, 1, 19.66481707300045, 422, 2458440,                                             326479, 3.5710480213165283, 121.9150619506836
3484, -388.31340432167053, 3, 7.145458945000428, 152, 2458592,                                             326631, 3.6263370513916016, 121.92182159423828
3485, -127.48860590159893, 1, 22.127203551999628, 452, 2459044,                                             327083, 3.626530170440674, 121.86947631835938
3486, -633.944151699543, 2, 31.919037953999577, 687, 2459731,                                             327770, 3.644681453704834, 121.90998077392578
3487, -28.19242036342621, 1, 14.762368765001156, 318, 2460049,                                             328088, 3.6263372898101807, 121.95596313476562
3488, -232.015061378479, 1, 26.508880769000825, 569, 2460618,                                             328657, 3.655513286590576, 121.77091217041016
3489, -672.1893466860056, 2, 32.966347149000285, 721, 2461339,                                             329378, 3.690680503845215, 121.84361267089844
3490, 0.8328758627176285, 1, 10.26061279699934, 217, 2461556,                                             329595, 3.596615791320801, 121.82009887695312
3491, -289.10268276929855, 1, 18.44349277800029, 400, 2461956,                                             329995, 3.6157894134521484, 121.79837036132812
3492, -269.1648567914963, 2, 5.2282413320008345, 108, 2462064,                                             330103, 3.560202121734619, 121.41673278808594
3493, -315.06986640393734, 1, 25.36423634499988, 546, 2462610,                                             330649, 3.602703809738159, 121.60790252685547
3494, -346.6720588505268, 2, 7.6635308699987945, 163, 2462773,                                             330812, 3.5249805450439453, 121.43090057373047
3495, -119.18949966132641, 1, 21.382085254999765, 468, 2463241,                                             331280, 3.6716058254241943, 121.62313079833984
3496, -704.1281410753727, 4, 49.50266313799875, 1067, 2464308,                                             332347, 3.6398332118988037, 121.56893157958984
3497, -33.915556505322456, 1, 13.551198712000769, 294, 2464602,                                             332641, 3.5745372772216797, 121.34711456298828
3498, -106.37633793056011, 1, 22.70882179900036, 485, 2465087,                                             333126, 3.6559019088745117, 121.60684967041016
3499, -814.4639375805855, 4, 49.76361469200128, 1078, 2466165,                                             334204, 3.6034796237945557, 121.22610473632812
3500, -105.76295363903046, 1, 22.157644642000378, 478, 2466643,                                             334682, 3.5766093730926514, 121.2947006225586
3501, -295.0183968245983, 1, 35.55547994799963, 765, 2467408,                                             335447, 3.605558156967163, 121.27145385742188
3502, -106.94105696678162, 1, 12.333045635999952, 264, 2467672,                                             335711, 3.7142744064331055, 121.13427734375
3503, -293.6044989079237, 3, 10.536062350000066, 225, 2467897,                                             335936, 3.6840670108795166, 121.43535614013672
3504, 1.9415211528539658, 1, 12.023013323001578, 258, 2468155,                                             336194, 3.604315757751465, 121.02609252929688
3505, -244.45932023227215, 3, 8.320860601001186, 176, 2468331,                                             336370, 3.5998916625976562, 121.3027114868164
3506, -83.25269992649555, 1, 16.3673116129994, 354, 2468685,                                             336724, 3.538961410522461, 120.8884048461914
3507, -96.3884949684143, 1, 13.222472774999915, 278, 2468963,                                             337002, 3.5869154930114746, 120.9404525756836
3508, -750.6137800514698, 3, 47.38967842499915, 1029, 2469992,                                             338031, 3.595766544342041, 121.03399658203125
3509, -150.2043546140194, 1, 22.320644884001013, 482, 2470474,                                             338513, 3.627730369567871, 121.11845397949219
3510, -732.2517032623291, 2, 34.931662638999114, 751, 2471225,                                             339264, 3.604365348815918, 121.18070983886719
3511, -49.89322932064533, 1, 15.192238833000374, 325, 2471550,                                             339589, 3.671964406967163, 120.88847351074219
3512, -151.5524468421936, 1, 25.102981828998963, 536, 2472086,                                             340125, 3.6961669921875, 121.19721984863281
3513, -328.92044696211815, 3, 9.153904456001328, 195, 2472281,                                             340320, 3.589733839035034, 121.342041015625
3514, -304.40052931010723, 1, 30.294524353999805, 650, 2472931,                                             340970, 3.613676071166992, 120.91197967529297
3515, -164.73544743657112, 1, 18.981217100999856, 408, 2473339,                                             341378, 3.5957767963409424, 120.9286880493164
3516, -274.62567031383514, 1, 25.689202842000668, 540, 2473879,                                             341918, 3.632723093032837, 120.95807647705078
3517, -630.10013204813, 1, 34.92950452199875, 739, 2474618,                                             342657, 3.6172335147857666, 120.56998443603516
3518, -424.2815527319908, 3, 9.265938844999255, 191, 2474809,                                             342848, 3.5532801151275635, 120.48661804199219
3519, 5.198731109499931, 1, 11.751997327999561, 248, 2475057,                                             343096, 3.5619781017303467, 120.98139953613281
3520, -191.82819417119026, 1, 17.487387244000274, 371, 2475428,                                             343467, 3.6122655868530273, 121.0504150390625
3521, -304.5524413585663, 3, 5.566058652999345, 121, 2475549,                                             343588, 3.6086788177490234, 120.79542541503906
3522, -162.81417617201805, 1, 21.585287682000853, 464, 2476013,                                             344052, 3.61452317237854, 120.58822631835938
3523, -675.5952897071838, 1, 45.30088443800014, 974, 2476987,                                             345026, 3.619659185409546, 120.5716323852539
3524, -340.4375215768814, 3, 12.358231031999821, 268, 2477255,                                             345294, 3.684481382369995, 120.5298843383789
3525, -590.614903062582, 1, 38.06221296499825, 818, 2478073,                                             346112, 3.6470367908477783, 120.69969940185547
3526, -161.19811141490936, 1, 11.721627652999814, 252, 2478325,                                             346364, 3.6936724185943604, 120.60651397705078
3527, -283.5173719972372, 1, 19.546636043000035, 420, 2478745,                                             346784, 3.6009628772735596, 120.58415222167969
3528, -529.6736714839935, 1, 40.91396291900128, 875, 2479620,                                             347659, 3.6378848552703857, 120.5134048461914
3529, -224.8352056145668, 2, 1.7037246799991408, 30, 2479650,                                             347689, 3.7903759479522705, 120.10311889648438
3530, -326.02814531326294, 1, 30.13007956799993, 639, 2480289,                                             348328, 3.576836347579956, 120.4478530883789
3531, -261.30772875249386, 1, 32.929670380999596, 709, 2480998,                                             349037, 3.5858042240142822, 120.3033676147461
3532, -298.40303379297256, 3, 9.9257718810004, 207, 2481205,                                             349244, 3.5113894939422607, 120.20735931396484
3533, -114.28466066718102, 1, 20.328592518000733, 436, 2481641,                                             349680, 3.64593505859375, 120.27774047851562
3534, -305.2561552077532, 1, 33.91401330199915, 719, 2482360,                                             350399, 3.6104300022125244, 120.06932067871094
3535, -218.45652070641518, 3, 3.535765000000538, 74, 2482434,                                             350473, 3.442972421646118, 119.97355651855469
3536, -99.48695801198483, 1, 18.49791569700028, 396, 2482830,                                             350869, 3.6067380905151367, 120.17019653320312
3537, -1098.397956341505, 4, 50.56733827000062, 1070, 2483900,                                             351939, 3.622612953186035, 120.05231475830078
3538, -25.876774296164513, 1, 16.309336881999116, 347, 2484247,                                             352286, 3.688641309738159, 120.24445343017578
3539, -264.6783885061741, 1, 34.546312503998706, 732, 2484979,                                             353018, 3.6767358779907227, 119.9813232421875
3540, -433.1287923306227, 1, 33.916315526999824, 719, 2485698,                                             353737, 3.6504364013671875, 120.17892456054688
3541, -331.3736964762211, 3, 6.29967960400063, 125, 2485823,                                             353862, 3.6732118129730225, 120.087890625
3542, -141.2930914759636, 1, 20.687740175999352, 439, 2486262,                                             354301, 3.6267144680023193, 120.10249328613281
3543, -421.39256566762924, 2, 17.144649813999422, 361, 2486623,                                             354662, 3.6678287982940674, 119.88542175292969
3544, 40.74790024757385, 1, 5.251483748001192, 110, 2486733,                                             354772, 3.6361968517303467, 120.30717468261719
3545, -494.8860887289047, 1, 36.7716288240008, 777, 2487510,                                             355549, 3.5740609169006348, 119.94325256347656
3546, -1033.3210267275572, 3, 48.59437000999969, 1031, 2488541,                                             356580, 3.5524144172668457, 119.80134582519531
3547, -702.3283431529999, 1, 43.32298776599964, 916, 2489457,                                             357496, 3.554164409637451, 119.75912475585938
3548, -620.881047397852, 3, 25.99824706199979, 546, 2490003,                                             358042, 3.6500298976898193, 119.80940246582031
3549, -80.72848281264305, 1, 21.68583678699906, 456, 2490459,                                             358498, 3.5980746746063232, 119.68170928955078
3550, -433.54274305701256, 1, 34.96064038500117, 688, 2491147,                                             359186, 3.6528263092041016, 119.7387924194336
3551, -641.097615391016, 2, 33.52361071799896, 712, 2491859,                                             359898, 3.5793776512145996, 119.50953674316406
3552, -132.95684750378132, 1, 23.53277377700033, 497, 2492356,                                             360395, 3.5945827960968018, 119.46635437011719
3553, -640.0718803852797, 3, 36.535863828999936, 773, 2493129,                                             361168, 3.6100616455078125, 119.60452270507812
3554, 30.318152338266373, 1, 6.740533978001622, 138, 2493267,                                             361306, 3.4920313358306885, 119.5263671875
3555, -332.2000448554754, 1, 35.28386711600069, 751, 2494018,                                             362057, 3.62994647026062, 119.55835723876953
3556, -247.25784082710743, 1, 21.5824275089999, 458, 2494476,                                             362515, 3.6248538494110107, 119.52769470214844
3557, -287.5057809352875, 3, 3.3076497670008393, 66, 2494542,                                             362581, 3.4505889415740967, 119.66587829589844
3558, -599.5123760700226, 2, 37.68211311599953, 802, 2495344,                                             363383, 3.632620096206665, 119.58109283447266
3559, -123.92157059907913, 1, 17.36632728600125, 366, 2495710,                                             363749, 3.715951681137085, 119.4562759399414
3560, -1082.8919836729765, 4, 49.51054023400138, 1049, 2496759,                                             364798, 3.6175289154052734, 119.47096252441406
3561, -197.02736960351467, 1, 20.458446017000824, 424, 2497183,                                             365222, 3.596580743789673, 119.47323608398438
3562, -262.6225835829973, 1, 34.12672900799953, 722, 2497905,                                             365944, 3.5993735790252686, 119.46822357177734
3563, -1276.7719176113605, 4, 49.36202651900021, 1048, 2498953,                                             366992, 3.623814821243286, 119.31322479248047
3564, -173.5095067769289, 1, 25.315044629000113, 532, 2499485,                                             367524, 3.6327364444732666, 119.20653533935547
3565, -210.9351705312729, 1, 27.528500762000476, 578, 2500063,                                             368102, 3.58858323097229, 119.11065673828125
3566, -397.40996664762497, 3, 5.310610070999246, 105, 2500168,                                             368207, 3.6638541221618652, 119.19859313964844
3567, -76.9428712874651, 1, 19.97325964200172, 420, 2500588,                                             368627, 3.563201665878296, 119.2245101928711
3568, -594.0694558918476, 1, 43.49660166399917, 910, 2501498,                                             369537, 3.604459285736084, 119.15290069580078
3569, -601.1810829341412, 1, 45.64025964599932, 967, 2502465,                                             370504, 3.614560842514038, 118.90132141113281
3570, -419.2089629024267, 1, 32.4653569430011, 682, 2503147,                                             371186, 3.6036553382873535, 118.97919464111328
3571, -841.1381149590015, 3, 32.85199459999967, 683, 2503830,                                             371869, 3.649508476257324, 118.63893127441406
3572, 38.99572777748108, 1, 5.071767161000025, 103, 2503933,                                             371972, 3.594912052154541, 118.59798431396484
3573, -345.42775851488113, 3, 12.739229647000684, 262, 2504195,                                             372234, 3.5778355598449707, 118.30677032470703
3574, -117.9767356812954, 1, 20.5152629589993, 431, 2504626,                                             372665, 3.62085223197937, 118.32005310058594
3575, -661.2971734851599, 1, 39.1562054620008, 823, 2505449,                                             373488, 3.6484334468841553, 118.57206726074219
3576, -243.52909857034683, 1, 25.515417892000187, 536, 2505985,                                             374024, 3.6471614837646484, 118.58609008789062
3577, -262.8730231374502, 1, 18.947550438999315, 394, 2506379,                                             374418, 3.629009485244751, 118.32957458496094
3578, -478.5061070024967, 3, 10.670980633, 221, 2506600,                                             374639, 3.5887935161590576, 118.46683502197266
3579, -63.718041241168976, 1, 18.346387114999743, 382, 2506982,                                             375021, 3.663546323776245, 118.51217651367188
3580, -193.86341354250908, 1, 15.297871095999653, 315, 2507297,                                             375336, 3.5712223052978516, 118.6197509765625
3581, -92.21501095592976, 1, 20.081868829000086, 419, 2507716,                                             375755, 3.703587055206299, 118.38058471679688
3582, -89.62110421061516, 1, 22.075982843998645, 463, 2508179,                                             376218, 3.6555073261260986, 118.56299591064453
3583, -180.832249507308, 1, 30.52073218700025, 627, 2508806,                                             376845, 3.616609573364258, 118.27363586425781
3584, -246.9940460920334, 1, 23.725125408000167, 496, 2509302,                                             377341, 3.665541887283325, 118.37763977050781
3585, -486.44886027276516, 2, 17.140610287999152, 358, 2509660,                                             377699, 3.621619939804077, 118.28206634521484
3586, -111.77218462526798, 1, 22.5312179499997, 466, 2510126,                                             378165, 3.613363027572632, 118.24629211425781
3587, -214.8352113366127, 1, 38.33648736199939, 803, 2510929,                                             378968, 3.6755268573760986, 118.09622192382812
3588, -371.3995196670294, 3, 14.503808385999946, 304, 2511233,                                             379272, 3.6274518966674805, 118.36489868164062
3589, 13.945824891328812, 1, 9.923657945999366, 204, 2511437,                                             379476, 3.627390146255493, 118.61219024658203
3590, -451.9987347126007, 2, 13.27692744199885, 277, 2511714,                                             379753, 3.615147352218628, 118.20802307128906
3591, -6.525760143995285, 1, 11.975921917999585, 248, 2511962,                                             380001, 3.6015288829803467, 118.0486831665039
3592, -164.67827896773815, 1, 21.906858758000453, 461, 2512423,                                             380462, 3.569956064224243, 117.94312286376953
3593, -164.19637043774128, 1, 23.76114069200048, 491, 2512914,                                             380953, 3.5857269763946533, 117.7586441040039
3594, -343.317416459322, 1, 33.31258030400022, 697, 2513611,                                             381650, 3.670898199081421, 118.13606262207031
3595, -735.6769308149815, 1, 40.31524780299878, 835, 2514446,                                             382485, 3.6816978454589844, 117.92402648925781
3596, -231.8618769645691, 3, 1.5302218300003005, 30, 2514476,                                             382515, 3.627497911453247, 117.6646957397461
3597, 27.831071823835373, 1, 6.91877583600035, 141, 2514617,                                             382656, 3.593000650405884, 117.9918441772461
3598, -77.58755537867546, 1, 16.268541195999205, 338, 2514955,                                             382994, 3.716832160949707, 117.77806091308594
3599, -276.45097601413727, 3, 7.924403940000047, 160, 2515115,                                             383154, 3.6330745220184326, 118.22117614746094
3600, -148.5835185945034, 1, 24.123664086000645, 502, 2515617,                                             383656, 3.581393003463745, 117.81189727783203
3601, -146.97646403312683, 1, 18.616342749999603, 386, 2516003,                                             384042, 3.6209030151367188, 118.00614929199219
3602, -211.79130003601313, 1, 35.72836407300019, 747, 2516750,                                             384789, 3.7155182361602783, 118.04791259765625
3603, -258.67275507748127, 3, 4.647098129000369, 88, 2516838,                                             384877, 3.4767873287200928, 117.54431915283203
3604, -72.12626977264881, 1, 16.58504182499928, 354, 2517192,                                             385231, 3.5921945571899414, 117.65283966064453
3605, -58.465231224894524, 1, 19.074267337000492, 390, 2517582,                                             385621, 3.7379722595214844, 117.7890625
3606, -74.28384894132614, 1, 16.366559016001702, 343, 2517925,                                             385964, 3.6207239627838135, 117.77532958984375
3607, -367.7593567818403, 1, 41.30074397899989, 860, 2518785,                                             386824, 3.6324005126953125, 117.6865463256836
3608, -309.7271688580513, 1, 34.12324321699998, 707, 2519492,                                             387531, 3.6366779804229736, 117.49878692626953
3609, -536.577743023634, 1, 42.58069552800043, 892, 2520384,                                             388423, 3.6225287914276123, 117.5029525756836
3610, -265.5275169014931, 1, 32.71607453700017, 673, 2521057,                                             389096, 3.6074306964874268, 117.37132263183594
3611, -295.03919546306133, 1, 34.9547561039999, 722, 2521779,                                             389818, 3.59012508392334, 117.27852630615234
3612, -715.6446259617805, 1, 43.926222522999524, 894, 2522673,                                             390712, 3.609890937805176, 117.39404296875
3613, -319.73657417297363, 1, 38.166388621000806, 787, 2523460,                                             391499, 3.5913350582122803, 117.1142807006836
3614, -126.75257986783981, 1, 21.955891035000604, 453, 2523913,                                             391952, 3.642648696899414, 117.0634765625
3615, -254.55500170588493, 3, 7.252886271999159, 147, 2524060,                                             392099, 3.5821712017059326, 117.37785339355469
3616, -10.215400889515877, 1, 14.333878604000347, 293, 2524353,                                             392392, 3.6067581176757812, 116.93878173828125
3617, -13.85838407278061, 1, 13.48180427600164, 278, 2524631,                                             392670, 3.6610312461853027, 117.07532501220703
3618, -462.3836809247732, 3, 29.719353857999522, 610, 2525241,                                             393280, 3.6613950729370117, 116.98706817626953
3619, -189.30693912506104, 1, 21.576847169999382, 446, 2525687,                                             393726, 3.6662216186523438, 116.93685913085938
3620, -31.560271456837654, 1, 13.476479192000625, 274, 2525961,                                             394000, 3.6818933486938477, 116.76668548583984
3621, -76.78334371745586, 1, 19.367629694999778, 399, 2526360,                                             394399, 3.549997329711914, 116.85492706298828
3622, -530.4640373587608, 3, 36.696767919000195, 758, 2527118,                                             395157, 3.5811328887939453, 116.80333709716797
3623, -660.9487635344267, 1, 47.983474178001416, 1003, 2528121,                                             396160, 3.5692343711853027, 116.6341552734375
3624, -968.9721143245697, 3, 31.925737970001137, 657, 2528778,                                             396817, 3.576148748397827, 116.83576202392578
3625, -297.97104102373123, 1, 27.75945099299861, 578, 2529356,                                             397395, 3.5589566230773926, 116.71139526367188
3626, -823.743294864893, 2, 42.55737167499865, 876, 2530232,                                             398271, 3.655902624130249, 116.7293472290039
3627, -18.207331776618958, 1, 13.919225715999346, 287, 2530519,                                             398558, 3.6262295246124268, 116.6572036743164
3628, -350.8124922513962, 3, 8.318199552999431, 166, 2530685,                                             398724, 3.6102614402770996, 117.0298843383789
3629, -175.92411613464355, 1, 21.497487581000314, 445, 2531130,                                             399169, 3.6173534393310547, 116.51957702636719
3630, -316.770260065794, 1, 36.34963971400066, 711, 2531841,                                             399880, 3.6540849208831787, 116.6586685180664
3631, -141.13314083218575, 1, 23.108668418999514, 476, 2532317,                                             400356, 3.6337051391601562, 116.37659454345703
3632, -223.51986867189407, 3, 3.045131733000744, 56, 2532373,                                             400412, 3.746631622314453, 116.3132095336914
3633, -178.5010565519333, 1, 19.770769163000296, 402, 2532775,                                             400814, 3.5595648288726807, 116.57258605957031
3634, -723.429563254118, 2, 28.083280695000212, 576, 2533351,                                             401390, 3.61480712890625, 116.5006103515625
3635, -15.707910805940628, 1, 13.531075586000952, 277, 2533628,                                             401667, 3.5842881202697754, 116.32929229736328
3636, -49.66035781800747, 1, 12.731197158998839, 257, 2533885,                                             401924, 3.600708246231079, 116.4802017211914
3637, -76.89538721740246, 1, 14.969194594999863, 308, 2534193,                                             402232, 3.5775351524353027, 116.1881332397461
3638, -402.53626334667206, 1, 28.037431389999256, 576, 2534769,                                             402808, 3.5373587608337402, 116.45589447021484
3639, -617.9547542631626, 1, 44.993755627998326, 926, 2535695,                                             403734, 3.627765655517578, 116.35456085205078
3640, -561.5416165441275, 3, 38.118057913001394, 780, 2536475,                                             404514, 3.6085054874420166, 116.12193298339844
3641, -109.58338123559952, 1, 20.105227628000648, 413, 2536888,                                             404927, 3.535550832748413, 116.34517669677734
3642, -193.67214255034924, 1, 26.56998836999992, 544, 2537432,                                             405471, 3.564221143722534, 116.06300354003906
3643, -290.84930492937565, 3, 13.06489719199999, 266, 2537698,                                             405737, 3.6579949855804443, 116.18746185302734
3644, -65.59869369864464, 1, 20.11509552499956, 409, 2538107,                                             406146, 3.521939277648926, 116.24560546875
3645, -225.75916378200054, 1, 22.95912967699951, 466, 2538573,                                             406612, 3.5392377376556396, 116.18109893798828
3646, -395.9487135410309, 1, 40.71897147299933, 830, 2539403,                                             407442, 3.6760692596435547, 116.11437225341797
3647, -302.35843028128147, 1, 30.722935243000393, 626, 2540029,                                             408068, 3.5544936656951904, 116.09761810302734
3648, -211.976615563035, 1, 27.395019818000947, 562, 2540591,                                             408630, 3.598684072494507, 116.07804870605469
3649, -436.23482535779476, 1, 39.279146963999665, 796, 2541387,                                             409426, 3.589005470275879, 115.94432067871094
3650, -165.0385555550456, 1, 23.190395838000768, 481, 2541868,                                             409907, 3.6134541034698486, 115.85771942138672
3651, -461.7728377431631, 3, 16.419773244999305, 338, 2542206,                                             410245, 3.5118582248687744, 115.76447296142578
3652, -109.4446225464344, 1, 18.91780553999888, 385, 2542591,                                             410630, 3.572600841522217, 116.03266906738281
3653, -323.3566086292267, 1, 46.76104104700062, 955, 2543546,                                             411585, 3.54028058052063, 115.70191955566406
3654, -304.3054447323084, 3, 13.566555074001371, 276, 2543822,                                             411861, 3.545980453491211, 115.64567565917969
3655, -542.5994976609945, 1, 48.30008216200076, 990, 2544812,                                             412851, 3.624377727508545, 115.53739166259766
3656, -186.54364062845707, 1, 26.929644302999804, 546, 2545358,                                             413397, 3.6625583171844482, 115.42842102050781
3657, -667.8322926163673, 2, 29.117021987000044, 588, 2545946,                                             413985, 3.6503171920776367, 115.51032257080078
3658, -129.5533478409052, 1, 21.57922066700121, 440, 2546386,                                             414425, 3.537125825881958, 115.26631164550781
3659, -612.7308337762952, 1, 40.08349678200102, 822, 2547208,                                             415247, 3.5910120010375977, 115.31388092041016
3660, -372.2403791844845, 1, 34.16169747100139, 696, 2547904,                                             415943, 3.528155565261841, 115.21255493164062
3661, -273.2769971191883, 1, 40.04005640499963, 817, 2548721,                                             416760, 3.551222324371338, 115.35429382324219
3662, -220.47324535250664, 1, 35.53789549100111, 719, 2549440,                                             417479, 3.624753713607788, 115.18570709228516
3663, -729.6254170835018, 4, 49.345276039000964, 1004, 2550444,                                             418483, 3.614995002746582, 115.02460479736328
3664, -221.2339780330658, 1, 28.552940252000553, 576, 2551020,                                             419059, 3.5699856281280518, 115.15945434570312
3665, -390.0345434695482, 1, 46.94877082400126, 954, 2551974,                                             420013, 3.571598529815674, 114.95345306396484
3666, -377.1895907819271, 3, 12.11803277099898, 244, 2552218,                                             420257, 3.704925298690796, 115.02159118652344
3667, 23.532977521419525, 1, 9.75678584599882, 199, 2552417,                                             420456, 3.4946961402893066, 115.09756469726562
3668, -154.5203860849142, 1, 24.6697637699981, 496, 2552913,                                             420952, 3.6082510948181152, 114.99209594726562
3669, -107.03083565831184, 1, 20.582122170999355, 420, 2553333,                                             421372, 3.575026512145996, 114.97946166992188
3670, -171.21979574859142, 1, 30.272520108999743, 609, 2553942,                                             421981, 3.658763885498047, 115.00225830078125
3671, -391.71371909976006, 3, 8.068741356000828, 159, 2554101,                                             422140, 3.5679259300231934, 114.8475112915039
3672, 9.831042259931564, 1, 11.321083256003476, 224, 2554325,                                             422364, 3.7024075984954834, 114.9056167602539
3673, -79.37431937456131, 1, 16.367986458000814, 331, 2554656,                                             422695, 3.489393949508667, 114.80789947509766
3674, -65.34792582690716, 1, 17.235834933999286, 349, 2555005,                                             423044, 3.6309921741485596, 114.73974609375
3675, -815.2630323171616, 4, 49.563874365998345, 997, 2556002,                                             424041, 3.655500650405884, 114.74166107177734
3676, -124.55286684632301, 1, 22.556193062999228, 453, 2556455,                                             424494, 3.5859599113464355, 114.72570037841797
3677, -230.58766767382622, 1, 35.33722287000273, 707, 2557162,                                             425201, 3.6676185131073, 114.6598892211914
3678, -208.70718604326248, 2, 2.2369833440025104, 39, 2557201,                                             425240, 3.485642671585083, 114.84029388427734
3679, -113.21569272875786, 1, 20.377063624000584, 407, 2557608,                                             425647, 3.628911256790161, 114.51447296142578
3680, -182.22554755210876, 1, 20.287387165997643, 404, 2558012,                                             426051, 3.7329442501068115, 114.5067138671875
3681, -465.4323442429304, 3, 25.01247227800195, 504, 2558516,                                             426555, 3.6384470462799072, 114.55855560302734
3682, -487.4451055973768, 1, 39.96959412399883, 804, 2559320,                                             427359, 3.584981918334961, 114.39302825927734
3683, -514.7924479991198, 1, 45.56548280499919, 915, 2560235,                                             428274, 3.6618740558624268, 114.49605560302734
3684, -168.0902437865734, 1, 33.74512210099783, 674, 2560909,                                             428948, 3.6319572925567627, 114.3648681640625
3685, -298.3847598731518, 1, 37.30753932099833, 746, 2561655,                                             429694, 3.5833356380462646, 114.37210845947266
3686, -353.9865324795246, 3, 11.96715735700127, 238, 2561893,                                             429932, 3.5340793132781982, 114.08161163330078
3687, -268.7614926546812, 1, 30.475280938997457, 609, 2562502,                                             430541, 3.5959649085998535, 114.29354095458984
3688, -219.68322458863258, 1, 33.36585727199781, 669, 2563171,                                             431210, 3.5624468326568604, 113.96072387695312
3689, -221.34115916490555, 3, 1.7061693300020124, 30, 2563201,                                             431240, 3.853396415710449, 114.6069564819336
3690, -57.97619213163853, 1, 15.685209966999537, 316, 2563517,                                             431556, 3.5435235500335693, 114.05660247802734
3691, -276.96368592232466, 1, 35.177030069000466, 702, 2564219,                                             432258, 3.578474283218384, 114.10260009765625
3692, -636.0392723679543, 3, 33.354760180001904, 668, 2564887,                                             432926, 3.610429048538208, 114.09646606445312
3693, -294.23499870300293, 2, 11.154578902998765, 225, 2565112,                                             433151, 3.597766160964966, 113.88327026367188
3694, 6.732505828142166, 1, 12.653231119998964, 244, 2565356,                                             433395, 3.494922637939453, 113.79737854003906
3695, -439.1400570720434, 1, 25.39150497599985, 510, 2565866,                                             433905, 3.5717663764953613, 113.94647979736328
3696, -289.0376985967159, 3, 8.033058716999221, 155, 2566021,                                             434060, 3.588534355163574, 114.17543029785156
3697, -164.21527118980885, 1, 19.168052689001343, 384, 2566405,                                             434444, 3.6102287769317627, 113.82195281982422
3698, -508.2988891452551, 1, 37.74005478500112, 756, 2567161,                                             435200, 3.6490511894226074, 113.91039276123047
3699, -739.3795140832663, 4, 49.15777575100219, 985, 2568146,                                             436185, 3.649406671524048, 113.8598403930664
3700, -45.30689613521099, 1, 17.516411866999988, 350, 2568496,                                             436535, 3.5881452560424805, 114.02737426757812
3701, -184.10706570744514, 1, 29.575632523999957, 584, 2569080,                                             437119, 3.607942819595337, 113.88089752197266
3702, -123.0165945738554, 1, 22.584599655998318, 449, 2569529,                                             437568, 3.6769399642944336, 113.88380432128906
3703, -37.58094149827957, 1, 16.86250370199923, 331, 2569860,                                             437899, 3.634338140487671, 113.55667877197266
3704, -613.9202844500542, 2, 31.137744727002428, 625, 2570485,                                             438524, 3.6326003074645996, 113.65799713134766
3705, -118.30263632535934, 1, 25.113873856000282, 496, 2570981,                                             439020, 3.6259098052978516, 113.4186019897461
3706, -233.52544555068016, 1, 24.36276214800091, 482, 2571463,                                             439502, 3.6388516426086426, 113.66966247558594
3707, -526.9911762475967, 1, 42.50547976799862, 849, 2572312,                                             440351, 3.7016711235046387, 113.62626647949219
3708, -248.99446077644825, 1, 28.118141109000135, 558, 2572870,                                             440909, 3.5756850242614746, 113.52749633789062
3709, -99.32534267008305, 1, 20.7764164600012, 413, 2573283,                                             441322, 3.602111577987671, 113.56732940673828
3710, -26.010254472494125, 1, 16.284240795001097, 317, 2573600,                                             441639, 3.6938531398773193, 113.39115142822266
3711, -662.9771506935358, 3, 36.43946961899928, 723, 2574323,                                             442362, 3.6096086502075195, 113.337646484375
3712, 33.52797922492027, 1, 8.548197225001786, 170, 2574493,                                             442532, 3.6854100227355957, 113.4419937133789
3713, -291.2185513228178, 3, 13.24366775800081, 260, 2574753,                                             442792, 3.5425970554351807, 113.64063262939453
3714, -90.05514411628246, 1, 26.158848163002403, 518, 2575271,                                             443310, 3.7189793586730957, 113.24360656738281
3715, -204.88245153427124, 2, 1.9014998499987996, 32, 2575303,                                             443342, 4.01558780670166, 113.6549301147461
3716, -182.0118976086378, 1, 20.75577373499982, 407, 2575710,                                             443749, 3.607567071914673, 113.28543090820312
3717, -98.18858647346497, 1, 20.65425606500139, 409, 2576119,                                             444158, 3.6049084663391113, 113.45685577392578
3718, -350.1170284152031, 3, 8.926088529999106, 170, 2576289,                                             444328, 3.4767746925354004, 113.29067993164062
3719, -136.73743719607592, 1, 21.118191071000183, 417, 2576706,                                             444745, 3.640115976333618, 113.34127807617188
3720, -589.9184755831957, 1, 49.53920580100021, 975, 2577681,                                             445720, 3.645172119140625, 113.2615737915039
3721, -267.46718779206276, 1, 33.63254543899893, 625, 2578306,                                             446345, 3.678386688232422, 113.36115264892578
3722, -34.397427558898926, 1, 16.541612675999204, 323, 2578629,                                             446668, 3.7130184173583984, 113.23421478271484
3723, -344.7187664657831, 1, 47.12297579799997, 931, 2579560,                                             447599, 3.7102901935577393, 113.20110321044922
3724, -232.28143414855003, 3, 4.507073867000145, 83, 2579643,                                             447682, 3.598633289337158, 112.9476547241211
3725, -32.9561518356204, 1, 15.366665051002201, 299, 2579942,                                             447981, 3.6835358142852783, 113.138427734375
3726, -647.3910200297832, 4, 50.31484694900064, 990, 2580932,                                             448971, 3.6920042037963867, 113.20699310302734
3727, -76.14065557718277, 1, 21.122668350999447, 419, 2581351,                                             449390, 3.7197070121765137, 113.0555648803711
3728, -699.8264224231243, 3, 29.37228889800099, 572, 2581923,                                             449962, 3.675057888031006, 113.09934997558594
3729, -409.66256688535213, 1, 43.3141053770014, 852, 2582775,                                             450814, 3.7017018795013428, 113.0110092163086
3730, -490.39516589045525, 1, 42.55461370100238, 845, 2583620,                                             451659, 3.6691930294036865, 113.02783966064453
3731, -305.4727725535631, 2, 6.187804749999486, 121, 2583741,                                             451780, 3.576251745223999, 112.7118148803711
3732, -283.7857069373131, 2, 11.06165422200138, 212, 2583953,                                             451992, 3.667527437210083, 112.60249328613281
3733, 3.547048106789589, 1, 12.36208644299768, 243, 2584196,                                             452235, 3.6418707370758057, 112.88166809082031
3734, -142.93273247033358, 1, 29.07725969400053, 565, 2584761,                                             452800, 3.687922716140747, 112.6781234741211
3735, -214.27190732955933, 1, 34.54080462099955, 681, 2585442,                                             453481, 3.6861090660095215, 112.72760772705078
3736, -656.2145469784737, 3, 39.560992635997536, 780, 2586222,                                             454261, 3.590851068496704, 112.6949234008789
3737, 2.942922919988632, 1, 13.51546366600087, 260, 2586482,                                             454521, 3.7834701538085938, 112.72671508789062
3738, -392.7760280966759, 3, 10.329419882000366, 199, 2586681,                                             454720, 3.5506227016448975, 112.63809967041016
3739, -92.63646328449249, 1, 25.53029759200217, 503, 2587184,                                             455223, 3.7328877449035645, 112.53084564208984
3740, -59.66145446896553, 1, 9.148793770000339, 179, 2587363,                                             455402, 3.744069814682007, 112.86094665527344
3741, -735.8081825077534, 4, 49.53108711900131, 973, 2588336,                                             456375, 3.6654391288757324, 112.59782409667969
3742, -33.34262064099312, 1, 18.316892711998662, 356, 2588692,                                             456731, 3.6622118949890137, 112.45315551757812
3743, -310.26294189691544, 1, 36.72813109100025, 714, 2589406,                                             457445, 3.710146903991699, 112.37174224853516
3744, -140.59762382507324, 1, 19.779918280000857, 395, 2589801,                                             457840, 3.6134703159332275, 112.44418334960938
3745, -29.21771888434887, 1, 16.506300920002104, 317, 2590118,                                             458157, 3.6224734783172607, 112.5483169555664
3746, -389.3213192820549, 2, 19.58234977000029, 381, 2590499,                                             458538, 3.7011632919311523, 112.35198974609375
3747, -59.84635317325592, 1, 16.627358841000387, 326, 2590825,                                             458864, 3.5738015174865723, 112.43743133544922
3748, -433.16716177761555, 1, 38.92858681799771, 760, 2591585,                                             459624, 3.723825216293335, 112.22696685791016
3749, -513.8128075897694, 3, 23.92882754799939, 465, 2592050,                                             460089, 3.6474809646606445, 112.44503784179688
3750, -740.7930524647236, 1, 47.15773100100341, 916, 2592966,                                             461005, 3.648514747619629, 112.27647399902344
3751, -119.32395902276039, 1, 12.665416506999463, 245, 2593211,                                             461250, 3.7990682125091553, 112.31795501708984
3752, -152.02654314041138, 1, 27.198112160000164, 505, 2593716,                                             461755, 3.693361759185791, 112.0889892578125
3753, -61.25252619385719, 1, 20.952480143001594, 396, 2594112,                                             462151, 3.6424622535705566, 112.49053192138672
3754, -81.14652796089649, 1, 19.749735369998234, 377, 2594489,                                             462528, 3.5769612789154053, 112.19617462158203
3755, -474.2383411079645, 3, 30.525804985998548, 582, 2595071,                                             463110, 3.6763105392456055, 112.11566162109375
3756, 20.918863743543625, 1, 8.319372941001347, 159, 2595230,                                             463269, 3.6039235591888428, 111.81707000732422
3757, -223.2435891032219, 1, 28.89917063900066, 549, 2595779,                                             463818, 3.6295018196105957, 112.30816650390625
3758, -255.38868138194084, 3, 7.659393009998894, 138, 2595917,                                             463956, 3.588390827178955, 111.93667602539062
3759, -40.20338132977486, 1, 15.971945689001586, 302, 2596219,                                             464258, 3.6233747005462646, 111.9772720336914
3760, -244.62427139282227, 1, 27.503295208000054, 529, 2596748,                                             464787, 3.6256203651428223, 112.14183807373047
3761, -628.2629825770855, 1, 49.01186097399841, 936, 2597684,                                             465723, 3.6947901248931885, 112.23623657226562
3762, -674.0928741246462, 2, 36.72459788999913, 698, 2598382,                                             466421, 3.6670916080474854, 112.05257415771484
3763, -94.96576008200645, 1, 21.984201443003258, 421, 2598803,                                             466842, 3.7670769691467285, 112.03508758544922
3764, -316.06463046371937, 1, 32.10041193800134, 619, 2599422,                                             467461, 3.6854395866394043, 111.8615951538086
3765, -723.2289789915085, 2, 30.723156265001307, 582, 2600004,                                             468043, 3.629929304122925, 112.09427642822266
3766, -789.6052783876657, 4, 49.98588833000031, 959, 2600963,                                             469002, 3.644383192062378, 112.02606964111328
3767, -152.00873765349388, 1, 24.711795643997903, 466, 2601429,                                             469468, 3.767651319503784, 111.96676635742188
3768, -391.427698135376, 1, 37.73314041000049, 723, 2602152,                                             470191, 3.6770052909851074, 111.97798919677734
3769, -561.9710366278887, 2, 31.138656188999448, 593, 2602745,                                             470784, 3.701303243637085, 112.02699279785156
3770, 18.030342131853104, 1, 10.15200890900087, 194, 2602939,                                             470978, 3.69648814201355, 111.95484924316406
3771, -308.60725067555904, 1, 33.85932592700192, 648, 2603587,                                             471626, 3.7162983417510986, 111.90190124511719
3772, -234.20590883493423, 3, 7.481516815998475, 138, 2603725,                                             471764, 3.7718093395233154, 111.90721130371094
3773, 19.781351633369923, 1, 12.35788099599813, 234, 2603959,                                             471998, 3.721592903137207, 111.92127990722656
3774, -10.874657019972801, 1, 14.136924182002986, 258, 2604217,                                             472256, 3.6503758430480957, 112.03046417236328
3775, -274.077745616436, 2, 9.05131507400074, 171, 2604388,                                             472427, 3.827779531478882, 112.17182159423828
3776, -100.38230982422829, 1, 23.359531435999088, 443, 2604831,                                             472870, 3.743539333343506, 111.89099884033203
3777, -251.06537047028542, 2, 5.096467663999647, 97, 2604928,                                             472967, 3.6790339946746826, 112.14393615722656
3778, -48.63122530281544, 1, 20.16891920999842, 395, 2605323,                                             473362, 3.6709165573120117, 111.90739440917969
3779, -266.7518178075552, 1, 37.67783571399923, 724, 2606047,                                             474086, 3.7230021953582764, 111.86187744140625
3780, -175.29879654943943, 1, 37.326198060000024, 701, 2606748,                                             474787, 3.667964220046997, 111.88469696044922
3781, -694.3939094543457, 4, 49.715388264001376, 951, 2607699,                                             475738, 3.670145034790039, 111.85076904296875
3782, -19.84817649424076, 1, 18.29173302399795, 345, 2608044,                                             476083, 3.7783749103546143, 111.85755157470703
3783, -659.7486799806356, 3, 42.758126575998176, 827, 2608871,                                             476910, 3.661548137664795, 111.84160614013672
3784, -23.588719926774502, 1, 16.526418698998896, 308, 2609179,                                             477218, 3.7510993480682373, 111.8642807006836
3785, -256.90953055024147, 3, 7.714607347999845, 141, 2609320,                                             477359, 3.820946216583252, 112.16600036621094
3786, -351.6992177963257, 3, 18.52110394000192, 352, 2609672,                                             477711, 3.7947728633880615, 111.94648742675781
3787, -87.77770671248436, 1, 22.58473884200066, 429, 2610101,                                             478140, 3.610121011734009, 111.85470581054688
3788, -47.48448012769222, 1, 13.242435031999776, 247, 2610348,                                             478387, 3.6610326766967773, 111.70712280273438
3789, -71.35054638981819, 1, 18.969777203998092, 362, 2610710,                                             478749, 3.7339601516723633, 111.80860137939453
3790, -137.69064378738403, 1, 23.084815443999105, 442, 2611152,                                             479191, 3.6769495010375977, 111.67961883544922
3791, -142.1238648444414, 1, 20.872262671997305, 402, 2611554,                                             479593, 3.783918857574463, 111.83808135986328
3792, -306.37222015857697, 1, 27.71302062000177, 525, 2612079,                                             480118, 3.6917881965637207, 111.594482421875
3793, -755.6332996487617, 1, 49.573235697997006, 949, 2613028,                                             481067, 3.715273141860962, 111.60693359375
3794, -433.6295095384121, 2, 24.732821303998207, 470, 2613498,                                             481537, 3.7150418758392334, 111.55304718017578
3795, -186.98851583898067, 1, 27.920681865001825, 530, 2614028,                                             482067, 3.671910285949707, 111.72607421875
3796, -689.6481974720955, 4, 49.982016413003294, 952, 2614980,                                             483019, 3.717324733734131, 111.62731170654297
3797, -104.81534479558468, 1, 21.733299941999576, 411, 2615391,                                             483430, 3.777678966522217, 111.63245391845703
3798, -787.2824087440968, 1, 43.71893401299894, 832, 2616223,                                             484262, 3.6749978065490723, 111.58224487304688
3799, -312.1000564545393, 1, 32.36512116999802, 622, 2616845,                                             484884, 3.7175068855285645, 111.72582244873047
3800, -59.799072563648224, 1, 11.326652178999211, 209, 2617054,                                             485093, 3.7776272296905518, 111.53435516357422
3801, -198.78750264644623, 3, 1.7674214090002351, 30, 2617084,                                             485123, 3.6675209999084473, 112.23184967041016
3802, -70.25995413959026, 1, 21.034424613000738, 393, 2617477,                                             485516, 3.7386555671691895, 111.70772552490234
3803, -831.6024523079395, 4, 49.589523732996895, 945, 2618422,                                             486461, 3.6809017658233643, 111.60662841796875
3804, -132.9419510960579, 1, 23.704011028999957, 446, 2618868,                                             486907, 3.690999746322632, 111.39985656738281
3805, -674.1540318727493, 4, 50.140258057999745, 951, 2619819,                                             487858, 3.770566463470459, 111.62299346923828
3806, 44.221347242593765, 1, 5.544224473000213, 104, 2619923,                                             487962, 3.695633888244629, 111.70150756835938
3807, -342.4871281981468, 1, 32.89480299299976, 618, 2620541,                                             488580, 3.709843635559082, 111.38219451904297
3808, -935.2119296789169, 4, 49.761294897998596, 927, 2621468,                                             489507, 3.711334466934204, 111.2518539428711
3809, -216.56392034888268, 1, 22.15462379299788, 416, 2621884,                                             489923, 3.6638708114624023, 111.18492889404297
3810, -234.42898051440716, 1, 33.929097575000924, 635, 2622519,                                             490558, 3.690159797668457, 111.39347839355469
3811, -879.289159104228, 4, 50.104505143001006, 946, 2623465,                                             491504, 3.728792905807495, 111.42586517333984
3812, -56.30365678668022, 1, 19.555980812001508, 362, 2623827,                                             491866, 3.7171695232391357, 111.38070678710938
3813, -185.57097809016705, 1, 29.312852050999936, 544, 2624371,                                             492410, 3.693434715270996, 111.35053253173828
3814, -1393.4322420358658, 4, 49.986027413000556, 942, 2625313,                                             493352, 3.6577510833740234, 111.1866226196289
3815, 1.2557909339666367, 1, 13.476815641999565, 252, 2625565,                                             493604, 3.6545605659484863, 111.37360382080078
3816, -37.21606735885143, 1, 14.368190617002256, 267, 2625832,                                             493871, 3.7381389141082764, 111.42231750488281
3817, -464.41743110120296, 1, 37.70898154700262, 702, 2626534,                                             494573, 3.730098009109497, 111.05692291259766
3818, -761.2661239355803, 2, 42.34267346100023, 793, 2627327,                                             495366, 3.685245990753174, 111.25601959228516
3819, -50.96459726989269, 1, 17.144758417998673, 320, 2627647,                                             495686, 3.713228225708008, 111.21318054199219
3820, -818.7086588740349, 4, 49.52878020499702, 935, 2628582,                                             496621, 3.7000885009765625, 111.03793334960938
3821, -148.77635402977467, 1, 28.152866637999978, 526, 2629108,                                             497147, 3.625501871109009, 111.33049774169922
3822, -302.12128138542175, 1, 44.38141950999852, 830, 2629938,                                             497977, 3.75073504447937, 111.24854278564453
3823, -540.1011812090874, 3, 31.12617378700088, 589, 2630527,                                             498566, 3.719240665435791, 111.01038360595703
3824, -590.0528694838285, 2, 24.75520507699912, 461, 2630988,                                             499027, 3.7374086380004883, 111.33242797851562
3825, 24.63733661174774, 1, 10.524779477000266, 200, 2631188,                                             499227, 3.572838544845581, 111.01231384277344
3826, -50.66522803902626, 1, 16.089865236997866, 299, 2631487,                                             499526, 3.722703218460083, 111.24015045166016
3827, -208.85739488899708, 1, 29.719425874998706, 561, 2632048,                                             500087, 3.7417213916778564, 111.16259002685547
3828, -492.8860680013895, 3, 36.550619267, 687, 2632735,                                             500774, 3.6780641078948975, 110.9219741821289
3829, -671.526156693697, 4, 49.78761562300133, 935, 2633670,                                             501709, 3.692462921142578, 110.97742462158203
3830, -177.55787560343742, 1, 31.770901589999994, 591, 2634261,                                             502300, 3.8123161792755127, 111.10629272460938
3831, -898.0267338305712, 3, 46.97246216200074, 869, 2635130,                                             503169, 3.7442431449890137, 111.16352844238281
3832, -74.77934989333153, 1, 22.32687494899801, 417, 2635547,                                             503586, 3.702749490737915, 111.08235931396484
3833, -560.0493769347668, 4, 50.35666172499987, 935, 2636482,                                             504521, 3.6894848346710205, 110.9331283569336
3834, -76.76552167534828, 1, 21.505788727001345, 388, 2636870,                                             504909, 3.744144916534424, 110.93498992919922
3835, -139.06629325449467, 1, 23.931766861998767, 441, 2637311,                                             505350, 3.6472957134246826, 110.77034759521484
3836, -355.6374639868736, 1, 39.544727761000104, 730, 2638041,                                             506080, 3.667818546295166, 110.84941101074219
3837, -418.87904412299395, 1, 41.76942963699912, 764, 2638805,                                             506844, 3.752307891845703, 110.75215911865234
3838, -341.1973661184311, 1, 40.94372922399998, 758, 2639563,                                             507602, 3.7153897285461426, 110.8281478881836
3839, -421.1287540793419, 2, 19.524333418001333, 356, 2639919,                                             507958, 3.7121083736419678, 110.46221160888672
3840, 23.174260064959526, 1, 12.135635629001627, 224, 2640143,                                             508182, 3.6540091037750244, 110.58524322509766
3841, -350.81918209791183, 2, 17.139100945998507, 315, 2640458,                                             508497, 3.69142484664917, 110.76506805419922
3842, -30.52483779191971, 1, 15.865907523002534, 293, 2640751,                                             508790, 3.7038161754608154, 110.5757827758789
3843, -196.11147704720497, 1, 29.97612928399758, 549, 2641300,                                             509339, 3.6923089027404785, 110.62409973144531
3844, -93.04423174262047, 1, 18.682856183000695, 343, 2641643,                                             509682, 3.715170383453369, 110.4560317993164
3845, -190.50045581161976, 1, 30.951612248998572, 568, 2642211,                                             510250, 3.6677486896514893, 110.62360382080078
3846, -248.12927563488483, 1, 31.31530263699824, 565, 2642776,                                             510815, 3.6814777851104736, 110.44581604003906
3847, -577.177979439497, 2, 41.7796398390019, 775, 2643551,                                             511590, 3.6657614707946777, 110.53663635253906
3848, -13.370576329529285, 1, 17.871480884998164, 324, 2643875,                                             511914, 3.677069664001465, 110.55296325683594
3849, -593.0159364044666, 2, 29.91909116899842, 543, 2644418,                                             512457, 3.7264180183410645, 110.31722259521484
3850, 56.74987328052521, 1, 4.531284037999285, 79, 2644497,                                             512536, 3.5929317474365234, 110.12866973876953
3851, -269.8642935156822, 3, 12.896460206000484, 228, 2644725,                                             512764, 3.6901588439941406, 110.66236114501953
3852, -213.15855231881142, 1, 33.93212541899993, 610, 2645335,                                             513374, 3.7134480476379395, 110.28872680664062
3853, -137.2477272003889, 1, 26.799494309001602, 491, 2645826,                                             513865, 3.6483349800109863, 110.30577850341797
3854, -89.23110562562943, 1, 17.244137353998667, 307, 2646133,                                             514172, 3.7103323936462402, 110.49134826660156
3855, -446.3271044790745, 1, 41.97190812599729, 776, 2646909,                                             514948, 3.6870808601379395, 110.41519927978516
3856, -617.2752255797386, 3, 25.094442592999258, 457, 2647366,                                             515405, 3.768752098083496, 110.28042602539062
3857, 55.51995772123337, 1, 5.151737279000372, 93, 2647459,                                             515498, 3.681779384613037, 110.50640869140625
3858, -300.78385096788406, 3, 14.251966138999705, 260, 2647719,                                             515758, 3.762488603591919, 110.07807159423828
3859, 48.53228868544102, 1, 6.5428100120007, 119, 2647838,                                             515877, 3.825326681137085, 110.54528045654297
3860, -499.3843476176262, 2, 22.49534683100137, 404, 2648242,                                             516281, 3.720144748687744, 110.50652313232422
3861, -612.5803877413273, 1, 43.34457179899982, 782, 2649024,                                             517063, 3.742737054824829, 110.30908966064453
3862, -364.61048847436905, 1, 41.983285484999215, 760, 2649784,                                             517823, 3.730868101119995, 110.30184173583984
3863, -456.314301609993, 2, 13.653784850001102, 246, 2650030,                                             518069, 3.6867237091064453, 110.30184936523438
3864, -74.7712969481945, 1, 20.928892791002, 384, 2650414,                                             518453, 3.751981496810913, 110.23302459716797
3865, -40.79814103245735, 1, 17.942180223999458, 322, 2650736,                                             518775, 3.781538486480713, 110.54692077636719
3866, -47.80119231343269, 1, 20.48695519499961, 368, 2651104,                                             519143, 3.654437303543091, 110.37720489501953
3867, -50.21089491993189, 1, 10.927776732001803, 199, 2651303,                                             519342, 3.7304582595825195, 109.93858337402344
3868, -237.4221339970827, 1, 32.50681496600009, 595, 2651898,                                             519937, 3.770820140838623, 110.29524993896484
3869, -741.2514017522335, 3, 47.351443613999436, 862, 2652760,                                             520799, 3.7872142791748047, 110.14354705810547
3870, 21.72580936551094, 1, 10.9551256679988, 202, 2652962,                                             521001, 3.6734626293182373, 110.26350402832031
3871, -66.83639480173588, 1, 18.47378504200242, 335, 2653297,                                             521336, 3.7180004119873047, 110.18714904785156
3872, -103.24524110555649, 1, 26.3352296760022, 478, 2653775,                                             521814, 3.6853866577148438, 110.10807800292969
3873, -11.256480768322945, 1, 15.537679479999497, 274, 2654049,                                             522088, 3.75000262260437, 110.11608123779297
3874, -30.989052668213844, 1, 17.886152473001857, 322, 2654371,                                             522410, 3.6490554809570312, 110.12826538085938
3875, -154.95111541450024, 1, 30.715355244999955, 549, 2654920,                                             522959, 3.7174746990203857, 109.95105743408203
3876, -88.76294827461243, 1, 19.98579450699981, 360, 2655280,                                             523319, 3.683332681655884, 109.79315185546875
3877, -366.1190840303898, 1, 45.89676176099965, 809, 2656089,                                             524128, 3.6464662551879883, 109.96710968017578
3878, -191.81584392488003, 1, 31.144231445003243, 558, 2656647,                                             524686, 3.689138174057007, 109.79826354980469
3879, -158.71515701711178, 1, 35.12801674300135, 635, 2657282,                                             525321, 3.7537875175476074, 109.93707275390625
3880, -259.19443279504776, 1, 39.97970437299955, 725, 2658007,                                             526046, 3.6934382915496826, 109.80367279052734
3881, -787.8325157761574, 4, 50.60165683000014, 908, 2658915,                                             526954, 3.692054510116577, 109.968017578125
3882, -8.297827377915382, 1, 13.559798506001243, 244, 2659159,                                             527198, 3.757575273513794, 110.14771270751953
3883, -71.55153957009315, 1, 19.874873395998293, 356, 2659515,                                             527554, 3.756763219833374, 109.9676513671875
3884, -368.7515021264553, 1, 38.9656562880009, 707, 2660222,                                             528261, 3.669646978378296, 109.7624282836914
3885, -129.70760416984558, 1, 16.538701484998455, 294, 2660516,                                             528555, 3.694385290145874, 109.89988708496094
3886, -510.49743816256523, 3, 21.10791279299883, 380, 2660896,                                             528935, 3.684593677520752, 109.71820831298828
3887, -80.6731271147728, 1, 21.927201194997906, 393, 2661289,                                             529328, 3.7122902870178223, 109.82569885253906
3888, -774.1542409360409, 4, 49.96807709600034, 901, 2662190,                                             530229, 3.753805637359619, 109.74291229248047
3889, -692.8658050000668, 4, 49.553048194997245, 889, 2663079,                                             531118, 3.6820056438446045, 109.80015563964844
3890, -86.34989288449287, 1, 23.703427545999148, 423, 2663502,                                             531541, 3.681918144226074, 109.81311798095703
3891, -574.9463984817266, 4, 50.29056716700143, 912, 2664414,                                             532453, 3.7213499546051025, 109.87507629394531
3892, -357.7936698049307, 1, 41.555630578001, 759, 2665173,                                             533212, 3.762376308441162, 109.74085235595703
3893, -273.38120767474174, 3, 6.114612369998213, 106, 2665279,                                             533318, 3.8537940979003906, 109.57559204101562
3894, -84.80573534965515, 1, 20.053340116999607, 359, 2665638,                                             533677, 3.6747653484344482, 109.86421966552734
3895, -141.78553465008736, 1, 19.98108504300035, 357, 2665995,                                             534034, 3.7094616889953613, 109.62580108642578
3896, -307.49587604403496, 1, 40.91551823900227, 736, 2666731,                                             534770, 3.695510149002075, 109.67242431640625
3897, -402.7926983833313, 3, 15.703209819999756, 280, 2667011,                                             535050, 3.691771984100342, 109.83303833007812
3898, 12.482194170355797, 1, 12.728754320000007, 224, 2667235,                                             535274, 3.863760471343994, 109.7928466796875
3899, -23.517355665564537, 1, 18.104293290998612, 322, 2667557,                                             535596, 3.793935775756836, 109.86888885498047
3900, -102.92652018368244, 1, 24.09832150999864, 429, 2667986,                                             536025, 3.650933027267456, 109.54901123046875
3901, -145.67914098501205, 1, 26.32999583900164, 474, 2668460,                                             536499, 3.696542978286743, 109.32928466796875
3902, -96.88092777132988, 1, 26.313019077002537, 463, 2668923,                                             536962, 3.6666100025177, 109.48381805419922
3903, -297.42078417539597, 1, 19.150134360002994, 344, 2669267,                                             537306, 3.678611993789673, 109.51206970214844
3904, -158.10529673099518, 1, 28.1244540819971, 507, 2669774,                                             537813, 3.7642805576324463, 109.38036346435547
3905, -72.66864255070686, 1, 17.479473986000812, 309, 2670083,                                             538122, 3.6840097904205322, 109.60791778564453
3906, -145.4820113480091, 1, 20.585802232999413, 373, 2670456,                                             538495, 3.6756811141967773, 109.49424743652344
3907, -302.30499724298716, 1, 35.701004646998626, 640, 2671096,                                             539135, 3.7080254554748535, 109.50865173339844
3908, -107.68505682051182, 1, 26.16806740500033, 470, 2671566,                                             539605, 3.6362555027008057, 109.29667663574219
3909, -518.0627297908068, 4, 49.31193354699644, 882, 2672448,                                             540487, 3.7229108810424805, 109.38227844238281
3910, -182.05248302221298, 1, 26.54529491499852, 476, 2672924,                                             540963, 3.6814281940460205, 109.29496765136719
3911, -51.76497346162796, 1, 10.342247484000836, 183, 2673107,                                             541146, 3.79656720161438, 108.82797241210938
3912, -569.9366755634546, 4, 49.52722394000011, 893, 2674000,                                             542039, 3.7340164184570312, 109.30427551269531
3913, -212.83808505535126, 1, 35.336832857003174, 628, 2674628,                                             542667, 3.698031425476074, 109.26268005371094
3914, -215.14613065123558, 1, 34.9663136320014, 629, 2675257,                                             543296, 3.677238702774048, 109.11583709716797
3915, -85.32507407665253, 1, 20.366013486996962, 363, 2675620,                                             543659, 3.757549285888672, 109.1408920288086
3916, -576.0759168416262, 4, 49.313610179000534, 883, 2676503,                                             544542, 3.7337653636932373, 109.04158782958984
3917, -46.68773940205574, 1, 14.16230498799996, 253, 2676756,                                             544795, 3.755150318145752, 109.25614929199219
3918, -189.7867571413517, 1, 31.91999681499874, 568, 2677324,                                             545363, 3.692213535308838, 108.97183990478516
3919, -25.246804624795914, 1, 16.685202153999853, 292, 2677616,                                             545655, 3.7196388244628906, 108.81925201416016
3920, -117.60396406054497, 1, 26.92515464399912, 486, 2678102,                                             546141, 3.7447609901428223, 108.98504638671875
3921, -669.1442413181067, 4, 50.08399748699958, 890, 2678992,                                             547031, 3.7312090396881104, 108.84521484375
3922, -77.19053639471531, 1, 19.518098756001564, 344, 2679336,                                             547375, 3.6769938468933105, 108.83702850341797
3923, -409.70520463585854, 1, 43.15126136500112, 769, 2680105,                                             548144, 3.701629161834717, 108.74739837646484
3924, -295.39900010824203, 3, 6.680844678998255, 118, 2680223,                                             548262, 3.6526410579681396, 108.7316665649414
3925, -155.65418131649494, 1, 29.513525103000575, 527, 2680750,                                             548789, 3.664910078048706, 108.7297592163086
3926, -115.01445527374744, 1, 20.384025929000927, 366, 2681116,                                             549155, 3.707120418548584, 108.61165618896484
3927, -242.3658707588911, 3, 5.714618937003252, 96, 2681212,                                             549251, 3.765615701675415, 108.78214263916016
3928, -114.69762189686298, 1, 20.485287478997634, 366, 2681578,                                             549617, 3.6911020278930664, 108.57791137695312
3929, -234.51755838096142, 1, 27.91358884500005, 494, 2682072,                                             550111, 3.637769937515259, 108.67911529541016
3930, -397.78253047168255, 2, 28.345874864000507, 499, 2682571,                                             550610, 3.7644622325897217, 108.41399383544922
3931, 6.400549650192261, 1, 13.643766118999338, 238, 2682809,                                             550848, 3.700653314590454, 108.60591125488281
3932, -52.82143159210682, 1, 15.448049310998613, 271, 2683080,                                             551119, 3.614224672317505, 108.44973754882812
3933, -33.06273330748081, 1, 18.35259182700247, 325, 2683405,                                             551444, 3.735666036605835, 108.4344253540039
3934, -46.949382707476616, 1, 18.50710041899947, 331, 2683736,                                             551775, 3.7909631729125977, 108.8526611328125
3935, -428.8068222999573, 3, 27.102739848000056, 481, 2684217,                                             552256, 3.703577995300293, 108.3841552734375
3936, -673.2992558181286, 4, 50.184322406999854, 895, 2685112,                                             553151, 3.7445013523101807, 108.48304748535156
3937, -12.259750112891197, 1, 19.37512389100084, 344, 2685456,                                             553495, 3.612739086151123, 108.50808715820312
3938, -190.02087077498436, 1, 32.89264737100166, 583, 2686039,                                             554078, 3.74029803276062, 108.44831085205078
3939, -43.32856398820877, 1, 18.718524989002617, 330, 2686369,                                             554408, 3.6898677349090576, 108.35917663574219
3940, -149.7731496989727, 1, 23.700281192999682, 413, 2686782,                                             554821, 3.7553300857543945, 108.435791015625
3941, -221.9075473845005, 1, 21.05191218300024, 375, 2687157,                                             555196, 3.775601863861084, 108.24198150634766
3942, -261.90550307929516, 1, 35.2908128650015, 618, 2687775,                                             555814, 3.756479501724243, 108.36393737792969
3943, -90.42971670627594, 1, 23.30945514799896, 401, 2688176,                                             556215, 3.737884998321533, 108.20984649658203
3944, -668.6482396423817, 4, 49.53807902599874, 874, 2689050,                                             557089, 3.636308193206787, 108.05702209472656
3945, 47.08350455760956, 1, 6.546856176999427, 114, 2689164,                                             557203, 3.7847635746002197, 108.19039916992188
3946, -274.4613410830498, 1, 27.073367171000427, 472, 2689636,                                             557675, 3.730459213256836, 107.9406509399414
3947, -432.42959401011467, 4, 50.00562794000143, 885, 2690521,                                             558560, 3.6541357040405273, 108.0712890625
3948, -743.7172810807824, 4, 49.15137025000149, 866, 2691387,                                             559426, 3.7274253368377686, 107.94233703613281
3949, -183.40486459434032, 1, 22.929506943997694, 399, 2691786,                                             559825, 3.6497652530670166, 107.90957641601562
3950, -274.91546277701855, 1, 38.73437429399928, 683, 2692469,                                             560508, 3.7147819995880127, 107.8233871459961
3951, -54.670218497514725, 1, 17.042129040000873, 302, 2692771,                                             560810, 3.7254538536071777, 107.75682830810547
3952, -190.56393641233444, 3, 2.2197974499977136, 34, 2692805,                                             560844, 3.8120951652526855, 107.75106811523438
3953, -234.01708191633224, 1, 31.753996773000836, 562, 2693367,                                             561406, 3.642251968383789, 107.69261932373047
3954, -64.6942332983017, 1, 11.928299166000215, 209, 2693576,                                             561615, 3.699678421020508, 107.7625503540039
3955, -304.4435935616493, 3, 9.356791213998804, 165, 2693741,                                             561780, 3.5892603397369385, 107.57160186767578
3956, -81.56741711497307, 1, 22.02816688600069, 387, 2694128,                                             562167, 3.7631354331970215, 107.75106048583984
3957, -217.2853958234191, 1, 35.152698390000296, 622, 2694750,                                             562789, 3.7537779808044434, 107.57711029052734
3958, -537.3094067722559, 2, 23.90117158400244, 416, 2695166,                                             563205, 3.647794485092163, 107.51252746582031
3959, -526.8438705801964, 4, 50.4328289820005, 890, 2696056,                                             564095, 3.6926586627960205, 107.47444152832031
3960, 38.9350271821022, 1, 6.452449488999264, 106, 2696162,                                             564201, 3.8315463066101074, 107.91304016113281
3961, -273.57069846987724, 1, 29.397592574001465, 516, 2696678,                                             564717, 3.799353837966919, 107.63682556152344
3962, -87.45202308893204, 1, 24.559984535000694, 427, 2697105,                                             565144, 3.738571882247925, 107.46590423583984
3963, -296.0470117777586, 1, 34.120148656998936, 591, 2697696,                                             565735, 3.691946506500244, 107.46890258789062
3964, -281.3622619509697, 1, 47.14307752000241, 828, 2698524,                                             566563, 3.674020290374756, 107.27845764160156
3965, -180.74950832128525, 1, 30.138765203999355, 526, 2699050,                                             567089, 3.709153890609741, 107.4988784790039
3966, -105.35516637563705, 1, 26.704243632000725, 453, 2699503,                                             567542, 3.6480207443237305, 107.34124755859375
3967, -254.59820167720318, 1, 26.956985010998324, 474, 2699977,                                             568016, 3.7027101516723633, 107.24593353271484
3968, -45.123191714286804, 1, 19.348416901000746, 335, 2700312,                                             568351, 3.7341010570526123, 107.16226959228516
3969, -667.2841343730688, 3, 30.717672559003404, 533, 2700845,                                             568884, 3.742675304412842, 107.21363067626953
3970, -217.1918984055519, 1, 33.32752454400179, 579, 2701424,                                             569463, 3.737591505050659, 107.33602142333984
3971, -343.0418096035719, 3, 7.858993884001393, 139, 2701563,                                             569602, 3.6952357292175293, 106.99773406982422
3972, 11.573961183428764, 1, 12.13158053799998, 209, 2701772,                                             569811, 3.6425881385803223, 107.29679107666016
3973, -3.2547691613435745, 1, 13.740129051999247, 239, 2702011,                                             570050, 3.5963215827941895, 107.10031127929688
3974, -337.575873747468, 1, 38.08179146099792, 663, 2702674,                                             570713, 3.712841749191284, 107.08494567871094
3975, -177.05712831020355, 1, 23.356801255999017, 404, 2703078,                                             571117, 3.7170498371124268, 107.09168243408203
3976, -267.27649910748005, 1, 38.09709102099805, 668, 2703746,                                             571785, 3.6509337425231934, 106.94015502929688
3977, -167.95604933798313, 1, 29.372169283000403, 514, 2704260,                                             572299, 3.7415964603424072, 106.93968200683594
3978, -319.2885194718838, 1, 43.31921644900285, 757, 2705017,                                             573056, 3.6868655681610107, 106.8952865600586
3979, -103.58698322623968, 1, 24.100542164000217, 416, 2705433,                                             573472, 3.705688714981079, 106.70378112792969
3980, -116.19625180959702, 1, 26.80174093199821, 462, 2705895,                                             573934, 3.6273605823516846, 106.642578125
3981, -505.8990471661091, 1, 45.2089711410008, 785, 2706680,                                             574719, 3.704064130783081, 106.69824981689453
3982, -619.192480519414, 4, 49.75973573900046, 859, 2707539,                                             575578, 3.654472827911377, 106.64733123779297
3983, -81.14976565539837, 1, 24.56699426799969, 427, 2707966,                                             576005, 3.660367250442505, 106.66558074951172
3984, -449.0190718472004, 1, 48.126510035002866, 832, 2708798,                                             576837, 3.691419839859009, 106.75198364257812
3985, -273.12148267030716, 3, 10.356384048998734, 177, 2708975,                                             577014, 3.7271366119384766, 106.73983764648438
3986, -328.72595612704754, 1, 41.54060858599769, 723, 2709698,                                             577737, 3.664947509765625, 106.85962677001953
3987, -322.73313903063536, 1, 42.32623274099751, 730, 2710428,                                             578467, 3.673333168029785, 106.58279418945312
3988, -120.73313193023205, 1, 27.1257518190032, 472, 2710900,                                             578939, 3.6583638191223145, 106.65300750732422
3989, -517.765113055706, 4, 49.96131572900049, 864, 2711764,                                             579803, 3.6858201026916504, 106.65629577636719
3990, -137.49915938079357, 1, 20.566449137000745, 358, 2712122,                                             580161, 3.7414231300354004, 106.63740539550781
3991, -456.17499198019505, 1, 45.37544854099906, 780, 2712902,                                             580941, 3.6689634323120117, 106.74420166015625
3992, -404.22308222949505, 1, 38.93094759399901, 665, 2713567,                                             581606, 3.6545708179473877, 106.43427276611328
3993, -251.5438223928213, 1, 41.946923559000425, 719, 2714286,                                             582325, 3.733565092086792, 106.52873229980469
3994, -59.15574459731579, 1, 20.70244865800123, 354, 2714640,                                             582679, 3.6634156703948975, 106.55742645263672
3995, -13.256129130721092, 1, 15.566544690998853, 271, 2714911,                                             582950, 3.612741708755493, 106.47100067138672
3996, -183.71251566708088, 1, 23.670263893000083, 407, 2715318,                                             583357, 3.6033079624176025, 106.19163513183594
3997, -166.37767605483532, 1, 37.153304207000474, 646, 2715964,                                             584003, 3.7009363174438477, 106.143310546875
3998, -52.69553032517433, 1, 18.089013059001445, 306, 2716270,                                             584309, 3.718677043914795, 106.21548461914062
3999, -192.40780732035637, 1, 33.96339683200131, 586, 2716856,                                             584895, 3.7053351402282715, 106.28443908691406
4000, -541.5778371691704, 4, 50.34884055499788, 860, 2717716,                                             585755, 3.6384754180908203, 106.43256378173828
4001, 42.30664695799351, 1, 6.875460593997559, 115, 2717831,                                             585870, 3.791224956512451, 106.49491119384766
4002, -493.89903897047043, 4, 49.97024996500113, 853, 2718684,                                             586723, 3.709632158279419, 106.34798431396484
4003, 26.640232026576996, 1, 11.722512942000321, 196, 2718880,                                             586919, 3.6303699016571045, 106.44342041015625
4004, -295.7101217955351, 3, 11.530505930997606, 195, 2719075,                                             587114, 3.5785744190216064, 106.2630615234375
4005, -247.357735440135, 1, 38.92898450099892, 667, 2719742,                                             587781, 3.668112277984619, 106.04737854003906
4006, -495.07652370631695, 4, 49.72638599000129, 845, 2720587,                                             588626, 3.7079973220825195, 106.2081069946289
4007, -100.97211576998234, 1, 24.130768938000983, 412, 2720999,                                             589038, 3.7841269969940186, 106.01145935058594
4008, -349.95914328098297, 1, 41.14545320199977, 702, 2721701,                                             589740, 3.6907739639282227, 106.0893783569336
4009, -245.13900984823704, 3, 7.747083921000012, 129, 2721830,                                             589869, 3.5859243869781494, 105.78656005859375
4010, -210.03151962161064, 1, 24.67608393699993, 421, 2722251,                                             590290, 3.605668783187866, 105.87945556640625
4011, -393.6870722770691, 2, 16.87813225500213, 287, 2722538,                                             590577, 3.65647029876709, 105.73523712158203
4012, -40.316438153386116, 1, 17.539908282997203, 299, 2722837,                                             590876, 3.7075068950653076, 105.80622863769531
4013, -203.96431542932987, 1, 37.73717378500078, 640, 2723477,                                             591516, 3.6670799255371094, 105.68985748291016
4014, -256.56151185929775, 3, 11.077262112001335, 187, 2723664,                                             591703, 3.748858690261841, 105.91493225097656
4015, -55.26398412883282, 1, 20.581563509997068, 347, 2724011,                                             592050, 3.674795627593994, 105.66231536865234
4016, -453.4451691508293, 2, 21.257969247999426, 354, 2724365,                                             592404, 3.7167489528656006, 105.65748596191406
4017, -13.272424057126045, 1, 12.963295265999477, 221, 2724586,                                             592625, 3.681708335876465, 105.836669921875
4018, -633.3308566063643, 4, 49.73220997200042, 850, 2725436,                                             593475, 3.6419122219085693, 105.72179412841797
4019, -40.98484505712986, 1, 18.759189827000228, 319, 2725755,                                             593794, 3.7136070728302, 105.6213150024414
4020, -1021.5733496248722, 3, 46.15963243499937, 773, 2726528,                                             594567, 3.632903575897217, 105.57475280761719
4021, -140.79778245091438, 1, 23.114038055999117, 395, 2726923,                                             594962, 3.5442988872528076, 105.58100891113281
4022, -68.55576580762863, 1, 18.751299243001995, 317, 2727240,                                             595279, 3.63083553314209, 105.56678771972656
4023, -314.9834334850311, 3, 24.509177596999507, 418, 2727658,                                             595697, 3.6423416137695312, 105.52937316894531
4024, -74.47745428979397, 1, 24.492741792000743, 411, 2728069,                                             596108, 3.6552906036376953, 105.5162124633789
4025, -30.59538760781288, 1, 18.92886868200003, 316, 2728385,                                             596424, 3.5972583293914795, 105.37974548339844
4026, -302.0859770178795, 3, 15.529279613001563, 259, 2728644,                                             596683, 3.6502649784088135, 105.5776138305664
4027, -12.592636615037918, 1, 15.50715654799933, 259, 2728903,                                             596942, 3.659254312515259, 105.15095520019531
4028, -643.0270820707083, 4, 50.15706911600137, 849, 2729752,                                             597791, 3.636535882949829, 105.34149169921875
4029, -7.395813763141632, 1, 14.712303811997117, 246, 2729998,                                             598037, 3.6933422088623047, 105.2691421508789
4030, -61.12295567244291, 1, 28.168938252998487, 477, 2730475,                                             598514, 3.7174525260925293, 105.2326889038086
4031, -294.1399082541466, 1, 42.571792681999796, 712, 2731187,                                             599226, 3.623234748840332, 105.23316955566406
4032, -81.71260060369968, 1, 25.705892682999547, 426, 2731613,                                             599652, 3.644676446914673, 105.22000885009766
4033, -261.0078682601452, 1, 38.59708964699894, 651, 2732264,                                             600303, 3.671388626098633, 105.18856811523438
4034, -554.5715364217758, 1, 49.749492014998395, 838, 2733102,                                             601141, 3.6041481494903564, 104.9788818359375
4035, -1060.8391972780228, 4, 49.79504097899917, 845, 2733947,                                             601986, 3.625699281692505, 105.09139251708984
4036, -42.770330756902695, 1, 14.083113953001885, 233, 2734180,                                             602219, 3.6031084060668945, 104.78700256347656
4037, -244.07177954912186, 1, 36.55493413000295, 622, 2734802,                                             602841, 3.579713821411133, 105.01719665527344
4038, -348.3153329193592, 1, 29.3145509269998, 492, 2735294,                                             603333, 3.603072166442871, 104.97502136230469
4039, -95.18375015258789, 5, 1.936358917002508, 30, 2735324,                                             603363, 3.3835246562957764, 104.2670669555664
4040, -127.77679248154163, 1, 25.889742809999007, 438, 2735762,                                             603801, 3.555788993835449, 104.66590118408203
4041, -219.16386745870113, 1, 38.99195705099919, 664, 2736426,                                             604465, 3.6179354190826416, 104.8099365234375
4042, -61.493515491485596, 1, 14.961757819997729, 253, 2736679,                                             604718, 3.682152271270752, 104.71600341796875
4043, -221.43931406736374, 3, 6.221235038003215, 98, 2736777,                                             604816, 3.665496826171875, 105.25469207763672
4044, -23.777000308036804, 1, 18.967239184999926, 324, 2737101,                                             605140, 3.571061611175537, 104.47296905517578
4045, -528.2183329463005, 3, 41.785061004000454, 699, 2737800,                                             605839, 3.6907126903533936, 104.6417236328125
4046, -56.42396019399166, 1, 19.698207735000324, 333, 2738133,                                             606172, 3.562535285949707, 104.40446472167969
4047, -499.5899412035942, 4, 49.92399326699888, 845, 2738978,                                             607017, 3.6066439151763916, 104.54033660888672
4048, -90.1749951094389, 1, 25.192291663002834, 422, 2739400,                                             607439, 3.628031015396118, 104.41480255126953
4049, -360.98640924692154, 1, 43.520854251000856, 724, 2740124,                                             608163, 3.629134178161621, 104.38690185546875
4050, -499.900063470006, 2, 14.741356211998209, 244, 2740368,                                             608407, 3.684086799621582, 104.47911071777344
4051, -159.4214028865099, 1, 31.23986980999689, 528, 2740896,                                             608935, 3.6282830238342285, 104.2843246459961
4052, -108.29739416390657, 1, 34.34248787300021, 578, 2741474,                                             609513, 3.546250343322754, 104.26705932617188
4053, -314.9095280021429, 1, 36.50855688000229, 612, 2742086,                                             610125, 3.5968759059906006, 104.06724548339844
4054, -190.9751268029213, 1, 36.76623623300111, 618, 2742704,                                             610743, 3.628000020980835, 104.0623550415039
4055, -466.44440768659115, 3, 22.354977516999497, 368, 2743072,                                             611111, 3.631563186645508, 104.01765441894531
4056, 26.431291043758392, 1, 11.696647971999482, 195, 2743267,                                             611306, 3.5820345878601074, 103.9029312133789
4057, -203.68389576673508, 1, 21.75803770999846, 365, 2743632,                                             611671, 3.697462558746338, 104.27734375
4058, -230.94330936670303, 3, 3.4323486530010996, 54, 2743686,                                             611725, 3.701197862625122, 103.58318328857422
4059, -63.13719092309475, 1, 22.756714958002703, 376, 2744062,                                             612101, 3.596500873565674, 104.11185455322266
4060, -202.40149338543415, 1, 35.528898794997076, 591, 2744653,                                             612692, 3.6188981533050537, 104.13683319091797
4061, -473.9259111881256, 3, 36.15461671199955, 606, 2745259,                                             613298, 3.609245777130127, 103.99556732177734
4062, 14.594395250082016, 1, 14.365599715001736, 230, 2745489,                                             613528, 3.5910942554473877, 103.78759002685547
4063, -373.25035908818245, 1, 29.275961602997995, 486, 2745975,                                             614014, 3.6461846828460693, 103.88578033447266
4064, -255.73656260967255, 1, 37.18070088799868, 623, 2746598,                                             614637, 3.65278959274292, 103.84305572509766
4065, -275.8047377318144, 1, 38.72278891899987, 637, 2747235,                                             615274, 3.719573974609375, 103.76826477050781
4066, -220.00496089458466, 3, 2.0748458960006246, 31, 2747266,                                             615305, 3.5757720470428467, 103.37543487548828
4067, -68.38042467832565, 1, 21.986082549999992, 365, 2747631,                                             615670, 3.626864194869995, 103.58352661132812
4068, -360.69168323278427, 3, 8.830472032997932, 144, 2747775,                                             615814, 3.6055073738098145, 103.77412414550781
4069, -14.896663896739483, 1, 20.95705515100053, 346, 2748121,                                             616160, 3.5634076595306396, 103.62718963623047
4070, -114.7231218367815, 1, 24.5052663030001, 407, 2748528,                                             616567, 3.587151050567627, 103.6031265258789
4071, -36.67930208146572, 1, 26.172870523998427, 425, 2748953,                                             616992, 3.662332534790039, 103.5979232788086
4072, -285.65142926573753, 3, 7.154497917999834, 119, 2749072,                                             617111, 3.647775173187256, 103.41506958007812
4073, -174.69263824820518, 1, 28.470084903001407, 474, 2749546,                                             617585, 3.669811964035034, 103.41954040527344
4074, -411.9346634745598, 4, 49.12612421900121, 813, 2750359,                                             618398, 3.5858218669891357, 103.50267791748047
4075, 23.552517421543598, 1, 14.164551107998705, 231, 2750590,                                             618629, 3.569756507873535, 103.64974212646484
4076, -104.62694647908211, 1, 27.511399093000364, 452, 2751042,                                             619081, 3.577730178833008, 103.462646484375
4077, -217.21995750069618, 1, 38.16316921700127, 629, 2751671,                                             619710, 3.6136605739593506, 103.51168060302734
4078, -165.50224366784096, 1, 38.135277661000146, 622, 2752293,                                             620332, 3.649754047393799, 103.51002502441406
4079, -733.17961640656, 4, 49.95235304800008, 830, 2753123,                                             621162, 3.6326956748962402, 103.21437072753906
4080, -275.8588776215911, 1, 38.159308845999476, 635, 2753758,                                             621797, 3.660768747329712, 103.22344970703125
4081, -218.1245993077755, 1, 44.40061933100151, 732, 2754490,                                             622529, 3.6184489727020264, 103.30628967285156
4082, -800.3407212495804, 3, 31.75849461100006, 524, 2755014,                                             623053, 3.629084587097168, 103.25102233886719
4083, -47.145192712545395, 1, 20.57418323499951, 339, 2755353,                                             623392, 3.668644905090332, 103.30436706542969
4084, -477.93547052145004, 4, 50.32551929900001, 827, 2756180,                                             624219, 3.640676975250244, 103.17840576171875
4085, -128.9449352249503, 1, 26.143926341002953, 426, 2756606,                                             624645, 3.6452863216400146, 103.10147857666016
4086, -459.2101520523429, 1, 26.770635633001802, 439, 2757045,                                             625084, 3.6467573642730713, 103.11219024658203
4087, -112.80578798055649, 1, 27.893353752999246, 463, 2757508,                                             625547, 3.5974175930023193, 103.06150817871094
4088, -238.16975577175617, 1, 37.52231217300141, 617, 2758125,                                             626164, 3.672780752182007, 103.04823303222656
4089, -240.5130434781313, 1, 45.368734063002194, 751, 2758876,                                             626915, 3.6193480491638184, 103.01757049560547
4090, -73.84271003305912, 1, 17.884364108998852, 292, 2759168,                                             627207, 3.605076551437378, 102.88726806640625
4091, -601.2104279845953, 4, 50.34757794599864, 814, 2759982,                                             628021, 3.5697524547576904, 102.97154235839844
4092, -78.75930581986904, 1, 22.15056563699909, 368, 2760350,                                             628389, 3.5746772289276123, 102.84770965576172
4093, -369.61818397045135, 3, 22.29526649899708, 360, 2760710,                                             628749, 3.615086555480957, 102.9847412109375
4094, -14.510023415088654, 1, 19.77513932799775, 318, 2761028,                                             629067, 3.638465404510498, 103.02616119384766
4095, -507.84715750813484, 3, 42.11164837999968, 689, 2761717,                                             629756, 3.586962938308716, 102.89622497558594
4096, -39.19962491095066, 1, 17.37698492799973, 286, 2762003,                                             630042, 3.670703887939453, 102.78277587890625
4097, -244.76967066526413, 1, 39.30763747599849, 637, 2762640,                                             630679, 3.5649969577789307, 102.79680633544922
4098, -246.70902228355408, 3, 2.1348815919991466, 35, 2762675,                                             630714, 3.5243935585021973, 102.79560089111328
4099, -166.81455171108246, 1, 20.914548289001686, 347, 2763022,                                             631061, 3.558544397354126, 102.72232055664062
4100, -156.6456324607134, 1, 39.54459674999816, 648, 2763670,                                             631709, 3.6328184604644775, 102.6530532836914
4101, -419.8976346999407, 1, 38.95466347000183, 639, 2764309,                                             632348, 3.6257894039154053, 102.71522521972656
4102, -11.71220014989376, 1, 14.934461677999934, 244, 2764553,                                             632592, 3.6041204929351807, 102.9431381225586
4103, -131.00884751975536, 1, 29.50990898999953, 483, 2765036,                                             633075, 3.6432008743286133, 102.54048156738281
4104, -85.95844829082489, 1, 16.486462712000503, 261, 2765297,                                             633336, 3.678868293762207, 102.45793914794922
4105, -92.64336583018303, 1, 14.34616104000088, 229, 2765526,                                             633565, 3.583658218383789, 102.30164337158203
4106, -246.27130226790905, 1, 39.75890802600043, 643, 2766169,                                             634208, 3.5676114559173584, 102.4605941772461
4107, -337.8393487930298, 1, 42.68667125999855, 696, 2766865,                                             634904, 3.5434443950653076, 102.47615814208984
4108, -236.268072783947, 3, 2.539631425999687, 41, 2766906,                                             634945, 3.5192925930023193, 102.97970581054688
4109, 1.6799673438072205, 1, 11.558955976997822, 189, 2767095,                                             635134, 3.541956901550293, 102.7429428100586
4110, -112.97187496721745, 1, 24.25074483500066, 389, 2767484,                                             635523, 3.561227798461914, 102.39571380615234
4111, -624.0399721413851, 4, 49.86784641899794, 816, 2768300,                                             636339, 3.625044345855713, 102.45879364013672
4112, -294.71359342336655, 1, 39.962142704000144, 656, 2768956,                                             636995, 3.6165292263031006, 102.27279663085938
4113, -35.29848663508892, 1, 16.742225464000512, 268, 2769224,                                             637263, 3.652388095855713, 102.20535278320312
4114, -53.17593736946583, 1, 19.87734528999863, 326, 2769550,                                             637589, 3.4973297119140625, 102.4140853881836
4115, -81.79161058366299, 1, 26.91951972500101, 442, 2769992,                                             638031, 3.6370155811309814, 102.32735443115234
4116, -263.9244701564312, 1, 41.414204315999086, 668, 2770660,                                             638699, 3.5995655059814453, 102.39234161376953
4117, -24.2811459004879, 1, 14.63700842000253, 224, 2770884,                                             638923, 3.843904495239258, 102.4907455444336
4118, -116.2007705271244, 1, 16.576805707998574, 271, 2771155,                                             639194, 3.600454568862915, 102.37696075439453
4119, -482.91765773296356, 4, 50.30188794900096, 806, 2771961,                                             640000, 3.653270959854126, 102.40804290771484
4120, -156.77355840802193, 1, 35.54666563399951, 574, 2772535,                                             640574, 3.690204620361328, 102.22028350830078
4121, -121.852986484766, 1, 37.32035931700011, 608, 2773143,                                             641182, 3.6481547355651855, 102.11698150634766
4122, -278.05857387185097, 3, 7.548512846999074, 120, 2773263,                                             641302, 3.5728325843811035, 102.11705017089844
4123, -87.24305492639542, 1, 27.10026557400124, 435, 2773698,                                             641737, 3.7108712196350098, 102.26358795166016
4124, -135.64003990590572, 1, 21.512255450998055, 351, 2774049,                                             642088, 3.671729564666748, 102.37454223632812
4125, -216.5702077448368, 1, 37.31967355800225, 599, 2774648,                                             642687, 3.6306846141815186, 102.14625549316406
4126, -451.91922076046467, 4, 49.74936175500261, 801, 2775449,                                             643488, 3.6754558086395264, 102.09365844726562
4127, -94.48134855926037, 1, 23.59357996000108, 385, 2775834,                                             643873, 3.5639493465423584, 102.10093688964844
4128, -245.63984379172325, 1, 48.904981486000906, 794, 2776628,                                             644667, 3.663708209991455, 102.00424194335938
4129, -61.80537047982216, 1, 17.723580469999433, 279, 2776907,                                             644946, 3.565385341644287, 101.9482192993164
4130, -10.022923469543457, 1, 15.931099389999872, 255, 2777162,                                             645201, 3.7365224361419678, 101.82106018066406
4131, -10.344534181058407, 1, 16.281937682997523, 257, 2777419,                                             645458, 3.5658092498779297, 102.00791931152344
4132, -114.58998553454876, 1, 24.967449433999718, 400, 2777819,                                             645858, 3.6322262287139893, 102.05196380615234
4133, -358.22854590415955, 3, 16.482717145998322, 262, 2778081,                                             646120, 3.6670901775360107, 101.9352035522461
4134, 45.69394043087959, 1, 7.145353493000584, 109, 2778190,                                             646229, 3.6320292949676514, 101.95780181884766
4135, -105.07777011394501, 1, 27.678548332998616, 449, 2778639,                                             646678, 3.5901906490325928, 101.82439422607422
4136, -442.3897214233875, 4, 49.3547196699983, 800, 2779439,                                             647478, 3.633793354034424, 101.74566650390625
4137, -137.96693286299706, 1, 25.538486924997414, 410, 2779849,                                             647888, 3.582473039627075, 101.63043212890625
4138, -203.20365512371063, 1, 41.34986435300016, 671, 2780520,                                             648559, 3.629000186920166, 101.71350860595703
4139, -476.07146805524826, 3, 36.74998605899964, 593, 2781113,                                             649152, 3.583467721939087, 101.75397491455078
4140, 18.38810708373785, 1, 11.121731879000436, 178, 2781291,                                             649330, 3.655378818511963, 101.43768310546875
4141, -11.185894072055817, 1, 10.473867777000123, 167, 2781458,                                             649497, 3.62312388420105, 101.47636413574219
4142, -389.33920802176, 1, 33.72548429000017, 539, 2781997,                                             650036, 3.6489157676696777, 101.52865600585938
4143, -157.13299591839314, 1, 28.94701092499963, 468, 2782465,                                             650504, 3.6075494289398193, 101.52902221679688
4144, -593.2296304255724, 4, 49.55838622900046, 783, 2783248,                                             651287, 3.6281354427337646, 101.65856170654297
4145, -63.896627739071846, 1, 23.174196838997887, 372, 2783620,                                             651659, 3.6182374954223633, 101.532958984375
4146, -191.88682402670383, 1, 30.507457334002538, 471, 2784091,                                             652130, 3.625060558319092, 101.34651184082031
4147, -865.2069160267711, 4, 48.899803943000734, 778, 2784869,                                             652908, 3.632622241973877, 101.41002655029297
4148, -154.50437328219414, 1, 23.39935046499886, 373, 2785242,                                             653281, 3.535898208618164, 101.46788787841797
4149, -469.5192920565605, 4, 49.48664139200264, 791, 2786033,                                             654072, 3.598829507827759, 101.2929458618164
4150, -45.10019651055336, 1, 21.516507090997038, 345, 2786378,                                             654417, 3.5952720642089844, 101.42921447753906
4151, -296.15992176532745, 1, 46.75169983199885, 736, 2787114,                                             655153, 3.565589666366577, 101.25886535644531
4152, -508.20858719944954, 3, 36.137620948000404, 574, 2787688,                                             655727, 3.6332314014434814, 101.2834701538086
4153, 23.41656170785427, 1, 12.345806181998341, 194, 2787882,                                             655921, 3.5843515396118164, 101.02598571777344
4154, -366.011141911149, 3, 21.133444725001027, 331, 2788213,                                             656252, 3.791510581970215, 101.06397247314453
4155, -40.81440934538841, 1, 20.306081410999468, 320, 2788533,                                             656572, 3.6406893730163574, 101.2346420288086
4156, -1053.199916869402, 4, 50.365082537999115, 799, 2789332,                                             657371, 3.667471408843994, 101.08385467529297
4157, -254.31774823367596, 1, 37.537610358001984, 596, 2789928,                                             657967, 3.62882924079895, 101.05875396728516
4158, -75.53270730376244, 1, 22.54871553599878, 359, 2790287,                                             658326, 3.5770130157470703, 101.18106079101562
4159, -367.2074844837189, 1, 44.097556296997936, 694, 2790981,                                             659020, 3.584941864013672, 101.06790161132812
4160, -318.2649446129799, 1, 47.367149672998494, 755, 2791736,                                             659775, 3.5651626586914062, 100.87415313720703
4161, -161.17724308371544, 1, 35.06515513599879, 548, 2792284,                                             660323, 3.671477794647217, 100.68964385986328
4162, -243.74897396564484, 1, 38.138477286000125, 598, 2792882,                                             660921, 3.581613302230835, 100.78195190429688
4163, -134.20645515620708, 1, 36.52715921699928, 569, 2793451,                                             661490, 3.615708827972412, 100.67964935302734
4164, -360.5194685459137, 2, 19.98119182099981, 318, 2793769,                                             661808, 3.560920476913452, 100.21814727783203
4165, -406.6396597623825, 1, 40.07355613300024, 629, 2794398,                                             662437, 3.6053049564361572, 100.880859375
4166, -260.9670137912035, 1, 41.77225297699988, 662, 2795060,                                             663099, 3.5435426235198975, 100.52708435058594
4167, -594.6292696744204, 4, 50.34186524799952, 796, 2795856,                                             663895, 3.638258934020996, 100.80873107910156
4168, -129.24508459866047, 1, 24.383946668000135, 388, 2796244,                                             664283, 3.584872245788574, 100.63094329833984
4169, -561.3944847285748, 4, 49.32760841199706, 775, 2797019,                                             665058, 3.621941089630127, 100.62493896484375
4170, -449.99756644666195, 4, 49.6049631470014, 769, 2797788,                                             665827, 3.638160467147827, 100.51800537109375
4171, -81.92236183583736, 1, 27.984955520998483, 440, 2798228,                                             666267, 3.5618441104888916, 100.47966766357422
4172, -133.05795077979565, 1, 35.887271091, 569, 2798797,                                             666836, 3.6339914798736572, 100.29143524169922
4173, -70.8772634267807, 5, 1.9367547250003554, 30, 2798827,                                             666866, 3.555781364440918, 100.32688903808594
4174, -497.1126388460398, 2, 27.11235326500173, 431, 2799258,                                             667297, 3.6089720726013184, 100.31892395019531
4175, -237.41399182379246, 1, 38.75835896699937, 616, 2799874,                                             667913, 3.6298859119415283, 100.2614974975586
4176, -570.2062071710825, 3, 50.17700113400133, 787, 2800661,                                             668700, 3.6604666709899902, 100.30609893798828
4177, -61.98723794519901, 1, 26.15023710600144, 407, 2801068,                                             669107, 3.6210646629333496, 100.26111602783203
4178, -112.96917597949505, 1, 27.112478988001385, 424, 2801492,                                             669531, 3.660301685333252, 100.35822296142578
4179, -112.04312154650688, 1, 28.343646308003372, 446, 2801938,                                             669977, 3.703406810760498, 100.28704071044922
4180, -40.067198514938354, 1, 21.89106996100236, 344, 2802282,                                             670321, 3.558669090270996, 100.1177749633789
4181, -305.6520449221134, 1, 39.30749733199991, 611, 2802893,                                             670932, 3.5412850379943848, 100.15489196777344
4182, -291.2086770236492, 3, 18.150941981999495, 282, 2803175,                                             671214, 3.548121452331543, 100.15522003173828
4183, -63.61701123416424, 1, 21.91972786000042, 349, 2803524,                                             671563, 3.6070969104766846, 100.1279067993164
4184, -85.81465566158295, 1, 21.681287292998604, 337, 2803861,                                             671900, 3.6503913402557373, 99.98385620117188
4185, -12.193293571472168, 1, 14.364226940997469, 227, 2804088,                                             672127, 3.5647895336151123, 99.80205535888672
4186, -228.86247885227203, 3, 2.3060039740012144, 31, 2804119,                                             672158, 3.810858726501465, 100.3952407836914
4187, -39.307200476527214, 1, 17.236869145999663, 266, 2804385,                                             672424, 3.6413700580596924, 100.21664428710938
4188, -84.61148279905319, 1, 25.333346351999353, 396, 2804781,                                             672820, 3.658684253692627, 100.03292846679688
4189, -235.16833399236202, 1, 38.93726157799756, 612, 2805393,                                             673432, 3.5961251258850098, 99.98446655273438
4190, -138.16028276085854, 1, 37.813551407001796, 596, 2805989,                                             674028, 3.601836919784546, 99.68556213378906
4191, -477.8877781778574, 4, 49.56264150900097, 761, 2806750,                                             674789, 3.6364762783050537, 99.95464324951172
4192, -71.65489827096462, 1, 22.90634427400073, 360, 2807110,                                             675149, 3.5636558532714844, 99.73075866699219
4193, -510.43651862442493, 4, 50.16105259300093, 779, 2807889,                                             675928, 3.5672993659973145, 99.63645935058594
4194, -39.77614891529083, 1, 18.483454869001434, 275, 2808164,                                             676203, 3.568368673324585, 99.63729095458984
4195, -341.8476044535637, 1, 44.578876413001126, 691, 2808855,                                             676894, 3.6377172470092773, 99.66329193115234
4196, -497.6588024944067, 3, 35.72987658599959, 560, 2809415,                                             677454, 3.6650683879852295, 99.56974029541016
4197, -467.6025707125664, 4, 49.55779620099929, 773, 2810188,                                             678227, 3.530527353286743, 99.46659088134766
4198, -47.49253338575363, 1, 17.977241060998495, 288, 2810476,                                             678515, 3.6460626125335693, 99.36725616455078
4199, -93.85324957221746, 1, 26.679154831999767, 408, 2810884,                                             678923, 3.499962568283081, 99.4393310546875
4200, -377.0866384804249, 3, 24.755197008998948, 385, 2811269,                                             679308, 3.629533052444458, 99.60721588134766
4201, -352.56937488913536, 1, 34.92100598199977, 531, 2811800,                                             679839, 3.6168200969696045, 99.54550170898438
4202, -433.58677454292774, 3, 31.36883449599918, 486, 2812286,                                             680325, 3.561310291290283, 99.4154052734375
4203, -101.07228903472424, 1, 22.268123521000234, 341, 2812627,                                             680666, 3.6371335983276367, 99.46724700927734
4204, -346.4929079115391, 1, 46.20098087500082, 708, 2813335,                                             681374, 3.5789074897766113, 99.5266342163086
4205, -271.6273498684168, 1, 46.50801134399808, 716, 2814051,                                             682090, 3.560620069503784, 99.34062194824219
4206, -193.79987485706806, 1, 32.33433597199837, 499, 2814550,                                             682589, 3.584895610809326, 99.21221923828125
4207, -87.03117386996746, 1, 20.700385485997685, 312, 2814862,                                             682901, 3.658602476119995, 99.28591918945312
4208, -283.6233015060425, 3, 11.561942585001816, 176, 2815038,                                             683077, 3.6181516647338867, 99.302001953125
4209, -69.49366219341755, 1, 22.69668474699938, 348, 2815386,                                             683425, 3.498939275741577, 99.23951721191406
4210, -56.193417593836784, 1, 17.546666204001667, 268, 2815654,                                             683693, 3.591898202896118, 98.9052734375
4211, -407.71477448940277, 3, 22.13375663699844, 341, 2815995,                                             684034, 3.6133668422698975, 99.14697265625
4212, -57.32556554675102, 1, 25.709687949998624, 391, 2816386,                                             684425, 3.580228805541992, 99.28571319580078
4213, -605.1370317935944, 4, 50.19020657999863, 767, 2817153,                                             685192, 3.619683265686035, 99.1063461303711
4214, -113.87458927929401, 1, 19.112623254000937, 292, 2817445,                                             685484, 3.6953253746032715, 99.29174041748047
4215, -19.426223784685135, 1, 19.491916216997197, 300, 2817745,                                             685784, 3.5458829402923584, 99.11845397949219
4216, -536.5358556061983, 3, 36.136608140001044, 512, 2818257,                                             686296, 3.6187949180603027, 98.98091125488281
4217, 42.31646205484867, 1, 10.155519219999405, 155, 2818412,                                             686451, 3.543978691101074, 98.92744445800781
4218, -57.244535371661186, 1, 19.856035652999708, 300, 2818712,                                             686751, 3.5122249126434326, 98.68415832519531
4219, -32.57736745476723, 1, 19.158666686998913, 295, 2819007,                                             687046, 3.5754401683807373, 99.04778289794922
4220, -161.32046577334404, 1, 34.664480080999056, 532, 2819539,                                             687578, 3.5828042030334473, 99.08073425292969
4221, -335.53947128355503, 1, 33.97961587200189, 523, 2820062,                                             688101, 3.505612850189209, 98.97704315185547
4222, -117.44351717829704, 1, 34.31301999900097, 524, 2820586,                                             688625, 3.60245418548584, 99.15616607666016
4223, -364.934896171093, 1, 47.393942495000374, 723, 2821309,                                             689348, 3.5752124786376953, 99.0040512084961
4224, -496.3286508023739, 4, 50.32378117500048, 769, 2822078,                                             690117, 3.678104877471924, 98.83385467529297
4225, 47.23512390255928, 1, 8.173514660000365, 125, 2822203,                                             690242, 3.5165603160858154, 99.00288391113281
4226, -396.2469152957201, 4, 49.69032768800025, 763, 2822966,                                             691005, 3.601076364517212, 98.82294464111328
4227, -55.663947120308876, 1, 23.992043693000596, 365, 2823331,                                             691370, 3.5308704376220703, 99.00821685791016
4228, -143.98881873488426, 1, 32.299119012997835, 479, 2823810,                                             691849, 3.604640483856201, 99.10064697265625
4229, -416.7064573466778, 4, 49.93143285399856, 767, 2824577,                                             692616, 3.5552470684051514, 98.86235046386719
4230, -4.348187878727913, 1, 19.520523054998193, 299, 2824876,                                             692915, 3.609907388687134, 98.72134399414062
4231, -254.15844225883484, 1, 38.4707535919988, 589, 2825465,                                             693504, 3.569206953048706, 98.74002838134766
4232, -310.7423340976238, 3, 14.772133349000796, 228, 2825693,                                             693732, 3.550769090652466, 98.7705307006836
4233, -222.4288275539875, 1, 36.46838265599945, 553, 2826246,                                             694285, 3.6264872550964355, 98.6654052734375
4234, -81.20300507545471, 1, 26.999378157001047, 411, 2826657,                                             694696, 3.5588860511779785, 98.80287170410156
4235, -232.09925305843353, 3, 2.306318361999729, 30, 2826687,                                             694726, 3.449469804763794, 98.98173522949219
4236, 22.38169403374195, 1, 14.271725089001848, 214, 2826901,                                             694940, 3.5098369121551514, 98.73941040039062
4237, -273.34121999144554, 3, 6.319905065000057, 93, 2826994,                                             695033, 3.6598730087280273, 98.15519714355469
4238, -45.823660507798195, 1, 22.324714300997584, 334, 2827328,                                             695367, 3.5429270267486572, 98.64347839355469
4239, -254.6002966761589, 2, 6.5136521339991305, 98, 2827426,                                             695465, 3.7263126373291016, 98.81332397460938
4240, -468.5212340503931, 4, 49.961633795002854, 756, 2828182,                                             696221, 3.5960183143615723, 98.68801879882812
4241, -143.95938110351562, 1, 25.904637767001987, 395, 2828577,                                             696616, 3.6240549087524414, 98.56814575195312
4242, -177.3842212855816, 1, 26.793429151002783, 414, 2828991,                                             697030, 3.5346310138702393, 98.61568450927734
4243, -493.66195970773697, 3, 35.27621017899946, 528, 2829519,                                             697558, 3.5821430683135986, 98.59148406982422
4244, -45.95589064061642, 1, 15.967639057998895, 245, 2829764,                                             697803, 3.532464027404785, 98.24232482910156
4245, -11.748586162924767, 1, 18.86047236000013, 279, 2830043,                                             698082, 3.6160504817962646, 98.60726928710938
4246, -149.7073850631714, 1, 24.394474631000776, 378, 2830421,                                             698460, 3.5596349239349365, 98.4422607421875
4247, -378.30755273997784, 3, 17.249717252001574, 254, 2830675,                                             698714, 3.7094249725341797, 98.42630767822266
4248, -690.3422470241785, 4, 49.151969434999046, 750, 2831425,                                             699464, 3.589369535446167, 98.50237274169922
4249, -46.90243764221668, 1, 23.186018574000627, 355, 2831780,                                             699819, 3.5905308723449707, 98.45818328857422
4250, -195.106609120965, 1, 35.50473269000213, 537, 2832317,                                             700356, 3.5629444122314453, 98.19274139404297
4251, -383.64407227933407, 2, 16.73445064599946, 251, 2832568,                                             700607, 3.4627811908721924, 98.55892944335938
4252, -64.90437859296799, 1, 23.91675447200396, 367, 2832935,                                             700974, 3.600937604904175, 98.34130096435547
4253, -461.40966679155827, 3, 38.74780614500196, 585, 2833520,                                             701559, 3.601520299911499, 98.47684478759766
4254, -423.0101124346256, 1, 42.16365144000156, 646, 2834166,                                             702205, 3.536017894744873, 98.34315490722656
4255, -106.15691338479519, 1, 20.702400313006365, 319, 2834485,                                             702524, 3.6007566452026367, 98.47328186035156
4256, -163.35135985910892, 1, 36.55978320999566, 559, 2835044,                                             703083, 3.6147239208221436, 98.44186401367188
4257, -152.3813899308443, 1, 34.716515714004345, 522, 2835566,                                             703605, 3.4862477779388428, 98.28997802734375
4258, -110.79375420510769, 1, 29.34214981200057, 446, 2836012,                                             704051, 3.6236484050750732, 98.2379150390625
4259, -67.87662908434868, 1, 28.11702240500017, 419, 2836431,                                             704470, 3.702350378036499, 98.2958984375
4260, -403.326197296381, 3, 19.531926012998156, 295, 2836726,                                             704765, 3.5981974601745605, 97.97843170166016
4261, -20.723440036177635, 1, 19.797987616999308, 299, 2837025,                                             705064, 3.582122802734375, 98.17645263671875
4262, -215.96567758917809, 1, 42.87219179300155, 655, 2837680,                                             705719, 3.604231595993042, 98.334228515625
4263, -288.14317870140076, 3, 9.934295895000105, 146, 2837826,                                             705865, 3.604809522628784, 98.27145385742188
4264, -66.47213986515999, 1, 23.695914770003583, 362, 2838188,                                             706227, 3.5033884048461914, 98.2109146118164
4265, -313.3234159052372, 1, 49.566037199001585, 749, 2838937,                                             706976, 3.5641567707061768, 98.26506042480469
4266, -344.43356823921204, 3, 19.509350697997434, 296, 2839233,                                             707272, 3.5699586868286133, 98.05474090576172
4267, -119.69657412171364, 1, 20.303317093996156, 308, 2839541,                                             707580, 3.590973377227783, 98.07945251464844
4268, -528.3222893178463, 2, 21.38735778699629, 325, 2839866,                                             707905, 3.6535251140594482, 98.25625610351562
4269, 26.70412940531969, 1, 12.860910592993605, 193, 2840059,                                             708098, 3.506007432937622, 98.32940673828125
4270, -403.407496586442, 3, 22.75659311200434, 334, 2840393,                                             708432, 3.6017842292785645, 98.19522857666016
4271, -128.4748289436102, 1, 34.85210360900237, 527, 2840920,                                             708959, 3.6172358989715576, 98.25554656982422
4272, -477.4133270829916, 3, 38.13188838199858, 571, 2841491,                                             709530, 3.6156909465789795, 98.12515258789062
4273, -429.4948758780956, 4, 50.191986159996304, 751, 2842242,                                             710281, 3.6491637229919434, 98.06178283691406
4274, 36.278410248458385, 1, 12.331824946995766, 174, 2842416,                                             710455, 3.504056692123413, 98.24883270263672
4275, -99.09510588645935, 1, 29.813844808995782, 405, 2842821,                                             710860, 3.649333953857422, 97.87493133544922
4276, -353.038272485137, 3, 26.747256605995062, 371, 2843192,                                             711231, 3.681687116622925, 97.93351745605469
4277, -117.58610433340073, 1, 20.190631168996333, 281, 2843473,                                             711512, 3.624356508255005, 97.99526977539062
4278, -139.10757605731487, 1, 41.464317926998774, 587, 2844060,                                             712099, 3.6134958267211914, 97.8167724609375
4279, -395.1036010235548, 1, 41.63994506400195, 598, 2844658,                                             712697, 3.5742027759552, 97.72517395019531
4280, -296.3245466798544, 1, 49.42279215899907, 692, 2845350,                                             713389, 3.565551519393921, 97.774169921875
4281, -152.44873318076134, 1, 36.004495189998124, 520, 2845870,                                             713909, 3.549222469329834, 97.82310485839844
4282, -337.2578303217888, 3, 9.72297809900192, 143, 2846013,                                             714052, 3.5439414978027344, 97.66983032226562
4283, -38.59806989133358, 1, 20.889491622001515, 302, 2846315,                                             714354, 3.6940360069274902, 97.69298553466797
4284, -460.90716192126274, 4, 50.76512481299869, 750, 2847065,                                             715104, 3.5554420948028564, 97.73231506347656
4285, -49.710913479328156, 1, 23.953731057998084, 354, 2847419,                                             715458, 3.710031509399414, 97.47553253173828
4286, -114.39391356706619, 1, 23.697684614002355, 346, 2847765,                                             715804, 3.6137378215789795, 98.0052261352539
4287, -392.20683738589287, 3, 27.941094184003305, 410, 2848175,                                             716214, 3.5413122177124023, 97.61497497558594
4288, -37.673447132110596, 1, 21.550357657004497, 317, 2848492,                                             716531, 3.6514878273010254, 97.63992309570312
4289, -7.1384159326553345, 1, 13.653351574997941, 192, 2848684,                                             716723, 3.7029526233673096, 97.8110580444336
4290, -650.7181918919086, 4, 50.22084509600245, 732, 2849416,                                             717455, 3.6701412200927734, 97.4620132446289
4291, -28.902707040309906, 1, 20.487210948995198, 288, 2849704,                                             717743, 3.5637805461883545, 97.51270294189453
4292, -384.3367818593979, 4, 49.51500623999891, 721, 2850425,                                             718464, 3.5676651000976562, 97.41757202148438
4293, -138.20474798977375, 1, 35.54715620099887, 525, 2850950,                                             718989, 3.628607988357544, 97.38584899902344
4294, -126.8121568262577, 1, 39.76342915400164, 554, 2851504,                                             719543, 3.588533878326416, 97.44158935546875
4295, -251.08553358912468, 3, 9.727008875997853, 142, 2851646,                                             719685, 3.616645574569702, 97.53813171386719
4296, 5.98731492459774, 1, 18.095259544999863, 267, 2851913,                                             719952, 3.553779125213623, 97.49958038330078
4297, -530.384543210268, 3, 43.358686701001716, 638, 2852551,                                             720590, 3.6269733905792236, 97.39962768554688
4298, -0.5986988097429276, 1, 14.122445941000478, 205, 2852756,                                             720795, 3.6262760162353516, 97.26746368408203
4299, -536.7420451045036, 4, 50.55204169699573, 743, 2853499,                                             721538, 3.56378436088562, 97.39354705810547
4300, 53.77971723675728, 1, 6.141558976996748, 87, 2853586,                                             721625, 3.4972102642059326, 97.18965148925781
4301, -377.21332736313343, 4, 49.714718217001064, 716, 2854302,                                             722341, 3.602102041244507, 97.2879409790039
4302, 55.207807675004005, 1, 7.929023113996664, 114, 2854416,                                             722455, 3.520918369293213, 96.66105651855469
4303, -61.68140518665314, 1, 25.36876188900351, 367, 2854783,                                             722822, 3.638901948928833, 97.23047637939453
4304, -456.21706503629684, 4, 49.51956659300049, 723, 2855506,                                             723545, 3.6481993198394775, 97.28447723388672
4305, -87.42491155862808, 1, 29.301177793000534, 421, 2855927,                                             723966, 3.523991107940674, 97.19851684570312
4306, -265.54714345932007, 3, 9.753834657996777, 142, 2856069,                                             724108, 3.4752392768859863, 96.998291015625
4307, 58.37058827280998, 1, 7.115308921995165, 100, 2856169,                                             724208, 3.5912117958068848, 97.1347885131836
4308, -345.4166037887335, 3, 15.864851415004523, 231, 2856400,                                             724439, 3.6826462745666504, 97.53826141357422
4309, -54.05273035168648, 1, 22.301401345001068, 323, 2856723,                                             724762, 3.585146188735962, 97.16385650634766
4310, -465.67466029524803, 3, 41.980588359998364, 613, 2857336,                                             725375, 3.629009485244751, 97.24556732177734
4311, 36.34469513595104, 1, 13.13635123399581, 189, 2857525,                                             725564, 3.567871332168579, 96.99620056152344
4312, 1.9750585481524467, 1, 15.483170081002754, 226, 2857751,                                             725790, 3.519357442855835, 97.07366943359375
4313, -410.4291160851717, 4, 49.97960578800121, 724, 2858475,                                             726514, 3.5330183506011963, 97.10786437988281
4314, -26.61441433429718, 1, 18.373963464000553, 268, 2858743,                                             726782, 3.5726282596588135, 97.08058166503906
4315, -190.47724996507168, 1, 36.27967655999964, 530, 2859273,                                             727312, 3.6045470237731934, 97.16686248779297
4316, -525.244284376502, 3, 40.35490577000019, 592, 2859865,                                             727904, 3.589715003967285, 96.95134735107422
4317, 35.975329391658306, 1, 13.127928260997578, 189, 2860054,                                             728093, 3.6994540691375732, 96.84424591064453
4318, -345.90142937004566, 2, 24.88546683500317, 360, 2860414,                                             728453, 3.6270015239715576, 97.15154266357422
4319, -72.63488885760307, 1, 30.53499599600036, 443, 2860857,                                             728896, 3.5514700412750244, 96.71739196777344
4320, -475.936635106802, 4, 49.587300162995234, 720, 2861577,                                             729616, 3.5454139709472656, 96.87773132324219
4321, -9.896563023328781, 1, 18.90283599099348, 275, 2861852,                                             729891, 3.5732288360595703, 96.99429321289062
4322, -106.25085917115211, 1, 28.51606404499762, 414, 2862266,                                             730305, 3.5752322673797607, 96.81328582763672
4323, -70.18413630127907, 1, 24.10642398300115, 341, 2862607,                                             730646, 3.5227787494659424, 96.91214752197266
4324, -264.6388883590698, 3, 7.317858978000004, 104, 2862711,                                             730750, 3.6031365394592285, 96.82465362548828
4325, -34.26571223139763, 1, 20.10165753599722, 298, 2863009,                                             731048, 3.5659937858581543, 96.62418365478516
4326, -129.58875818550587, 1, 35.52383760899829, 510, 2863519,                                             731558, 3.6038870811462402, 96.7152099609375
4327, -139.674822807312, 1, 38.76865992599778, 562, 2864081,                                             732120, 3.527700901031494, 96.78301239013672
4328, -60.10279223322868, 1, 22.290749484003754, 322, 2864403,                                             732442, 3.5907607078552246, 96.62064361572266
4329, -115.28588727116585, 1, 36.97350465699856, 544, 2864947,                                             732986, 3.607182025909424, 96.61054992675781
4330, -231.0136053711176, 1, 42.74844277899683, 635, 2865582,                                             733621, 3.5640690326690674, 96.71775817871094
4331, -58.11158333718777, 1, 20.96699181200529, 302, 2865884,                                             733923, 3.575063467025757, 96.66957092285156
4332, -327.42194375395775, 3, 25.162076068001625, 360, 2866244,                                             734283, 3.5199735164642334, 96.50393676757812
4333, 15.23230130970478, 1, 14.969425966002746, 195, 2866439,                                             734478, 3.5921170711517334, 96.56977081298828
4334, -545.9137259572744, 3, 49.6576059289946, 695, 2867134,                                             735173, 3.6309330463409424, 96.55328369140625
4335, -10.1703150421381, 1, 18.57683689199621, 254, 2867388,                                             735427, 3.5682692527770996, 96.56629180908203
4336, -181.09185744822025, 1, 32.79057344300236, 474, 2867862,                                             735901, 3.6856677532196045, 96.58946990966797
4337, -469.3954664468765, 3, 38.12845507200109, 537, 2868399,                                             736438, 3.674041509628296, 96.49723815917969
4338, -6.504396066069603, 1, 18.051293710006576, 252, 2868651,                                             736690, 3.538588285446167, 96.64962768554688
4339, -82.68785806000233, 1, 25.951677814002323, 370, 2869021,                                             737060, 3.750884771347046, 96.372802734375
4340, -508.7217562943697, 4, 50.37297305699758, 722, 2869743,                                             737782, 3.6017119884490967, 96.53053283691406
4341, -231.70440559089184, 1, 40.6163472709959, 580, 2870323,                                             738362, 3.635324716567993, 96.4879150390625
4342, -383.34473429620266, 4, 49.776835526994546, 705, 2871028,                                             739067, 3.6435799598693848, 96.55799102783203
4343, -18.700892224907875, 1, 20.501671919999353, 294, 2871322,                                             739361, 3.5710959434509277, 96.64981842041016
4344, -192.2932082861662, 1, 40.13043272300274, 570, 2871892,                                             739931, 3.5587515830993652, 96.69108581542969
4345, -81.02724874019623, 5, 2.1416511179995723, 30, 2871922,                                             739961, 3.87351655960083, 96.61324310302734
4346, -119.06212025880814, 1, 21.448580103002314, 303, 2872225,                                             740264, 3.6227333545684814, 96.52317810058594
4347, -38.73017139732838, 1, 18.30636185000185, 261, 2872486,                                             740525, 3.5798304080963135, 96.44281768798828
4348, -173.14281138777733, 1, 34.13628725200397, 492, 2872978,                                             741017, 3.647026538848877, 96.36061096191406
4349, -261.07612922787666, 3, 10.96499294899695, 153, 2873131,                                             741170, 3.618323564529419, 96.47261047363281
4350, 40.4851409047842, 1, 12.89631685299537, 183, 2873314,                                             741353, 3.630528450012207, 96.64836120605469
4351, 6.769822970032692, 1, 13.74328963800508, 192, 2873506,                                             741545, 3.756112813949585, 96.17282104492188
4352, -9.905686348676682, 1, 19.470057065002038, 277, 2873783,                                             741822, 3.644702196121216, 96.16667175292969
4353, -15.055625975131989, 1, 17.545478628999263, 254, 2874037,                                             742076, 3.6369526386260986, 96.24311828613281
4354, -296.2828069925308, 2, 19.893775160002406, 285, 2874322,                                             742361, 3.623002767562866, 96.46371459960938
4355, 57.57019041478634, 1, 8.319339815003332, 118, 2874440,                                             742479, 3.5533227920532227, 96.26920318603516
4356, -11.620296016335487, 1, 16.47442523799691, 233, 2874673,                                             742712, 3.634884834289551, 96.32316589355469
4357, -181.87480294704437, 1, 26.711089481003, 382, 2875055,                                             743094, 3.6979730129241943, 96.22187042236328
4358, -81.5866061002016, 1, 25.1926289020048, 355, 2875410,                                             743449, 3.6071250438690186, 96.21512603759766
4359, -248.23429590463638, 1, 42.49123995199625, 604, 2876014,                                             744053, 3.5998523235321045, 96.23916625976562
4360, -215.57741297781467, 1, 34.97626139800559, 495, 2876509,                                             744548, 3.596290349960327, 95.95564270019531
4361, -516.8480736464262, 4, 50.26765104500373, 715, 2877224,                                             745263, 3.6326181888580322, 96.02092742919922
4362, -87.78101985156536, 1, 25.378442296001595, 366, 2877590,                                             745629, 3.6343648433685303, 96.17559814453125
4363, -40.156190276145935, 1, 13.851549509003235, 194, 2877784,                                             745823, 3.517751693725586, 95.75109100341797
4364, -258.5218060463667, 1, 31.953719934004766, 464, 2878248,                                             746287, 3.6437184810638428, 95.8473892211914
4365, -217.03862476348877, 3, 2.3052495770025416, 30, 2878278,                                             746317, 3.5198628902435303, 96.0035171508789
4366, -95.95116426050663, 1, 27.54091939800128, 402, 2878680,                                             746719, 3.569380044937134, 96.23558044433594
4367, -178.25978741049767, 1, 32.11379100799968, 464, 2879144,                                             747183, 3.584798812866211, 95.86447143554688
4368, -76.30969578027725, 5, 2.333470536999812, 30, 2879174,                                             747213, 3.6267192363739014, 96.21070098876953
4369, 32.90417144447565, 1, 14.17145373600215, 209, 2879383,                                             747422, 3.6782209873199463, 95.94290161132812
4370, -128.59781336784363, 1, 27.664392379003402, 394, 2879777,                                             747816, 3.5320799350738525, 95.9256362915039
4371, -447.65499840676785, 4, 49.07967954999913, 696, 2880473,                                             748512, 3.617171049118042, 95.96391296386719
4372, -100.43478892743587, 1, 33.72009975100082, 487, 2880960,                                             748999, 3.5995657444000244, 95.82199096679688
4373, -181.7278460264206, 1, 42.607935289001034, 610, 2881570,                                             749609, 3.564603567123413, 95.78144836425781
4374, -119.73974886536598, 1, 37.92404761399666, 551, 2882121,                                             750160, 3.5974130630493164, 95.73883056640625
4375, -85.90901087224483, 1, 32.762882832001196, 470, 2882591,                                             750630, 3.5940165519714355, 95.68418884277344
4376, -235.63692100346088, 3, 8.069298294998589, 109, 2882700,                                             750739, 3.5128843784332275, 95.4744873046875
4377, -260.9349638968706, 1, 39.753411177996895, 587, 2883287,                                             751326, 3.641618251800537, 95.7579116821289
4378, -241.70013286173344, 1, 46.757554447001894, 673, 2883960,                                             751999, 3.656953811645508, 95.6497573852539
4379, -178.9608987569809, 1, 37.356207254000765, 536, 2884496,                                             752535, 3.65734601020813, 95.6061019897461
4380, -188.64241296052933, 1, 43.92050477099838, 633, 2885129,                                             753168, 3.602283239364624, 95.6777114868164
4381, -182.826437830925, 1, 26.279635986000358, 379, 2885508,                                             753547, 3.5908992290496826, 95.37238311767578
4382, -23.472611278295517, 1, 19.780045539999264, 269, 2885777,                                             753816, 3.4600398540496826, 95.62764739990234
4383, 24.256923586130142, 1, 10.257113024003047, 139, 2885916,                                             753955, 3.4703621864318848, 95.88710021972656
4384, -17.47682636976242, 1, 26.117734513994947, 361, 2886277,                                             754316, 3.6057372093200684, 95.56377410888672
4385, -126.00387623906136, 1, 30.54901278000034, 418, 2886695,                                             754734, 3.5195674896240234, 95.26459503173828
4386, -216.5388251543045, 3, 4.901525432003837, 57, 2886752,                                             754791, 3.6845450401306152, 95.47284698486328
4387, 52.88629549741745, 1, 11.167863447000855, 133, 2886885,                                             754924, 3.578216314315796, 95.88851165771484
4388, -16.423124998807907, 1, 26.065272162995825, 342, 2887227,                                             755266, 3.644914150238037, 95.3770751953125
4389, -369.8716753125191, 4, 49.369213193996984, 698, 2887925,                                             755964, 3.523164987564087, 95.50894165039062
4390, 46.69778996706009, 1, 11.274327021004865, 157, 2888082,                                             756121, 3.4748849868774414, 95.64531707763672
4391, -22.831868201494217, 1, 26.532423579999886, 378, 2888460,                                             756499, 3.681325674057007, 95.29723358154297
4392, -399.0705005377531, 4, 50.35925099799351, 719, 2889179,                                             757218, 3.5638325214385986, 95.35440063476562
4393, -209.6537307202816, 1, 35.55217254500167, 508, 2889687,                                             757726, 3.5600028038024902, 95.28202056884766
4394, -392.9858333468437, 4, 50.14103090699791, 721, 2890408,                                             758447, 3.6029276847839355, 95.21283721923828
4395, -36.42078258097172, 1, 21.092102128997794, 299, 2890707,                                             758746, 3.6095829010009766, 95.16111755371094
4396, -41.61686450242996, 1, 11.756231043000298, 171, 2890878,                                             758917, 3.432403802871704, 94.82489013671875
4397, -95.27991804480553, 1, 25.87661359100457, 374, 2891252,                                             759291, 3.494966983795166, 95.04769897460938
4398, -28.795384019613266, 1, 22.53647936299967, 326, 2891578,                                             759617, 3.602262258529663, 95.12413024902344
4399, -79.7671301215887, 1, 23.15328004299954, 331, 2891909,                                             759948, 3.431047201156616, 95.22565460205078
4400, -119.70991069078445, 1, 21.918638108996674, 311, 2892220,                                             760259, 3.6255404949188232, 94.96422576904297
4401, -126.8540191501379, 1, 31.014958785999625, 445, 2892665,                                             760704, 3.6280524730682373, 94.95333862304688
4402, -194.47935642302036, 1, 39.304250491004495, 561, 2893226,                                             761265, 3.6222469806671143, 95.0037841796875
4403, -37.04074141383171, 1, 19.784639202996914, 287, 2893513,                                             761552, 3.614915370941162, 94.96829223632812
4404, -17.06477417051792, 1, 17.854568891998497, 248, 2893761,                                             761800, 3.5902817249298096, 94.91844177246094
4405, -670.2884269058704, 4, 49.986800024998956, 706, 2894467,                                             762506, 3.5655558109283447, 95.01339721679688
4406, -23.044606044888496, 1, 19.720845010997436, 278, 2894745,                                             762784, 3.532801866531372, 94.85662078857422
4407, -440.31421498954296, 4, 49.73179232000257, 710, 2895455,                                             763494, 3.5044217109680176, 94.89888000488281
4408, 42.812057696282864, 1, 10.757451867997588, 154, 2895609,                                             763648, 3.5824484825134277, 94.66998291015625
4409, 1.6026704013347626, 1, 16.749168947993894, 239, 2895848,                                             763887, 3.618748188018799, 95.0475845336914
4410, -139.2311516702175, 1, 23.883007126998564, 344, 2896192,                                             764231, 3.592277765274048, 94.7934799194336
4411, -174.4041936993599, 1, 35.80525265500182, 504, 2896696,                                             764735, 3.5654053688049316, 94.98676300048828
4412, -410.8545337319374, 4, 49.39988971000275, 691, 2897387,                                             765426, 3.5858819484710693, 94.80121612548828
4413, -17.698720812797546, 1, 18.330331800003478, 258, 2897645,                                             765684, 3.470703125, 94.75556945800781
4414, -239.10784482955933, 1, 23.355582905998745, 331, 2897976,                                             766015, 3.5162651538848877, 94.8337631225586
4415, -96.58488917350769, 1, 21.48395705299481, 305, 2898281,                                             766320, 3.6032896041870117, 95.01277160644531
4416, -442.09305189549923, 4, 49.73141401199973, 705, 2898986,                                             767025, 3.5700793266296387, 94.87712860107422
4417, -27.26591208577156, 1, 20.984706171002472, 301, 2899287,                                             767326, 3.561768054962158, 94.68809509277344
4418, -138.16258051991463, 1, 33.48698579699703, 476, 2899763,                                             767802, 3.562642812728882, 94.79349517822266
4419, -133.78353847563267, 1, 30.339147452999896, 428, 2900191,                                             768230, 3.5902857780456543, 94.86072540283203
4420, -35.161574229598045, 1, 22.291739377003978, 313, 2900504,                                             768543, 3.6020920276641846, 94.68114471435547
4421, -44.418141558766365, 1, 22.02262221700221, 315, 2900819,                                             768858, 3.4548075199127197, 94.66209411621094
4422, -350.32979114353657, 3, 22.55797156799963, 320, 2901139,                                             769178, 3.6192212104797363, 94.6745376586914
4423, -15.286893039941788, 1, 19.51848320600402, 282, 2901421,                                             769460, 3.536165475845337, 94.75943756103516
4424, -501.0973202586174, 3, 41.35825173700141, 583, 2902004,                                             770043, 3.5989975929260254, 94.5358657836914
4425, -5.762395575642586, 1, 17.711965415001032, 246, 2902250,                                             770289, 3.4306929111480713, 94.51934814453125
4426, -305.09313444793224, 1, 45.79071597800066, 653, 2902903,                                             770942, 3.5203144550323486, 94.55142974853516
4427, -512.9933745414019, 4, 49.28051239900378, 705, 2903608,                                             771647, 3.604881763458252, 94.64691925048828
4428, -19.722914278507233, 1, 20.35155432100146, 289, 2903897,                                             771936, 3.638392210006714, 94.82195281982422
4429, -165.19954876601696, 1, 41.545169855002314, 597, 2904494,                                             772533, 3.5190985202789307, 94.53355407714844
4430, -223.74252000451088, 1, 19.355512631998863, 270, 2904764,                                             772803, 3.6062943935394287, 94.57451629638672
4431, -222.73717057704926, 3, 2.3231577780024963, 30, 2904794,                                             772833, 3.636686086654663, 94.25144958496094
4432, -46.177504897117615, 1, 23.35453314299957, 333, 2905127,                                             773166, 3.6018733978271484, 94.44526672363281
4433, -100.96445268392563, 1, 28.10489917799714, 401, 2905528,                                             773567, 3.5064544677734375, 94.48918914794922
4434, -230.17198687791824, 1, 20.710504160997516, 292, 2905820,                                             773859, 3.597827672958374, 94.33379364013672
4435, -773.9524215012789, 3, 49.345940084000176, 698, 2906518,                                             774557, 3.5697386264801025, 94.19712829589844
4436, 43.98713943362236, 1, 11.138552840995544, 158, 2906676,                                             774715, 3.543717384338379, 94.46588897705078
4437, -155.45716509222984, 1, 42.1275599379951, 598, 2907274,                                             775313, 3.6325156688690186, 94.39383697509766
4438, -382.68307511508465, 3, 28.150661563005997, 396, 2907670,                                             775709, 3.6292061805725098, 94.47130584716797
4439, -472.32525803148746, 4, 48.73984122899856, 696, 2908366,                                             776405, 3.595160722732544, 94.1091537475586
4440, -26.047875002026558, 1, 20.582251626998186, 295, 2908661,                                             776700, 3.648308753967285, 94.20556640625
4441, -508.88175542652607, 3, 41.86786929200025, 598, 2909259,                                             777298, 3.6268303394317627, 94.41770935058594
4442, -106.61763586103916, 1, 23.158152409996546, 319, 2909578,                                             777617, 3.6196768283843994, 94.38909149169922
4443, -527.3542503714561, 3, 23.4388380829987, 333, 2909911,                                             777950, 3.679166555404663, 94.35606384277344
4444, -85.23290185630322, 1, 21.11081735499465, 287, 2910198,                                             778237, 3.5680480003356934, 94.30825805664062
4445, -127.61546768248081, 1, 34.73569571000553, 493, 2910691,                                             778730, 3.6395323276519775, 94.25494384765625
4446, -117.05771099030972, 1, 27.3098157179993, 385, 2911076,                                             779115, 3.559352397918701, 94.35273742675781
4447, -509.7738237529993, 4, 49.43162520699843, 678, 2911754,                                             779793, 3.6043009757995605, 94.26577758789062
4448, -25.863811552524567, 1, 20.467112964004627, 284, 2912038,                                             780077, 3.5318057537078857, 94.31385040283203
4449, -119.86796320974827, 1, 36.77088850099972, 527, 2912565,                                             780604, 3.555291175842285, 94.22808837890625
4450, -216.35860832035542, 1, 27.523022305998893, 387, 2912952,                                             780991, 3.565263509750366, 94.2481460571289
4451, -249.6360970288515, 1, 31.57229989899497, 439, 2913391,                                             781430, 3.6058149337768555, 94.079345703125
4452, -52.074267879128456, 1, 19.08004375100427, 264, 2913655,                                             781694, 3.5466225147247314, 94.08336639404297
4453, -24.63585229218006, 1, 18.182733902001928, 257, 2913912,                                             781951, 3.5488293170928955, 93.82095336914062
4454, -68.42506957054138, 5, 2.3092816789940116, 30, 2913942,                                             781981, 3.733504056930542, 93.97317504882812
4455, -18.98100608587265, 1, 20.267778408000595, 286, 2914228,                                             782267, 3.5244648456573486, 94.24287414550781
4456, -192.9061397612095, 1, 40.31233804999647, 570, 2914798,                                             782837, 3.574084997177124, 94.00569915771484
4457, -55.82339803874493, 1, 20.96430369799782, 298, 2915096,                                             783135, 3.554840326309204, 94.03389739990234
4458, -10.356126099824905, 1, 16.84121617499477, 235, 2915331,                                             783370, 3.5974209308624268, 94.08212280273438
4459, -207.42138481140137, 1, 28.197167474005255, 397, 2915728,                                             783767, 3.614292621612549, 93.9368896484375
4460, -426.82672806084156, 4, 49.730659767999896, 709, 2916437,                                             784476, 3.5832602977752686, 94.0108642578125
4461, 38.133011013269424, 1, 13.051127699000062, 187, 2916624,                                             784663, 3.672156572341919, 93.91358184814453
4462, -406.83637580275536, 4, 49.96258963899891, 708, 2917332,                                             785371, 3.569155216217041, 93.87907409667969
4463, -140.0144836306572, 1, 29.322100788005628, 421, 2917753,                                             785792, 3.5613317489624023, 93.75584411621094
4464, -121.64184632897377, 1, 32.30738546400244, 453, 2918206,                                             786245, 3.6485698223114014, 94.07554626464844
4465, -401.51023618876934, 4, 49.40791555800388, 695, 2918901,                                             786940, 3.5660102367401123, 93.90476989746094
4466, -38.47631050646305, 1, 21.382076014997438, 300, 2919201,                                             787240, 3.5937161445617676, 93.75142669677734
4467, -94.59816056489944, 1, 29.880295647999446, 425, 2919626,                                             787665, 3.608459949493408, 93.81954193115234
4468, -72.23537185788155, 1, 25.11331206199975, 355, 2919981,                                             788020, 3.544389009475708, 93.61122131347656
4469, -426.6074989885092, 4, 50.38615803000721, 702, 2920683,                                             788722, 3.567887544631958, 93.77574157714844
4470, 45.829042211174965, 1, 11.388572147996456, 161, 2920844,                                             788883, 3.5735552310943604, 93.56147766113281
4471, 25.0273579955101, 1, 12.436816877998353, 171, 2921015,                                             789054, 3.7084250450134277, 93.759033203125
4472, 23.988495782017708, 1, 12.150900804997946, 162, 2921177,                                             789216, 3.511065721511841, 93.46813201904297
4473, -10.462030082941055, 1, 15.538047312002163, 215, 2921392,                                             789431, 3.653883457183838, 93.66503143310547
4474, -189.16096630692482, 1, 37.14003888300067, 525, 2921917,                                             789956, 3.5497629642486572, 93.6502456665039
4475, -44.79173482954502, 1, 22.922555515993736, 325, 2922242,                                             790281, 3.5682449340820312, 93.57731628417969
4476, -2.387780100107193, 1, 15.071928031000425, 212, 2922454,                                             790493, 3.5647459030151367, 93.47002410888672
4477, -86.23542032390833, 1, 29.718888677001814, 417, 2922871,                                             790910, 3.601613998413086, 93.52930450439453
4478, -119.44469184428453, 1, 28.543508998998732, 406, 2923277,                                             791316, 3.587244749069214, 93.38255310058594
4479, -995.5051689594984, 3, 35.322619942999154, 489, 2923766,                                             791805, 3.474144697189331, 93.25530242919922
4480, -175.23155212402344, 1, 40.99441642400052, 572, 2924338,                                             792377, 3.515627145767212, 93.30133819580078
4481, -228.85418193042278, 1, 44.5712540789973, 624, 2924962,                                             793001, 3.563122034072876, 93.41212463378906
4482, -212.72591249644756, 1, 40.95305213499523, 575, 2925537,                                             793576, 3.5419204235076904, 93.3871841430664
4483, -288.98424653708935, 1, 46.14403624500119, 653, 2926190,                                             794229, 3.5748233795166016, 93.53758239746094
4484, -217.04613780975342, 1, 47.11687025900028, 653, 2926843,                                             794882, 3.5457093715667725, 93.30941009521484
4485, -430.86060759425163, 4, 49.808935366003425, 699, 2927542,                                             795581, 3.5425302982330322, 93.35708618164062
4486, -35.635752171278, 1, 19.87565761800215, 272, 2927814,                                             795853, 3.48844313621521, 93.09833526611328
4487, -82.2944788634777, 1, 29.153804057001253, 408, 2928222,                                             796261, 3.5717265605926514, 93.21186828613281
4488, -88.52464991807938, 1, 28.09900014100276, 387, 2928609,                                             796648, 3.5756070613861084, 93.21240997314453
4489, -7.695114314556122, 1, 18.379606729002262, 259, 2928868,                                             796907, 3.55957293510437, 93.1415023803711
4490, -85.71263666450977, 1, 18.65683315100614, 257, 2929125,                                             797164, 3.522000312805176, 93.199951171875
4491, -178.3267074301839, 1, 43.36828039000102, 608, 2929733,                                             797772, 3.618037462234497, 93.22266387939453
4492, -192.71527004241943, 1, 45.52124021299824, 629, 2930362,                                             798401, 3.564133405685425, 93.09427642822266
4493, -180.5775130689144, 1, 40.80054011500033, 580, 2930942,                                             798981, 3.5263800621032715, 93.20415496826172
4494, -106.11538043618202, 1, 26.50293144799798, 368, 2931310,                                             799349, 3.520315408706665, 92.98185729980469
4495, -72.89947517216206, 1, 29.15230789299676, 366, 2931676,                                             799715, 3.5554168224334717, 93.01838684082031
4496, -117.96811409294605, 1, 30.297662702003436, 413, 2932089,                                             800128, 3.5794529914855957, 93.04948425292969
4497, -102.28789639472961, 1, 40.36426934300107, 564, 2932653,                                             800692, 3.5634782314300537, 92.98524475097656
4498, -366.80429112911224, 3, 22.89585075499781, 304, 2932957,                                             800996, 3.51296067237854, 92.86249542236328
4499, -58.446158334612846, 1, 25.916753863995837, 350, 2933307,                                             801346, 3.631014823913574, 93.06324768066406
4500, -42.635709807276726, 1, 18.378682200003823, 263, 2933570,                                             801609, 3.607844829559326, 92.8154067993164
4501, -105.49345936626196, 1, 30.092211325005337, 426, 2933996,                                             802035, 3.601053476333618, 92.77063751220703
4502, -145.7557229101658, 1, 31.750993925998046, 442, 2934438,                                             802477, 3.5778989791870117, 92.87004852294922
4503, -182.39092230796814, 1, 38.09739414000069, 531, 2934969,                                             803008, 3.5766701698303223, 92.81446075439453
4504, -271.05513763427734, 1, 30.33694961600122, 428, 2935397,                                             803436, 3.533804178237915, 92.80905151367188
4505, -223.76185148954391, 3, 2.5041635949964984, 31, 2935428,                                             803467, 3.482903480529785, 92.4181900024414
4506, 53.24438935518265, 1, 8.527479568001581, 117, 2935545,                                             803584, 3.5427258014678955, 92.9223403930664
4507, -272.71340204775333, 3, 14.735231714999827, 204, 2935749,                                             803788, 3.4620630741119385, 92.72259521484375
4508, -44.68877375125885, 1, 22.291731155004527, 313, 2936062,                                             804101, 3.5580594539642334, 92.69886016845703
4509, -202.91228303313255, 1, 48.30092672799947, 675, 2936737,                                             804776, 3.5317165851593018, 92.7919921875
4510, -101.06226722896099, 1, 24.188339430998894, 335, 2937072,                                             805111, 3.5201900005340576, 92.87847137451172
4511, 4.558728441596031, 1, 12.352030715999717, 167, 2937239,                                             805278, 3.5503835678100586, 93.07030487060547
4512, -197.00021961331367, 3, 2.5441972620028537, 30, 2937269,                                             805308, 3.8680307865142822, 92.61124420166016
4513, 42.67564584314823, 1, 12.159936971002026, 168, 2937437,                                             805476, 3.6800994873046875, 92.73617553710938
4514, -194.6955415904522, 1, 25.028559500002302, 352, 2937789,                                             805828, 3.487022638320923, 92.63616180419922
4515, -237.56058618426323, 1, 40.72908374099643, 562, 2938351,                                             806390, 3.535324811935425, 92.71393585205078
4516, -231.6295776218176, 1, 46.7627927700014, 648, 2938999,                                             807038, 3.628697633743286, 92.75880432128906
4517, -220.92208233475685, 3, 4.716067663001013, 62, 2939061,                                             807100, 3.5011560916900635, 93.22001647949219
4518, -120.22840934991837, 1, 32.913981259996945, 457, 2939518,                                             807557, 3.5169668197631836, 92.74337768554688
4519, -500.64826771616936, 3, 42.75143629500235, 590, 2940108,                                             808147, 3.4765427112579346, 92.72590637207031
4520, -111.5796857625246, 1, 31.948223500003223, 444, 2940552,                                             808591, 3.553675651550293, 92.55393981933594
4521, -363.1800254583359, 4, 50.10317315699649, 694, 2941246,                                             809285, 3.575291395187378, 92.40973663330078
4522, -95.33564122021198, 1, 30.57505228000082, 427, 2941673,                                             809712, 3.53596568107605, 92.56877899169922
4523, -371.97909800708294, 3, 36.52902805899794, 506, 2942179,                                             810218, 3.5774006843566895, 92.31704711914062
4524, 42.0073464512825, 1, 11.526618274998327, 159, 2942338,                                             810377, 3.6738414764404297, 92.35054016113281
4525, -28.438179433345795, 1, 26.766596088004007, 375, 2942713,                                             810752, 3.522402763366699, 92.67022705078125
4526, -419.05028331279755, 1, 46.125758852002036, 646, 2943359,                                             811398, 3.5491490364074707, 92.39469909667969
4527, -468.84425315260887, 4, 49.93421289500111, 687, 2944046,                                             812085, 3.5615313053131104, 92.3348617553711
4528, -2.133313298225403, 1, 18.380815982003696, 251, 2944297,                                             812336, 3.527078151702881, 92.44274139404297
4529, -440.70007506012917, 4, 49.9107774380027, 679, 2944976,                                             813015, 3.575382709503174, 92.41674041748047
4530, -87.16047552227974, 1, 23.387892074002593, 330, 2945306,                                             813345, 3.520325183868408, 92.3799057006836
4531, -298.6117458343506, 1, 45.156020902999444, 624, 2945930,                                             813969, 3.569514036178589, 92.3253402709961
4532, -64.979167945683, 1, 21.72660162599641, 298, 2946228,                                             814267, 3.511829376220703, 92.3952865600586
4533, -35.80140781402588, 1, 18.338938818000315, 256, 2946484,                                             814523, 3.4907004833221436, 92.31004333496094
4534, -76.95841866731644, 1, 26.714770491998934, 369, 2946853,                                             814892, 3.5548462867736816, 92.32775115966797
4535, -77.64748711884022, 1, 28.50554844700673, 390, 2947243,                                             815282, 3.612304925918579, 92.30131530761719
4536, -11.032047003507614, 1, 24.130302633006067, 326, 2947569,                                             815608, 3.6109886169433594, 92.29061126708984
4537, -516.3816831558943, 4, 49.966034910001326, 692, 2948261,                                             816300, 3.50398588180542, 92.2735595703125
4538, 33.860229790210724, 1, 14.871316604003368, 198, 2948459,                                             816498, 3.53403902053833, 92.26596069335938
4539, -24.375179946422577, 1, 18.169310979996226, 253, 2948712,                                             816751, 3.545983076095581, 92.15129089355469
4540, -377.3881353288889, 3, 29.08149559100275, 398, 2949110,                                             817149, 3.5527660846710205, 92.34882354736328
4541, -239.89731800556183, 1, 40.19765776399436, 557, 2949667,                                             817706, 3.6122708320617676, 92.3557357788086
4542, -126.24671213328838, 1, 24.16468124899984, 332, 2949999,                                             818038, 3.6620237827301025, 92.24443817138672
4543, -35.68764664232731, 1, 22.119758394997916, 308, 2950307,                                             818346, 3.7187294960021973, 92.238037109375
4544, 6.837304048240185, 1, 15.059935382996628, 205, 2950512,                                             818551, 3.6445934772491455, 92.34639739990234
4545, -180.8381422907114, 1, 40.36145250200207, 558, 2951070,                                             819109, 3.5888853073120117, 92.16612243652344
4546, -137.9345382153988, 1, 37.75114286700409, 521, 2951591,                                             819630, 3.497556209564209, 92.09600830078125
4547, -322.718244060874, 3, 25.330396584999107, 351, 2951942,                                             819981, 3.55716609954834, 92.35027313232422
4548, -323.96813125908375, 1, 40.74619189099758, 567, 2952509,                                             820548, 3.581742286682129, 92.25717163085938
4549, -379.46898306906223, 4, 49.93563806699967, 683, 2953192,                                             821231, 3.579611301422119, 92.06966400146484
4550, -51.28353729844093, 1, 26.899431145000563, 368, 2953560,                                             821599, 3.5911295413970947, 92.1487808227539
4551, -236.9319664016366, 1, 42.08858949799469, 587, 2954147,                                             822186, 3.5894615650177, 92.14096069335938
4552, -256.70242507755756, 3, 10.12643279400072, 139, 2954286,                                             822325, 3.602945566177368, 91.87721252441406
4553, -20.364347517490387, 1, 18.07736077199661, 250, 2954536,                                             822575, 3.626979351043701, 92.13629150390625
4554, -417.4879425317049, 4, 50.156684929999756, 689, 2955225,                                             823264, 3.612198829650879, 92.11955261230469
4555, 55.80748175084591, 1, 8.290862052002922, 114, 2955339,                                             823378, 3.740614175796509, 91.8863525390625
4556, 6.032808929681778, 1, 19.77579866000451, 265, 2955604,                                             823643, 3.68043851852417, 92.1193618774414
4557, 15.954073429107666, 1, 14.705368838003778, 198, 2955802,                                             823841, 3.6147642135620117, 91.94585418701172
4558, -162.87254031002522, 1, 39.70565157099918, 548, 2956350,                                             824389, 3.5956220626831055, 91.9254150390625
4559, -333.37852247059345, 3, 22.538611611002125, 312, 2956662,                                             824701, 3.617307662963867, 92.27523040771484
4560, -190.63580165803432, 1, 45.38086308399943, 626, 2957288,                                             825327, 3.5755767822265625, 92.1567153930664
4561, -204.93660187721252, 1, 44.70061192999856, 621, 2957909,                                             825948, 3.561767101287842, 91.99723052978516
4562, -127.33539181947708, 1, 26.35657229199569, 363, 2958272,                                             826311, 3.5912864208221436, 91.9822769165039
4563, -235.45013201236725, 3, 4.689911435998511, 60, 2958332,                                             826371, 3.623196840286255, 91.35994720458984
4564, -71.20230880379677, 1, 24.72345126300206, 339, 2958671,                                             826710, 3.618457078933716, 91.99705505371094
4565, -84.05683699250221, 1, 30.75820550500066, 420, 2959091,                                             827130, 3.611565589904785, 92.18020629882812
4566, -46.94285695254803, 1, 18.42806450000353, 249, 2959340,                                             827379, 3.706225872039795, 92.08277893066406
4567, -54.11139573156834, 1, 14.176737235000473, 189, 2959529,                                             827568, 3.616856575012207, 91.98070526123047
4568, -443.6923454105854, 4, 49.597624948000885, 683, 2960212,                                             828251, 3.6545469760894775, 92.08444213867188
4569, -69.56057958304882, 1, 24.34161033300188, 337, 2960549,                                             828588, 3.5814688205718994, 91.96129608154297
4570, -15.51528088748455, 1, 18.345420714002103, 248, 2960797,                                             828836, 3.570901393890381, 91.88882446289062
4571, -317.33838349580765, 3, 25.898452515997633, 357, 2961154,                                             829193, 3.5972561836242676, 92.10897064208984
4572, -14.650359362363815, 1, 20.498407020997547, 281, 2961435,                                             829474, 3.6082913875579834, 91.89702606201172
4573, -72.72747072577477, 1, 25.33117912900343, 343, 2961778,                                             829817, 3.6053435802459717, 91.99515533447266
4574, -86.96883176267147, 1, 31.530185959003575, 427, 2962205,                                             830244, 3.5505764484405518, 92.06756591796875
4575, -30.720807135105133, 1, 13.56768640899827, 184, 2962389,                                             830428, 3.6558165550231934, 91.75529479980469
4576, -69.9448519051075, 1, 14.435380950002582, 192, 2962581,                                             830620, 3.5837886333465576, 91.86920928955078
4577, -53.03854885697365, 1, 27.149873976006347, 374, 2962955,                                             830994, 3.545387029647827, 91.59236907958984
4578, -300.96666644513607, 3, 17.54398978399695, 240, 2963195,                                             831234, 3.641056776046753, 91.82292938232422
4579, -214.132179915905, 1, 36.95792393099691, 507, 2963702,                                             831741, 3.55641770362854, 91.83429718017578
4580, -166.35230223834515, 1, 41.90369577200181, 566, 2964268,                                             832307, 3.6160871982574463, 91.75213623046875
4581, -10.91649766266346, 1, 12.23324794400105, 172, 2964440,                                             832479, 3.7133700847625732, 91.80022430419922
4582, -282.0664200782776, 1, 37.90068479900219, 510, 2964950,                                             832989, 3.5958752632141113, 91.7440185546875
4583, -227.65917044878006, 3, 3.3603516500006663, 45, 2964995,                                             833034, 3.583406686782837, 91.50128173828125
4584, -14.073807939887047, 1, 16.22735094300151, 223, 2965218,                                             833257, 3.5550456047058105, 91.53016662597656
4585, -462.07139356434345, 3, 37.763920181001595, 515, 2965733,                                             833772, 3.588926315307617, 91.86016845703125
4586, -3.545011878013611, 1, 19.90527765799925, 266, 2965999,                                             834038, 3.5161821842193604, 91.57109069824219
4587, -426.3973240405321, 4, 49.76918096600275, 672, 2966671,                                             834710, 3.576063871383667, 91.74725341796875
4588, -146.5881440192461, 1, 31.152550530001463, 422, 2967093,                                             835132, 3.6588456630706787, 91.59588623046875
4589, -129.0040618777275, 1, 32.93474323800183, 434, 2967527,                                             835566, 3.6436398029327393, 91.60840606689453
4590, -242.34439457952976, 1, 28.13214456300193, 380, 2967907,                                             835946, 3.6884052753448486, 91.63056945800781
4591, -12.96704050898552, 1, 13.043764380003267, 172, 2968079,                                             836118, 3.675109624862671, 91.3290023803711
4592, 11.881215319037437, 1, 15.575960875001329, 216, 2968295,                                             836334, 3.5525665283203125, 91.28154754638672
4593, -148.00850361585617, 1, 29.86752285699913, 384, 2968679,                                             836718, 3.5235795974731445, 91.71575164794922
4594, -142.65231215953827, 1, 32.10638657500385, 439, 2969118,                                             837157, 3.5662684440612793, 91.55956268310547
4595, -80.03968797624111, 1, 26.53272504099732, 364, 2969482,                                             837521, 3.534989356994629, 91.5274429321289
4596, -377.9516930282116, 1, 42.55162172499695, 584, 2970066,                                             838105, 3.5673460960388184, 91.50157928466797
4597, -12.189753830432892, 1, 12.33953991800081, 169, 2970235,                                             838274, 3.4345648288726807, 91.46550750732422
4598, -431.18238048255444, 4, 50.115451618003135, 685, 2970920,                                             838959, 3.606288194656372, 91.44271087646484
4599, -26.161000669002533, 1, 21.971759061998455, 301, 2971221,                                             839260, 3.5014140605926514, 91.40476989746094
4600, -19.91850610077381, 1, 19.873592383002688, 268, 2971489,                                             839528, 3.5513906478881836, 91.46563720703125
4601, -79.47018353641033, 1, 24.357901526003843, 337, 2971826,                                             839865, 3.5730342864990234, 91.22456359863281
4602, -339.3209414333105, 1, 45.952729313998134, 615, 2972441,                                             840480, 3.5357778072357178, 91.2424545288086
4603, -487.46435541659594, 3, 49.16086482300307, 674, 2973115,                                             841154, 3.540140151977539, 91.40814971923828
4604, -26.564759775996208, 1, 21.36202654599765, 291, 2973406,                                             841445, 3.548880100250244, 91.50049591064453
4605, -175.3233612626791, 1, 33.28201662000356, 449, 2973855,                                             841894, 3.5481719970703125, 91.33386993408203
4606, 19.153286024928093, 1, 12.103148591995705, 167, 2974022,                                             842061, 3.565321207046509, 91.66527557373047
4607, -270.64566683769226, 1, 47.34742878500401, 647, 2974669,                                             842708, 3.5769200325012207, 91.25933837890625
4608, -11.036015823483467, 1, 19.692042291004327, 267, 2974936,                                             842975, 3.4645564556121826, 91.25546264648438
4609, -97.25586342811584, 1, 35.5759721880022, 484, 2975420,                                             843459, 3.607530117034912, 91.34379577636719
4610, -275.89069178700447, 1, 39.32602570400195, 531, 2975951,                                             843990, 3.605562448501587, 91.4201889038086
4611, -397.32297429442406, 4, 49.87712001199543, 672, 2976623,                                             844662, 3.637183427810669, 91.42938232421875
4612, -188.02416457235813, 1, 35.18211080900073, 473, 2977096,                                             845135, 3.6300292015075684, 91.41878509521484
4613, -227.85882180929184, 2, 5.351367119001225, 72, 2977168,                                             845207, 3.568418264389038, 91.35275268554688
4614, 60.79665423929691, 1, 7.577797256002668, 97, 2977265,                                             845304, 3.668792486190796, 91.504638671875
4615, -103.35084119439125, 1, 31.800590466998983, 429, 2977694,                                             845733, 3.5623674392700195, 91.13066101074219
4616, -369.10085198283195, 2, 21.934376546996646, 297, 2977991,                                             846030, 3.6092238426208496, 91.31671905517578
4617, -37.13158915936947, 1, 22.51155528599338, 303, 2978294,                                             846333, 3.6524786949157715, 91.30840301513672
4618, -197.98650832474232, 1, 34.777000816997315, 464, 2978758,                                             846797, 3.5082218647003174, 91.16959381103516
4619, -496.66046929359436, 4, 49.2923763400031, 667, 2979425,                                             847464, 3.5980544090270996, 91.35969543457031
4620, 5.152878686785698, 1, 14.971660654002335, 197, 2979622,                                             847661, 3.6480798721313477, 91.31790161132812
4621, -295.58442121744156, 3, 13.286749888000486, 166, 2979788,                                             847827, 3.581418037414551, 90.94770050048828
4622, -16.90879586338997, 1, 16.739321679997374, 223, 2980011,                                             848050, 3.5547778606414795, 91.27408599853516
4623, -238.05160397291183, 1, 48.10642848400312, 653, 2980664,                                             848703, 3.617471218109131, 91.29077911376953
4624, -233.54501894116402, 1, 48.17551396100316, 650, 2981314,                                             849353, 3.5545125007629395, 91.255615234375
4625, -208.33085229992867, 1, 43.327000776000204, 584, 2981898,                                             849937, 3.601505756378174, 91.06942749023438
4626, -111.37644167244434, 1, 32.53091736499482, 441, 2982339,                                             850378, 3.60575795173645, 91.10672760009766
4627, -437.648703828454, 3, 31.53647664500022, 425, 2982764,                                             850803, 3.693378448486328, 91.05326080322266
4628, -12.466813534498215, 1, 19.774885109000024, 268, 2983032,                                             851071, 3.5731489658355713, 90.99299621582031
4629, -442.92612417042255, 4, 49.91200109900092, 674, 2983706,                                             851745, 3.62271785736084, 91.22563934326172
4630, 33.74070164561272, 1, 13.161828169002547, 179, 2983885,                                             851924, 3.4862470626831055, 91.00071716308594
4631, 15.460162073373795, 1, 14.867569270005333, 195, 2984080,                                             852119, 3.4747262001037598, 90.8839111328125
4632, -77.4860795289278, 1, 24.66074790299899, 325, 2984405,                                             852444, 3.5163612365722656, 90.82669067382812
4633, -308.0946315526962, 3, 18.778425541000615, 255, 2984660,                                             852699, 3.5484883785247803, 90.76921844482422
4634, 28.01540671288967, 1, 14.884344208003313, 200, 2984860,                                             852899, 3.5529990196228027, 90.94696044921875
4635, -418.5595495402813, 4, 50.164993578000576, 682, 2985542,                                             853581, 3.5856454372406006, 91.03192901611328
4636, -6.4957364201545715, 1, 17.102493646998482, 228, 2985770,                                             853809, 3.6706795692443848, 91.13652801513672
4637, -68.93388709425926, 1, 23.704761992004933, 315, 2986085,                                             854124, 3.58671498298645, 90.83096313476562
4638, -27.063235506415367, 1, 26.388928159998613, 357, 2986442,                                             854481, 3.542452335357666, 90.88617706298828
4639, -161.17824164032936, 1, 39.08806053599983, 521, 2986963,                                             855002, 3.4531023502349854, 90.82083129882812
4640, -107.5084731131792, 1, 29.35670217200095, 391, 2987354,                                             855393, 3.4843125343322754, 90.9645767211914
4641, -118.519511282444, 1, 32.28528804200323, 433, 2987787,                                             855826, 3.5736806392669678, 90.77796936035156
4642, -35.38254030048847, 1, 17.799942245001148, 240, 2988027,                                             856066, 3.542257785797119, 90.97156524658203
4643, -3.6642799973487854, 1, 19.83098563499516, 263, 2988290,                                             856329, 3.528714895248413, 90.5575942993164
4644, -199.6295679360628, 1, 38.578557396998804, 517, 2988807,                                             856846, 3.5864086151123047, 90.51602935791016
4645, -215.6205635368824, 1, 20.876960529996722, 281, 2989088,                                             857127, 3.5256032943725586, 90.85102081298828
4646, -313.33284498751163, 1, 34.55531382100162, 463, 2989551,                                             857590, 3.5934221744537354, 90.69733428955078
4647, -346.95008060336113, 4, 49.76665770699765, 656, 2990207,                                             858246, 3.5741941928863525, 90.69515991210938
4648, -29.40646120905876, 1, 20.310823589999927, 270, 2990477,                                             858516, 3.6652395725250244, 90.76287841796875
4649, -27.045457392930984, 1, 21.891903908996028, 282, 2990759,                                             858798, 3.503422975540161, 90.56706237792969
4650, -243.4346902370453, 3, 9.75715325299825, 130, 2990889,                                             858928, 3.65356707572937, 90.56458282470703
4651, 42.171011328697205, 1, 12.9337738969989, 169, 2991058,                                             859097, 3.584357738494873, 90.86106872558594
4652, -100.12657365202904, 1, 25.565366768001695, 338, 2991396,                                             859435, 3.6261343955993652, 90.54757690429688
4653, -341.5262593328953, 4, 49.71836447100213, 659, 2992055,                                             860094, 3.527107000350952, 90.54833221435547
4654, -45.963129773736, 1, 17.902769393003837, 238, 2992293,                                             860332, 3.5333125591278076, 90.52574157714844
4655, -59.35374750196934, 1, 22.339424294004857, 299, 2992592,                                             860631, 3.5332162380218506, 90.3116683959961
4656, 7.758661299943924, 1, 17.487940570004866, 226, 2992818,                                             860857, 3.608607292175293, 90.38330841064453
4657, -318.4228423386812, 3, 24.30973820699728, 317, 2993135,                                             861174, 3.5887577533721924, 90.37960052490234
4658, -148.14149025082588, 1, 41.74288001199602, 555, 2993690,                                             861729, 3.4751129150390625, 90.54585266113281
4659, -373.4027058035135, 4, 49.59533584900055, 657, 2994347,                                             862386, 3.508856773376465, 90.49821472167969
4660, -19.017572313547134, 1, 20.923062604000734, 281, 2994628,                                             862667, 3.622943162918091, 90.56719970703125
4661, -370.6388421803713, 4, 49.81379839700094, 666, 2995294,                                             863333, 3.5584418773651123, 90.44613647460938
4662, -76.84610593318939, 1, 21.78902056300285, 295, 2995589,                                             863628, 3.6550066471099854, 90.52577209472656
4663, -105.1998271048069, 1, 32.31596249600261, 429, 2996018,                                             864057, 3.542182445526123, 90.57835388183594
4664, -91.68537920713425, 1, 28.94635509300133, 385, 2996403,                                             864442, 3.560025691986084, 90.6091537475586
4665, -775.8637334853411, 4, 50.32629566099786, 676, 2997079,                                             865118, 3.540471076965332, 90.48716735839844
4666, -10.230735123157501, 1, 18.30901034300041, 241, 2997320,                                             865359, 3.640958786010742, 90.57099914550781
4667, -126.28957742452621, 1, 36.53501371300081, 489, 2997809,                                             865848, 3.57181978225708, 90.28673553466797
4668, -354.75535503029823, 3, 18.182953275005275, 242, 2998051,                                             866090, 3.684445381164551, 90.52840423583984
4669, -388.91545832157135, 4, 49.346013427006255, 657, 2998708,                                             866747, 3.568600654602051, 90.35455322265625
4670, 61.92142826318741, 1, 7.693489689998387, 99, 2998807,                                             866846, 3.606799840927124, 90.03933715820312
4671, 22.71390788257122, 1, 12.96814331299538, 171, 2998978,                                             867017, 3.7299273014068604, 90.26139831542969
4672, -232.6770946532488, 3, 6.142529500000819, 73, 2999051,                                             867090, 3.517958641052246, 90.71324157714844
4673, -37.14814829826355, 1, 18.610601886997756, 246, 2999297,                                             867336, 3.7016727924346924, 90.16798400878906
4674, -344.2277887314558, 1, 41.61632011500478, 558, 2999855,                                             867894, 3.5393848419189453, 90.29383850097656
4675, -213.38990990817547, 1, 39.33916204900015, 516, 3000371,                                             868410, 3.6090188026428223, 90.29541015625
4676, -405.7583658397198, 4, 49.76552222000464, 662, 3001033,                                             869072, 3.558600425720215, 90.33592224121094
4677, 38.35943052172661, 1, 12.360147202001826, 165, 3001198,                                             869237, 3.622708797454834, 90.0781478881836
4678, -68.73244619369507, 1, 23.25910332800413, 311, 3001509,                                             869548, 3.585906505584717, 90.42035675048828
4679, -358.0550317466259, 3, 25.945815633000166, 340, 3001849,                                             869888, 3.531633138656616, 90.30563354492188
4680, -129.570108294487, 1, 33.91190274499968, 451, 3002300,                                             870339, 3.5465614795684814, 90.23639678955078
4681, -394.45467456430197, 4, 50.01724838699738, 654, 3002954,                                             870993, 3.600963830947876, 90.3209228515625
4682, -415.62022906541824, 4, 49.77655399800278, 659, 3003613,                                             871652, 3.5609161853790283, 90.2611312866211
4683, -72.87335234880447, 1, 26.800110372001654, 351, 3003964,                                             872003, 3.582984447479248, 90.24353790283203
4684, -25.040909737348557, 1, 21.356440752002527, 270, 3004234,                                             872273, 3.5913844108581543, 90.2393569946289
4685, -69.72550418227911, 1, 28.808276536998164, 363, 3004597,                                             872636, 3.670109510421753, 90.23810577392578
4686, -39.99801291525364, 1, 29.972465853999893, 405, 3005002,                                             873041, 3.602842092514038, 90.21418762207031
4687, -299.10031452775, 3, 9.632426026000758, 119, 3005121,                                             873160, 3.5910980701446533, 89.92521667480469
4688, -65.18289747834206, 1, 19.782129020997672, 265, 3005386,                                             873425, 3.5303266048431396, 90.06575775146484
4689, -4.3014406859874725, 1, 18.291214288998162, 232, 3005618,                                             873657, 3.5770115852355957, 90.26432037353516
4690, -66.38007329404354, 1, 18.343002882997098, 242, 3005860,                                             873899, 3.6361770629882812, 90.21240997314453
4691, -18.72611555457115, 1, 21.079889811000612, 274, 3006134,                                             874173, 3.4752211570739746, 90.29853820800781
4692, -170.69184182584286, 1, 37.73176841499662, 479, 3006613,                                             874652, 3.66755747795105, 90.13888549804688
4693, -121.72245089709759, 1, 41.12957379799627, 497, 3007110,                                             875149, 3.5602970123291016, 90.03748321533203
4694, -78.58840490877628, 1, 27.16548667800089, 326, 3007436,                                             875475, 3.5957956314086914, 89.96326446533203
4695, 27.64104861021042, 1, 12.295371799998975, 146, 3007582,                                             875621, 3.5513179302215576, 90.18038940429688
4696, -142.74107794463634, 1, 42.717572073001065, 517, 3008099,                                             876138, 3.6412272453308105, 90.05186462402344
4697, -10.249114289879799, 1, 23.98860742800025, 258, 3008357,                                             876396, 3.595303535461426, 89.98445892333984
4698, -280.83279329538345, 3, 12.100017008000577, 101, 3008458,                                             876497, 3.7303285598754883, 90.13954162597656
4699, 7.080861955881119, 1, 25.750901595005416, 222, 3008680,                                             876719, 3.5418267250061035, 89.77010345458984
4700, -125.39383202791214, 1, 42.819225305000145, 416, 3009096,                                             877135, 3.454108953475952, 89.99063873291016
4701, -447.906156077981, 4, 50.31656482899416, 844, 3009940,                                             877979, 3.611828088760376, 90.01139831542969
4702, -131.0343783199787, 1, 32.33224778099975, 548, 3010488,                                             878527, 3.586106538772583, 89.92224884033203
4703, -400.5329699218273, 3, 34.92473554400203, 554, 3011042,                                             879081, 3.5462229251861572, 89.90174102783203
4704, -6.970620766282082, 1, 19.352303587998904, 256, 3011298,                                             879337, 3.5884079933166504, 89.92195892333984
4705, -241.90475641191006, 1, 42.75513932899776, 750, 3012048,                                             880087, 3.543736219406128, 89.8583984375
4706, -413.488733202219, 1, 48.93494205999741, 876, 3012924,                                             880963, 3.5722920894622803, 89.86270141601562
4707, -318.957977861166, 1, 38.77883945599751, 713, 3013637,                                             881676, 3.613755226135254, 89.83473205566406
4708, -341.1380573362112, 1, 28.91559595199942, 543, 3014180,                                             882219, 3.53320574760437, 89.87692260742188
4709, -626.2219522744417, 4, 49.164865500002634, 905, 3015085,                                             883124, 3.5532960891723633, 89.73130798339844
4710, 14.023253679275513, 1, 14.338062180999259, 246, 3015331,                                             883370, 3.6750853061676025, 90.09730529785156
4711, -232.8090634047985, 1, 37.64052572899527, 644, 3015975,                                             884014, 3.502976655960083, 89.69092559814453
4712, -195.54116921126842, 1, 29.52517936899676, 517, 3016492,                                             884531, 3.616997480392456, 89.72307586669922
4713, -148.40039566159248, 1, 29.582441500999266, 511, 3017003,                                             885042, 3.5521554946899414, 89.81798553466797
4714, -134.22665213048458, 1, 28.8983597799961, 485, 3017488,                                             885527, 3.556283712387085, 89.78448486328125
4715, -138.16669024527073, 1, 24.912141691005672, 419, 3017907,                                             885946, 3.5121963024139404, 89.51042175292969
4716, -495.38913618028164, 4, 49.966696251998655, 727, 3018634,                                             886673, 3.5673270225524902, 89.72299194335938
4717, -125.78697596490383, 1, 25.779506517996197, 396, 3019030,                                             887069, 3.629232168197632, 89.53421020507812
4718, -167.16786393523216, 1, 39.30206713100051, 614, 3019644,                                             887683, 3.6192715167999268, 89.60693359375
4719, -338.98011170327663, 3, 16.544952849995752, 218, 3019862,                                             887901, 3.583186149597168, 89.53512573242188
4720, -277.10068196058273, 3, 14.044814256005338, 223, 3020085,                                             888124, 3.4829838275909424, 89.32968139648438
4721, 43.61176808178425, 1, 10.580013193000923, 133, 3020218,                                             888257, 3.738522529602051, 89.71126556396484
4722, -127.99044205248356, 1, 44.355938793996756, 607, 3020825,                                             888864, 3.628558397293091, 89.42843627929688
4723, -208.8508634418249, 1, 50.533391785000276, 680, 3021505,                                             889544, 3.5662009716033936, 89.54411315917969
4724, -404.9357222467661, 4, 48.94595765299891, 792, 3022297,                                             890336, 3.5299112796783447, 89.5143814086914
4725, -80.08101372420788, 1, 24.183125221999944, 400, 3022697,                                             890736, 3.59602689743042, 89.54822540283203
4726, -566.5925196409225, 3, 40.49441728599777, 672, 3023369,                                             891408, 3.5725512504577637, 89.52723693847656
4727, -103.46180857717991, 1, 24.565210255001148, 403, 3023772,                                             891811, 3.5025241374969482, 89.65766143798828
4728, -519.1201352477074, 3, 27.719657671004825, 478, 3024250,                                             892289, 3.5825390815734863, 89.4687728881836
4729, -509.31513848900795, 4, 49.56188999299775, 876, 3025126,                                             893165, 3.560896635055542, 89.60035705566406
4730, -70.31787849962711, 1, 22.119803617999423, 394, 3025520,                                             893559, 3.5474050045013428, 89.54663848876953
4731, -173.12125220894814, 1, 26.553755114000523, 460, 3025980,                                             894019, 3.559861421585083, 89.5447006225586
4732, -196.84793615341187, 1, 36.512190752000606, 642, 3026622,                                             894661, 3.6250216960906982, 89.46974182128906
4733, -623.3386896699667, 1, 47.383154135997756, 824, 3027446,                                             895485, 3.6360859870910645, 89.4322280883789
4734, -355.36137410998344, 3, 22.29947894000361, 386, 3027832,                                             895871, 3.6011292934417725, 89.30155181884766
4735, 12.468456327915192, 1, 14.542153520000284, 225, 3028057,                                             896096, 3.6084063053131104, 89.35868072509766
4736, -175.60296167433262, 1, 39.71418947500206, 690, 3028747,                                             896786, 3.5344924926757812, 89.4413833618164
4737, -488.5841613858938, 3, 24.165490974999557, 418, 3029165,                                             897204, 3.5468342304229736, 89.25146484375
4738, 41.13287451863289, 1, 9.704103010997642, 164, 3029329,                                             897368, 3.6698694229125977, 89.07767486572266
4739, -112.0612403601408, 1, 18.545398696005577, 316, 3029645,                                             897684, 3.539933681488037, 89.45381164550781
4740, -303.46226993203163, 1, 38.32846041699668, 657, 3030302,                                             898341, 3.533639430999756, 89.1880874633789
4741, -74.445969119668, 1, 31.841959238001436, 402, 3030704,                                             898743, 3.555351972579956, 89.12339782714844
4742, -156.09064921736717, 1, 19.77283534700109, 255, 3030959,                                             898998, 3.4123430252075195, 89.3747329711914
4743, -422.23905622959137, 4, 49.71542629299802, 717, 3031676,                                             899715, 3.5465221405029297, 89.30418395996094
4744, -114.59462058544159, 1, 26.366795330002788, 405, 3032081,                                             900120, 3.6055190563201904, 89.1243896484375
4745, -451.0190323740244, 4, 50.159201258000394, 765, 3032846,                                             900885, 3.5406439304351807, 89.01486206054688
4746, 39.04889494180679, 1, 9.34768834499846, 147, 3032993,                                             901032, 3.3788139820098877, 89.4853286743164
4747, -292.99316570162773, 3, 12.886981429001025, 197, 3033190,                                             901229, 3.5002753734588623, 89.01957702636719
4748, -47.948370918631554, 1, 24.146128399996087, 373, 3033563,                                             901602, 3.5773749351501465, 89.08930206298828
4749, -78.85650499165058, 1, 20.552961504006817, 321, 3033884,                                             901923, 3.6003713607788086, 88.8505859375
4750, -102.76383420825005, 1, 23.717066079996584, 373, 3034257,                                             902296, 3.5424060821533203, 89.03559875488281
4751, -218.4896166175604, 1, 35.60812061699835, 538, 3034795,                                             902834, 3.591785192489624, 88.9635238647461
4752, -375.5636043846607, 3, 10.673529697000049, 159, 3034954,                                             902993, 3.6077704429626465, 89.01410675048828
4753, -92.22011496126652, 1, 21.75724038699991, 341, 3035295,                                             903334, 3.5216386318206787, 88.94656372070312
4754, -153.8796235024929, 1, 31.927830537999398, 512, 3035807,                                             903846, 3.5703957080841064, 88.94198608398438
4755, -165.91858924925327, 1, 32.76048523600184, 423, 3036230,                                             904269, 3.5988128185272217, 88.95175170898438
4756, -51.8385524302721, 1, 27.120994787997915, 428, 3036658,                                             904697, 3.6057722568511963, 89.00291442871094
4757, -81.35495245456696, 1, 27.34179653799947, 430, 3037088,                                             905127, 3.4483752250671387, 88.79473876953125
4758, -421.09412698447704, 4, 50.14494684300007, 774, 3037862,                                             905901, 3.547758102416992, 88.82444763183594
4759, -153.6551467180252, 1, 23.5844111500046, 373, 3038235,                                             906274, 3.496157646179199, 88.84246063232422
4760, -548.3400605916977, 3, 28.119024514002376, 381, 3038616,                                             906655, 3.541182518005371, 89.00022888183594
4761, 27.22263991832733, 1, 13.004266657000699, 209, 3038825,                                             906864, 3.590597152709961, 88.88911437988281
4762, -21.929139837622643, 1, 19.33819865999976, 249, 3039074,                                             907113, 3.4722297191619873, 88.77326965332031
4763, -30.87759831547737, 1, 27.523248382996826, 311, 3039385,                                             907424, 3.5147206783294678, 88.98399353027344
4764, -61.556159764528275, 1, 34.15090149699972, 362, 3039747,                                             907786, 3.5507285594940186, 88.89468383789062
4765, -55.34698934853077, 1, 23.092177519996767, 252, 3039999,                                             908038, 3.6233723163604736, 88.80081939697266
4766, -412.5843713283539, 4, 49.948563293000916, 598, 3040597,                                             908636, 3.5970821380615234, 88.83728790283203
4767, -24.146352544426918, 1, 23.1817234140035, 266, 3040863,                                             908902, 3.53890061378479, 88.85845947265625
4768, -14.007381297647953, 1, 18.484931579994736, 301, 3041164,                                             909203, 3.5596959590911865, 88.97447967529297
4769, -19.060576289892197, 1, 21.112313521000033, 355, 3041519,                                             909558, 3.576664686203003, 88.71900177001953
4770, -132.79873663187027, 1, 19.349159571997006, 342, 3041861,                                             909900, 3.4979684352874756, 88.7811508178711
4771, -59.042302668094635, 1, 11.990985098993406, 197, 3042058,                                             910097, 3.445380926132202, 88.55835723876953
4772, -123.92691844701767, 1, 31.747827489001793, 533, 3042591,                                             910630, 3.5192792415618896, 88.62423706054688
4773, -392.0963433533907, 3, 26.13013433299784, 440, 3043031,                                             911070, 3.5299322605133057, 88.82161712646484
4774, -73.43796321749687, 1, 24.175024247000692, 427, 3043458,                                             911497, 3.5172393321990967, 88.60169219970703
4775, -169.26361939311028, 1, 33.533107522001956, 586, 3044044,                                             912083, 3.5644803047180176, 88.94154357910156
4776, -128.32459412515163, 1, 20.710978725997848, 366, 3044410,                                             912449, 3.5262749195098877, 88.70475006103516
4777, -716.5721214413643, 4, 49.571555413996975, 785, 3045195,                                             913234, 3.556414842605591, 88.528564453125
4778, -29.406503275036812, 1, 16.13964875000238, 258, 3045453,                                             913492, 3.5061793327331543, 88.73157501220703
4779, -36.63890394568443, 1, 19.49378580499615, 330, 3045783,                                             913822, 3.531238079071045, 88.65007781982422
4780, -229.47472040355206, 1, 44.98263610900176, 786, 3046569,                                             914608, 3.539867401123047, 88.67230987548828
4781, -106.58341835439205, 1, 22.876748513001075, 417, 3046986,                                             915025, 3.5968761444091797, 88.73377227783203
4782, -1568.7465792894363, 4, 50.141703289998986, 916, 3047902,                                             915941, 3.505422353744507, 88.51200103759766
4783, -189.0146789699793, 1, 31.352712826999777, 545, 3048447,                                             916486, 3.552264451980591, 88.53272247314453
4784, -254.76353146135807, 1, 42.972081690997584, 764, 3049211,                                             917250, 3.5077733993530273, 88.49755859375
4785, -189.85915677249432, 1, 37.74540094099939, 612, 3049823,                                             917862, 3.5156233310699463, 88.59483337402344
4786, -600.8356382846832, 2, 40.75970119200065, 728, 3050551,                                             918590, 3.5373973846435547, 88.4095230102539
4787, 44.67078584432602, 1, 7.886844144995848, 137, 3050688,                                             918727, 3.4400267601013184, 88.53133392333984
4788, -360.5794593691826, 1, 33.752112087997375, 570, 3051258,                                             919297, 3.5428431034088135, 88.468994140625
4789, -312.9673733562231, 1, 48.96614303100068, 888, 3052146,                                             920185, 3.562934160232544, 88.56719970703125
4790, -247.3529958575964, 1, 43.36904077100189, 781, 3052927,                                             920966, 3.5327868461608887, 88.41336059570312
4791, -313.01387652754784, 3, 20.998337334996904, 274, 3053201,                                             921240, 3.6612002849578857, 88.46556854248047
4792, 46.701968133449554, 1, 8.473783593995904, 135, 3053336,                                             921375, 3.5486056804656982, 88.22119140625
4793, -235.1027555167675, 1, 33.3536298570034, 598, 3053934,                                             921973, 3.5951502323150635, 88.55635833740234
4794, -304.13974660634995, 1, 37.54264117799903, 680, 3054614,                                             922653, 3.579029083251953, 88.38590240478516
4795, -91.46097879111767, 1, 24.390138337999815, 411, 3055025,                                             923064, 3.589721202850342, 88.32392120361328
4796, 84.79703961312771, 1, 1.7590503100000205, 30, 3055055,                                             923094, 3.5568130016326904, 88.26345825195312
4797, -41.3339509665966, 1, 25.21002755600057, 386, 3055441,                                             923480, 3.6296610832214355, 88.30018615722656
4798, -372.1517663002014, 3, 24.57449199399707, 429, 3055870,                                             923909, 3.554701328277588, 88.3869857788086
4799, 37.990839675068855, 1, 10.877774875996693, 184, 3056054,                                             924093, 3.6012346744537354, 88.37836456298828
4800, -288.7720572948456, 3, 15.335065879997273, 257, 3056311,                                             924350, 3.5815491676330566, 88.41838073730469
4801, -73.96187421679497, 1, 23.90508585399948, 387, 3056698,                                             924737, 3.4747843742370605, 88.2871322631836
4802, -377.8143345415592, 4, 49.55853876999754, 821, 3057519,                                             925558, 3.4824843406677246, 88.36385345458984
4803, -39.148649513721466, 1, 20.370643084999756, 339, 3057858,                                             925897, 3.594852924346924, 88.37309265136719
4804, -625.8195919692516, 3, 30.892287919996306, 512, 3058370,                                             926409, 3.4883065223693848, 88.18650817871094
4805, -44.157143622636795, 1, 21.320927139997366, 363, 3058733,                                             926772, 3.525224208831787, 88.373046875
4806, -108.06624239683151, 1, 24.32390596199548, 431, 3059164,                                             927203, 3.6102325916290283, 88.03015899658203
4807, -216.52847915887833, 1, 27.527405408996856, 473, 3059637,                                             927676, 3.665034770965576, 88.3414306640625
4808, -75.7585484534502, 1, 26.731063306004216, 446, 3060083,                                             928122, 3.528594493865967, 88.03702545166016
4809, -606.6919951140881, 3, 48.405538907994924, 852, 3060935,                                             928974, 3.5020265579223633, 88.07506561279297
4810, -151.19575652480125, 1, 23.132115671003703, 399, 3061334,                                             929373, 3.5251376628875732, 88.00358581542969
4811, -168.2503002434969, 1, 31.318281473999377, 520, 3061854,                                             929893, 3.5164568424224854, 88.33528900146484
4812, -169.07367965579033, 1, 33.94082814399735, 616, 3062470,                                             930509, 3.5173532962799072, 88.00367736816406
4813, -213.38584619760513, 3, 1.7029659040053957, 30, 3062500,                                             930539, 3.3775017261505127, 88.12545776367188
4814, -54.9318163394928, 1, 20.511909378998098, 359, 3062859,                                             930898, 3.4948179721832275, 88.05877685546875
4815, -260.5509778112173, 1, 34.14748210100515, 613, 3063472,                                             931511, 3.5908656120300293, 88.11518859863281
4816, -526.7625827789307, 3, 36.72285316299531, 607, 3064079,                                             932118, 3.5229170322418213, 88.12777709960938
4817, 24.55078972876072, 1, 13.338895057000627, 224, 3064303,                                             932342, 3.508632183074951, 88.03654479980469
4818, -202.01238575577736, 1, 23.322359443001915, 416, 3064719,                                             932758, 3.5690762996673584, 87.96250915527344
4819, -80.7520899772644, 1, 19.699535626998113, 352, 3065071,                                             933110, 3.455411434173584, 87.88774871826172
4820, -576.7462839782238, 4, 49.98884756500047, 861, 3065932,                                             933971, 3.578859806060791, 87.8317642211914
4821, -49.83339923620224, 1, 19.933588221996615, 339, 3066271,                                             934310, 3.5668959617614746, 87.763916015625
4822, -357.7604167163372, 1, 45.97152516600181, 805, 3067076,                                             935115, 3.62345290184021, 87.8775405883789
4823, -71.3641390055418, 1, 21.50569383900438, 387, 3067463,                                             935502, 3.6126043796539307, 87.8069076538086
4824, -775.7241197228432, 4, 49.55522062499949, 805, 3068268,                                             936307, 3.5500547885894775, 87.7467041015625
4825, -68.64084209501743, 1, 23.385592343001917, 378, 3068646,                                             936685, 3.5498173236846924, 87.84603118896484
4826, -98.76375027000904, 1, 23.06670494900027, 396, 3069042,                                             937081, 3.5369904041290283, 87.70515441894531
4827, -608.3498000651598, 3, 45.55763640499936, 780, 3069822,                                             937861, 3.6086957454681396, 87.5882339477539
4828, -50.46390898525715, 1, 22.377635442004248, 363, 3070185,                                             938224, 3.6276748180389404, 87.65123748779297
4829, -529.8618678301573, 3, 40.091742659999, 677, 3070862,                                             938901, 3.5635955333709717, 87.6304931640625
4830, -100.89533504843712, 1, 23.5644995640032, 402, 3071264,                                             939303, 3.4897947311401367, 87.5562744140625
4831, -183.14734506607056, 1, 32.96683401899645, 574, 3071838,                                             939877, 3.6197407245635986, 87.58555603027344
4832, -356.540463835001, 3, 18.141134252000484, 309, 3072147,                                             940186, 3.479534387588501, 87.46891021728516
4833, -47.318965047597885, 1, 19.886604936997173, 346, 3072493,                                             940532, 3.5346791744232178, 87.55843353271484
4834, -512.6214393824339, 2, 33.55738356599613, 572, 3073065,                                             941104, 3.5241775512695312, 87.50163269042969
4835, 19.14860436320305, 1, 13.157615575000818, 222, 3073287,                                             941326, 3.566187620162964, 87.49116516113281
4836, -92.20192736387253, 1, 23.472836367000127, 377, 3073664,                                             941703, 3.535012722015381, 87.31611633300781
4837, -493.7681824117899, 4, 49.362741181001184, 881, 3074545,                                             942584, 3.5643718242645264, 87.41166687011719
4838, -69.1289102435112, 1, 22.77906292999978, 393, 3074938,                                             942977, 3.4931278228759766, 87.50732421875
4839, -110.5484308898449, 1, 17.67416110799968, 300, 3075238,                                             943277, 3.6205391883850098, 87.28704071044922
4840, -29.379565179347992, 1, 18.970779000999755, 318, 3075556,                                             943595, 3.6011698246002197, 87.41143035888672
4841, -1466.871114909649, 4, 49.39564108700142, 881, 3076437,                                             944476, 3.589001417160034, 87.41009521484375
4842, -55.79294663667679, 1, 17.72501507000561, 320, 3076757,                                             944796, 3.4848804473876953, 87.47110748291016
4843, -80.34909757971764, 1, 22.959684083005413, 401, 3077158,                                             945197, 3.6606435775756836, 87.38534545898438
4844, -351.03143215179443, 3, 24.512677177001024, 417, 3077575,                                             945614, 3.543991804122925, 87.55307006835938
4845, -352.56346643716097, 1, 41.93612838399713, 716, 3078291,                                             946330, 3.5188608169555664, 87.40824127197266
4846, -144.63855826854706, 1, 33.95998982900346, 556, 3078847,                                             946886, 3.595985174179077, 87.32218933105469
4847, -98.24914591014385, 1, 26.143920526003058, 469, 3079316,                                             947355, 3.6090972423553467, 87.2685317993164
4848, -238.04413068294525, 3, 1.7211736579993158, 30, 3079346,                                             947385, 3.4869282245635986, 87.3559341430664
4849, 41.51085177063942, 1, 10.241675539997232, 166, 3079512,                                             947551, 3.541219711303711, 87.4490966796875
4850, -118.83060842752457, 1, 24.12496384500264, 403, 3079915,                                             947954, 3.5344605445861816, 87.45140075683594
4851, -416.94166854023933, 3, 30.569601566996425, 502, 3080417,                                             948456, 3.494464635848999, 87.514892578125
4852, -11.961958289146423, 1, 20.362548631004756, 340, 3080757,                                             948796, 3.5013108253479004, 87.19310760498047
4853, -322.81344152987003, 1, 47.723856401993544, 818, 3081575,                                             949614, 3.582301616668701, 87.35907745361328
4854, -150.77685640752316, 1, 22.77637243299978, 397, 3081972,                                             950011, 3.6325793266296387, 87.06239318847656
4855, -364.2959416806698, 3, 24.896712360998208, 438, 3082410,                                             950449, 3.5445492267608643, 87.3956069946289
4856, -60.76470321416855, 1, 21.511482295005408, 384, 3082794,                                             950833, 3.61706280708313, 87.38833618164062
4857, -191.46413189172745, 1, 30.757084647004376, 521, 3083315,                                             951354, 3.618309259414673, 87.37324523925781
4858, -144.0777720361948, 1, 28.913150755004608, 500, 3083815,                                             951854, 3.570039987564087, 87.34168243408203
4859, -347.0971597880125, 3, 23.133776791000855, 407, 3084222,                                             952261, 3.5786232948303223, 87.09432220458984
4860, -197.85179014503956, 1, 28.57040983800107, 504, 3084726,                                             952765, 3.5357439517974854, 87.37317657470703
4861, -239.87424364686012, 1, 41.99301424300211, 755, 3085481,                                             953520, 3.571582078933716, 87.10298919677734
4862, -295.0378325730562, 3, 11.731977668998297, 214, 3085695,                                             953734, 3.63592791557312, 86.9444580078125
4863, -211.41962602734566, 1, 34.95884813400335, 626, 3086321,                                             954360, 3.5721607208251953, 87.13536834716797
4864, -568.5858446061611, 4, 49.93874079499801, 856, 3087177,                                             955216, 3.5295238494873047, 87.03044891357422
4865, 32.66596531867981, 1, 9.742412300998694, 167, 3087344,                                             955383, 3.5543830394744873, 87.28692626953125
4866, -261.1354316920042, 1, 32.51329926300241, 561, 3087905,                                             955944, 3.607656240463257, 87.10440063476562
4867, -221.8123156428337, 3, 5.531631810001272, 92, 3087997,                                             956036, 3.4768311977386475, 87.1775894165039
4868, -105.24451352655888, 1, 22.308959857000445, 381, 3088378,                                             956417, 3.6131584644317627, 87.03374481201172
4869, -345.8880840241909, 2, 19.900536266002746, 345, 3088723,                                             956762, 3.5289862155914307, 86.90460968017578
4870, -206.5633208155632, 1, 35.95673493199865, 599, 3089322,                                             957361, 3.5840988159179688, 86.93370819091797
4871, -228.3084360808134, 1, 36.249110496995854, 620, 3089942,                                             957981, 3.5876846313476562, 87.00367736816406
4872, -298.6480797827244, 1, 41.14035963200149, 705, 3090647,                                             958686, 3.520909070968628, 86.84615325927734
4873, -468.9902273118496, 4, 50.5709648560005, 890, 3091537,                                             959576, 3.5698940753936768, 86.91703033447266
4874, -40.472280859947205, 1, 16.327426770003513, 291, 3091828,                                             959867, 3.537222146987915, 86.82987976074219
4875, -546.8240312337875, 3, 41.56179716099723, 734, 3092562,                                             960601, 3.5826826095581055, 86.95428466796875
4876, -38.13539005815983, 1, 21.309365520995925, 379, 3092941,                                             960980, 3.589733362197876, 86.8204345703125
4877, -480.45926447212696, 4, 50.000733995999326, 877, 3093818,                                             961857, 3.589996099472046, 86.84130096435547
4878, -74.52821137011051, 1, 24.913981990001048, 435, 3094253,                                             962292, 3.506241798400879, 86.84959411621094
4879, -264.4062351882458, 1, 24.321338984002068, 407, 3094660,                                             962699, 3.591475009918213, 86.76995086669922
4880, -247.62511038780212, 3, 2.1078488060011296, 30, 3094690,                                             962729, 3.7274672985076904, 86.51948547363281
4881, 29.58299270272255, 1, 13.197358575998805, 223, 3094913,                                             962952, 3.535149574279785, 86.58586120605469
4882, -107.61536897718906, 1, 26.509815354998864, 433, 3095346,                                             963385, 3.5868723392486572, 86.63848114013672
4883, -190.71322067081928, 1, 32.95287498000107, 573, 3095919,                                             963958, 3.5511629581451416, 86.70553588867188
4884, -327.3589886575937, 1, 39.553941768004734, 700, 3096619,                                             964658, 3.565678596496582, 86.8971939086914
4885, -240.52619513869286, 3, 3.8629427880005096, 63, 3096682,                                             964721, 3.6650590896606445, 86.67259979248047
4886, -42.788723826408386, 1, 18.964962766003737, 338, 3097020,                                             965059, 3.61645770072937, 86.76631164550781
4887, -100.27758832275867, 1, 28.89873548399919, 497, 3097517,                                             965556, 3.589698314666748, 86.70426940917969
4888, -466.1248257011175, 4, 49.76217559399811, 876, 3098393,                                             966432, 3.5238101482391357, 86.59021759033203
4889, -44.58048635721207, 1, 16.565660566004226, 294, 3098687,                                             966726, 3.489135265350342, 86.58411407470703
4890, -509.7100961357355, 3, 44.72437420600181, 637, 3099324,                                             967363, 3.5293190479278564, 86.72161102294922
4891, 66.45831288397312, 1, 8.207486404004158, 83, 3099407,                                             967446, 3.515226125717163, 86.56224060058594
4892, -189.36479617655277, 1, 39.72398630500538, 614, 3100021,                                             968060, 3.4965083599090576, 86.52051544189453
4893, -360.4951265603304, 3, 17.924239291998674, 280, 3100301,                                             968340, 3.6536784172058105, 86.28544616699219
4894, 42.95517873764038, 1, 8.946682089001115, 146, 3100447,                                             968486, 3.554396152496338, 86.66429901123047
4895, -185.04703371226788, 1, 34.10693531099969, 546, 3100993,                                             969032, 3.475750684738159, 86.5865249633789
4896, -510.0263856500387, 1, 43.827700055000605, 703, 3101696,                                             969735, 3.6054604053497314, 86.46106719970703
4897, -103.9532560557127, 1, 25.162163514003623, 436, 3102132,                                             970171, 3.561782121658325, 86.53516387939453
4898, -40.05958253145218, 1, 18.823039255999902, 330, 3102462,                                             970501, 3.532571315765381, 86.49766540527344
4899, -210.5284636169672, 1, 39.349082523003744, 686, 3103148,                                             971187, 3.5802223682403564, 86.3828353881836
4900, -29.35387474298477, 1, 18.916114825005934, 329, 3103477,                                             971516, 3.546732187271118, 86.2255859375
4901, -21.988644987344742, 1, 18.32438523100427, 304, 3103781,                                             971820, 3.545283555984497, 86.3989028930664
4902, -493.6697878688574, 4, 50.644328351001604, 764, 3104545,                                             972584, 3.5713424682617188, 86.43724060058594
4903, -226.78755728900433, 1, 36.783823500001745, 617, 3105162,                                             973201, 3.52236270904541, 86.33245086669922
4904, -209.1802575290203, 1, 41.20336578899878, 663, 3105825,                                             973864, 3.501523494720459, 86.36955261230469
4905, -550.3522709608078, 3, 39.59782756700588, 643, 3106468,                                             974507, 3.511115074157715, 86.33849334716797
4906, 22.064100436866283, 1, 13.55070795899519, 217, 3106685,                                             974724, 3.4431815147399902, 86.2647933959961
4907, -188.0244409441948, 1, 27.965269712003646, 454, 3107139,                                             975178, 3.511160135269165, 86.0843505859375
4908, -160.87035989761353, 1, 32.32465585399768, 541, 3107680,                                             975719, 3.5147881507873535, 86.17520904541016
4909, -54.62365114688873, 1, 13.506050001000403, 217, 3107897,                                             975936, 3.441312789916992, 86.2862548828125
4910, -321.5910984426737, 3, 17.560465736001788, 297, 3108194,                                             976233, 3.503272771835327, 86.20437622070312
4911, -242.1015017926693, 1, 39.30912683600036, 669, 3108863,                                             976902, 3.504584312438965, 86.09242248535156
4912, -203.06037892401218, 1, 40.172415569002624, 679, 3109542,                                             977581, 3.5326828956604004, 86.20796966552734
4913, -83.8497908115387, 1, 18.893760572995234, 301, 3109843,                                             977882, 3.4175775051116943, 86.06128692626953
4914, -207.10023294389248, 1, 40.176740101996984, 665, 3110508,                                             978547, 3.467195510864258, 86.03845977783203
4915, 4.819768473505974, 1, 14.936685183994996, 248, 3110756,                                             978795, 3.5568699836730957, 86.11654663085938
4916, -219.96916948258877, 1, 38.51864526999998, 640, 3111396,                                             979435, 3.508924961090088, 86.01759338378906
4917, -38.654665410518646, 1, 13.732384720999107, 236, 3111632,                                             979671, 3.518369197845459, 86.06626892089844
4918, -518.7468483895063, 4, 50.153568608999194, 800, 3112432,                                             980471, 3.4961111545562744, 85.92152404785156
4919, -33.233772695064545, 1, 19.34792398999707, 308, 3112740,                                             980779, 3.4454004764556885, 85.94279479980469
4920, -89.82178328931332, 1, 24.08509168599994, 404, 3113144,                                             981183, 3.413905382156372, 86.03971862792969
4921, -253.53982555866241, 1, 43.09223647500039, 687, 3113831,                                             981870, 3.49830961227417, 85.98863983154297
4922, -234.33314448595047, 1, 35.9091160809985, 618, 3114449,                                             982488, 3.515011787414551, 85.97276306152344
4923, -158.00455357134342, 1, 24.380587286002992, 403, 3114852,                                             982891, 3.4667553901672363, 85.890380859375
4924, -60.94560091197491, 1, 22.6953763920028, 378, 3115230,                                             983269, 3.4891374111175537, 85.97897338867188
4925, -169.21202655136585, 1, 24.519104391998553, 400, 3115630,                                             983669, 3.5316007137298584, 85.76248168945312
4926, -137.35653556883335, 1, 12.934700180994696, 214, 3115844,                                             983883, 3.3579330444335938, 85.89544677734375
4927, -156.94808773696423, 1, 34.91350497100211, 608, 3116452,                                             984491, 3.523719072341919, 85.9471206665039
4928, -866.493021056056, 4, 49.602132976004214, 814, 3117266,                                             985305, 3.4814937114715576, 85.93501281738281
4929, -53.77873983979225, 1, 16.11592641199968, 276, 3117542,                                             985581, 3.499432325363159, 85.6915283203125
4930, -566.0352212637663, 3, 44.921277731999, 713, 3118255,                                             986294, 3.5324771404266357, 85.8634033203125
4931, -78.13746753334999, 1, 21.064406326993776, 355, 3118610,                                             986649, 3.550201177597046, 85.84255981445312
4932, -597.7852640300989, 4, 49.62350634299946, 836, 3119446,                                             987485, 3.5995631217956543, 85.91285705566406
4933, 21.03361327946186, 1, 10.877739464995102, 184, 3119630,                                             987669, 3.4942595958709717, 85.70993041992188
4934, -447.2771621644497, 4, 49.94386670499807, 844, 3120474,                                             988513, 3.5422146320343018, 85.71405792236328
4935, -72.33683559298515, 1, 23.16374257899588, 393, 3120867,                                             988906, 3.582141876220703, 85.66118621826172
4936, -20.566690549254417, 1, 17.941628153996135, 315, 3121182,                                             989221, 3.5736212730407715, 85.71402740478516
4937, -25.064580976963043, 1, 17.668398801004514, 297, 3121479,                                             989518, 3.430065155029297, 85.81269073486328
4938, -428.73451037704945, 4, 49.55597600300098, 865, 3122344,                                             990383, 3.5019335746765137, 85.6031723022461
4939, -98.91690602898598, 1, 17.961477297001693, 304, 3122648,                                             990687, 3.474074602127075, 85.64192199707031
4940, -201.51941104233265, 1, 39.13903401599964, 644, 3123292,                                             991331, 3.4997129440307617, 85.55670928955078
4941, -116.36052837967873, 1, 25.044466587001807, 434, 3123726,                                             991765, 3.4384751319885254, 85.6686019897461
4942, -229.92270673811436, 1, 43.71026382900163, 712, 3124438,                                             992477, 3.449167251586914, 85.52678680419922
4943, -227.3606843650341, 3, 4.125993493995338, 59, 3124497,                                             992536, 3.4419233798980713, 85.57501220703125
4944, -73.73526202142239, 1, 26.72625883800356, 452, 3124949,                                             992988, 3.4423394203186035, 85.52293395996094
4945, -437.6515389829874, 4, 50.38047065599676, 779, 3125728,                                             993767, 3.492332696914673, 85.41077423095703
4946, -169.01552999019623, 1, 31.728240941003605, 507, 3126235,                                             994274, 3.5127716064453125, 85.34654235839844
4947, -685.2530636489391, 4, 49.96281048699893, 834, 3127069,                                             995108, 3.4938158988952637, 85.49140930175781
4948, -134.02540250122547, 1, 29.930679973003862, 505, 3127574,                                             995613, 3.4661366939544678, 85.19982147216797
4949, -106.9338257163763, 1, 26.72480229199573, 442, 3128016,                                             996055, 3.4503817558288574, 85.03885650634766
4950, -175.3681618720293, 1, 25.38146321500244, 429, 3128445,                                             996484, 3.421921968460083, 85.19195556640625
4951, -626.2401334196329, 4, 50.25458625999454, 862, 3129307,                                             997346, 3.432523488998413, 85.1925048828125
4952, -586.3102839589119, 4, 49.78660817399941, 862, 3130169,                                             998208, 3.4159421920776367, 85.06280517578125
4953, -230.0948066264391, 1, 37.96197314099845, 657, 3130826,                                             998865, 3.4795219898223877, 85.14700317382812
4954, -448.7092597782612, 3, 15.933725142000185, 269, 3131095,                                             999134, 3.3795337677001953, 84.97837829589844
4955, -27.43830958008766, 1, 22.909271484000783, 395, 3131490,                                             999529, 3.449425458908081, 84.88715362548828
4956, -555.5096720159054, 3, 41.17237546799879, 704, 3132194,                                             1000000, 3.478083848953247, 85.00537109375
4957, -254.79846806824207, 1, 37.14756937800121, 643, 3132837,                                             1000000, 3.434190273284912, 84.87394714355469
4958, -88.35999643802643, 1, 19.973883835999004, 334, 3133171,                                             1000000, 3.5089194774627686, 85.11878967285156
4959, -550.2077386677265, 4, 49.72375184499833, 836, 3134007,                                             1000000, 3.45926833152771, 85.01819610595703
4960, -182.3746273368597, 1, 34.36430205299985, 586, 3134593,                                             1000000, 3.4651193618774414, 84.87741088867188
4961, -240.69488771259785, 1, 38.91200908800238, 667, 3135260,                                             1000000, 3.4212937355041504, 84.88040161132812
4962, -136.05580255389214, 1, 27.52858196300076, 473, 3135733,                                             1000000, 3.418893337249756, 85.02571868896484
4963, -502.7656057327986, 4, 48.76009994500055, 841, 3136574,                                             1000000, 3.4828617572784424, 84.9118881225586
4964, -233.28293174505234, 1, 36.95611281099991, 634, 3137208,                                             1000000, 3.459488868713379, 84.8857650756836
4965, -75.05769735574722, 1, 19.75406666300114, 341, 3137549,                                             1000000, 3.532231330871582, 85.03434753417969
4966, -55.26524004340172, 1, 17.899245828004496, 310, 3137859,                                             1000000, 3.5799777507781982, 84.9092788696289
4967, 7.098033770918846, 1, 14.941943869998795, 255, 3138114,                                             1000000, 3.5566861629486084, 84.65572357177734
4968, -7.685173347592354, 1, 16.47090623799886, 283, 3138397,                                             1000000, 3.5152268409729004, 85.05255126953125
4969, -31.835187643766403, 1, 20.724435087999154, 349, 3138746,                                             1000000, 3.370842933654785, 84.89193725585938
4970, -81.21664600074291, 1, 23.959670224001457, 400, 3139146,                                             1000000, 3.5089821815490723, 84.58291625976562
4971, -460.5347126573324, 3, 19.080517998001596, 325, 3139471,                                             1000000, 3.490363121032715, 84.98389434814453
4972, -502.58928737044334, 4, 49.717210691997025, 839, 3140310,                                             1000000, 3.4555299282073975, 84.7783432006836
4973, -69.41901525855064, 1, 28.375595698002144, 374, 3140684,                                             1000000, 3.454693555831909, 84.68115997314453
4974, -249.05917598307133, 1, 21.759520824998617, 306, 3140990,                                             1000000, 3.5030062198638916, 84.807861328125
4975, -64.90208840370178, 5, 2.528123902004154, 30, 3141020,                                             1000000, 3.4211642742156982, 84.77784729003906
4976, -20.038953974843025, 1, 21.629962234997947, 291, 3141311,                                             1000000, 3.4354023933410645, 84.76248931884766
4977, -361.563220128417, 1, 48.43694774799951, 796, 3142107,                                             1000000, 3.470743417739868, 84.55516052246094
4978, -666.1986552923918, 4, 49.907651708999765, 854, 3142961,                                             1000000, 3.455092191696167, 84.55302429199219
4979, -29.894200891256332, 1, 17.71497150600044, 302, 3143263,                                             1000000, 3.522822380065918, 84.51229095458984
4980, -290.0623963177204, 1, 41.56472381300409, 718, 3143981,                                             1000000, 3.436065196990967, 84.61286163330078
4981, -307.64725165069103, 1, 46.8567698820043, 786, 3144767,                                             1000000, 3.5672812461853027, 84.42293548583984
4982, -501.13104920089245, 4, 50.40068792000238, 800, 3145567,                                             1000000, 3.450284719467163, 84.40031433105469
4983, -479.50446024537086, 4, 49.349015166000754, 692, 3146259,                                             1000000, 3.4708194732666016, 84.34613037109375
4984, 24.170235618948936, 1, 13.349594314997375, 225, 3146484,                                             1000000, 3.459069013595581, 84.10431671142578
4985, -350.2669298648834, 1, 30.305858380001155, 517, 3147001,                                             1000000, 3.5525882244110107, 84.12476348876953
4986, -244.42727527022362, 3, 4.329633800996817, 74, 3147075,                                             1000000, 3.44516921043396, 84.23111724853516
4987, -554.3350563496351, 4, 49.52766533399699, 847, 3147922,                                             1000000, 3.481194257736206, 84.08272552490234
4988, 24.56540885567665, 1, 12.951708626002073, 219, 3148141,                                             1000000, 3.483227491378784, 84.0510482788086
4989, -105.17082105576992, 1, 25.09474841300107, 430, 3148571,                                             1000000, 3.432340383529663, 83.99723052978516
4990, -44.702385663986206, 1, 20.91804892499931, 361, 3148932,                                             1000000, 3.5403051376342773, 84.05550384521484
4991, -100.70126831531525, 1, 19.752220923001005, 335, 3149267,                                             1000000, 3.486013174057007, 83.9848861694336
4992, -596.343270495534, 4, 49.338736901998345, 810, 3150077,                                             1000000, 3.452937602996826, 83.92741394042969
4993, 22.87648007273674, 1, 11.142988464001974, 189, 3150266,                                             1000000, 3.4900596141815186, 83.98851013183594
4994, -4.506839022040367, 1, 17.089255279999634, 283, 3150549,                                             1000000, 3.3937668800354004, 83.7247543334961
4995, -291.6756335645914, 1, 42.5749184640008, 723, 3151272,                                             1000000, 3.490323781967163, 83.90586853027344
4996, -526.9756650626659, 3, 33.149282764003146, 512, 3151784,                                             1000000, 3.468956708908081, 83.88677215576172
4997, -51.21098606288433, 1, 23.311705945998256, 359, 3152143,                                             1000000, 3.4854934215545654, 83.84204864501953
4998, -31.39777873456478, 1, 12.534442333999323, 210, 3152353,                                             1000000, 3.4497039318084717, 83.96927642822266
4999, -14.854053914546967, 1, 17.49045166400174, 290, 3152643,                                             1000000, 3.500842571258545, 83.76854705810547
5000, -124.99562045931816, 1, 22.10248937599681, 326, 3152969,                                             1000000, 3.4603703022003174, 83.71410369873047
5001, -99.02338586747646, 1, 14.045913335998193, 224, 3153193,                                             1000000, 3.543854236602783, 83.72110748291016
5002, -3.3098978996276855, 1, 18.56173468199995, 266, 3153459,                                             1000000, 3.458057165145874, 83.74462890625
5003, -114.53686597943306, 1, 30.715517419994285, 475, 3153934,                                             1000000, 3.5545754432678223, 83.98770904541016
5004, -165.2702580988407, 1, 28.735151182001573, 488, 3154422,                                             1000000, 3.5083396434783936, 83.81497192382812
5005, -176.71216243505478, 1, 31.91793102199881, 525, 3154947,                                             1000000, 3.531411647796631, 83.64190673828125
5006, -71.33694551885128, 1, 23.557663922998472, 376, 3155323,                                             1000000, 3.4856009483337402, 83.6444320678711
5007, -261.51994620263577, 1, 43.331084689998534, 702, 3156025,                                             1000000, 3.5466043949127197, 83.74591827392578
5008, -573.6989037841558, 4, 49.57207486500556, 835, 3156860,                                             1000000, 3.4914631843566895, 83.51802825927734
5009, -228.80119442939758, 1, 39.76093812399631, 631, 3157491,                                             1000000, 3.45890736579895, 83.53275299072266
